电影ID,电影链接,电影名称,导演,编剧,主演,类型,制片国家/地区,语言,上映日期,片长,又名,IMDb,豆瓣评分,评价人数,5星,4星
10522066,https://movie.douban.com/subject/10522066/,待绽蔷薇 Starlet (2012),肖恩·贝克,肖恩·贝克 / 克里斯·贝格齐,德丽·海明威 / 贝塞德卡·约翰森 / 布尼 / 斯黛拉·麦薇 / 詹姆斯·兰索恩 / 更多...,剧情 / 情色,美国 / 英国,英语,2012-03-11(西南偏南电影节) / 2012-11-09(美国),103分钟,小明星(港/台) / 明日女优 / 小星星,tt2035630,7.5,13544,17.5%,44.2%
10533913,https://movie.douban.com/subject/10533913/,头脑特工队 Inside Out (2015),彼特·道格特 / 罗纳尔多·德尔·卡门,彼特·道格特 / 罗纳尔多·德尔·卡门 / 梅格·勒福夫 / 乔什·库雷 / 迈克尔·阿恩特 / 更多...,艾米·波勒 / 菲利丝·史密斯 / 理查德·坎德 / 比尔·哈德尔 / 刘易斯·布莱克 / 更多...,喜剧 / 动画 / 冒险,美国,英语,2015-10-06(中国大陆) / 2015-05-18(戛纳电影节) / 2015-06-19(美国),95分钟,玩转脑朋友(港) / 脑筋急转弯(台) / 头脑大作战 / 大脑环游记 / 脑中小小人 / 大脑内外 / 由内而外 / 头脑总动员,tt2096673,8.8,812838,53.9%,35.7%
10535562,https://movie.douban.com/subject/10535562/,突袭2：暴徒 The Raid 2: Berandal (2014),加雷斯·埃文斯,加雷斯·埃文斯,伊科·乌艾斯 / 朱莉·埃斯特尔 / 雅彦·鲁伊安 / 阿里芬·普特拉 / 唐尼·阿兰西亚 / 更多...,剧情 / 动作 / 犯罪,印度尼西亚 / 美国,印度尼西亚语 / 日语 / 英语 / 阿拉伯语,2014-01-21(圣丹斯电影节) / 2014-03-28(美国) / 2014-03(印尼),150分钟,全面突袭2 / 全面突袭2：拳力进击(台) / 突击死亡塔2：黑金任务(港) / 突袭2 / The Raid 2,tt2265171,8.1,78609,32.0%,45.2%
10535568,https://movie.douban.com/subject/10535568/,阿黛尔的生活 La Vie d'Adèle (2013),阿布戴·柯西胥,阿布戴·柯西胥 / 茱莉·马罗 / 加利亚·拉克鲁瓦,阿黛尔·艾克萨勒霍布洛斯 / 蕾雅·赛杜 / 萨利姆·克希乌什 / 杰里米·拉赫特 / 卡特琳·萨雷 / 更多...,剧情 / 爱情 / 同性,法国 / 比利时 / 西班牙,法语 / 英语,2013-05-23(戛纳电影节) / 2013-10-09(法国/比利时),179分钟,接近无限温暖的蓝(港) / 蓝色是最温暖的颜色(台) / 火热蓝色 / 阿黛儿的一生：第一、二章 / Adele: Chapters 1 & 2 / Blue Is the Warmest Color,tt2278871,8.4,285319,37.6%,44.5%
10537853,https://movie.douban.com/subject/10537853/,万箭穿心 (2012),王竞,吴楠,颜丙燕 / 陈刚 / 焦刚 / 李现 / 赵倩 / 更多...,剧情 / 家庭,中国大陆,汉语普通话 / 武汉方言,2012-11-16(中国大陆),118分钟,风水 / Feng Shui,tt2513344,8.6,286359,44.7%,44.2%
10543907,https://movie.douban.com/subject/10543907/,亨利五世 Henry V (2012),西娅·夏罗克,威廉·莎士比亚,汤姆·希德勒斯顿 / 朱丽·沃特斯 / 约翰·赫特 / 理查德·格雷弗斯 / 梅兰尼·蒂埃里 / 更多...,剧情 / 历史 / 战争,英国,英语,2012-07-21(英国),132分钟,空王冠4 / 虚妄之冠：亨利五世 / The Hollow Crown 4,tt2150275,8.7,11302,49.2%,38.7%
10545939,https://movie.douban.com/subject/10545939/,黄金时代 (2014),许鞍华,李樯,汤唯 / 冯绍峰 / 王志文 / 朱亚文 / 黄轩 / 更多...,剧情 / 爱情 / 传记,中国大陆 / 中国香港,汉语普通话 / 粤语 / 上海话 / 武汉话 / 四川话 / 俄语 / 日语,2014-10-01(中国大陆/中国香港) / 2014-09-06(威尼斯电影节),179分钟,穿过爱情的漫长旅程 / 萧红传 / The Golden Era,tt3696086,7.4,198847,17.0%,42.6%
10546436,https://movie.douban.com/subject/10546436/,第一滴血5：最后的血 Rambo: Last Blood (2019),阿德里安·格鲁伯格,马修·西鲁尼克 / 西尔维斯特·史泰龙 / 丹·戈登 / 大卫·莫瑞尔,西尔维斯特·史泰龙 / 帕斯·贝加 / 塞尔吉奥·佩里斯-门切塔 / 阿德里安娜·巴拉萨 / 维特·蒙雷尔 / 更多...,动作 / 惊悚 / 冒险,美国 / 西班牙 / 保加利亚,英语 / 西班牙语,2019-09-18(印度尼西亚) / 2019-09-20(美国) / 2019-09-27(西班牙),89分钟 / 101分钟,第一滴血：终极血战(港) / 蓝波：最后一滴血(台) / 第一滴血5 / 兰博5：最后一滴血 / 第一滴血：最后一战 / Rambo V / Rambo 5 / Rambo 5: Last Blood / Rambo V: Last Blood,tt1206885,7.6,55485,22.6%,41.2%
10558405,https://movie.douban.com/subject/10558405/,古畑任三郎完结篇 重生之死 古畑任三郎ファイナル 今、甦る死 (2006),星护,三谷幸喜,田村正和 / 西村雅彦 / 石井正则 / 石坂浩二 / 藤原竜也 / 更多...,悬疑 / 犯罪,日本,日语,2006-01-03(日本),105分钟,古畑任三郎之复苏之死,tt21443642,9,12114,61.1%,30.9%
10561911,https://movie.douban.com/subject/10561911/,时光钟摆 振り子 (2012),鉄拳,未知,未知,剧情 / 动画 / 短片,日本,无对白,2012-03-20,4分56秒,钟摆,tt4735456,8.6,10515,47.8%,37.3%
10569151,https://movie.douban.com/subject/10569151/,剧场版魔法少女小圆 新篇 叛逆的故事 劇場版 魔法少女まどか☆マギカ [新編] 叛逆の物語 (2013),宫本幸裕 / 新房昭之,虚渊玄,悠木碧 / 斋藤千和 / 水桥香织 / 喜多村英梨 / 加藤英美里 / 更多...,动画,日本,日语,2013-10-26(日本),116分钟,Puella Magi Madoka Magica the Movie: Rebellion,tt2457282,9.3,27523,72.6%,21.0%
10571509,https://movie.douban.com/subject/10571509/,如父如子 そして父になる (2013),是枝裕和,是枝裕和,福山雅治 / 尾野真千子 / 真木阳子 / 中川雅也 / 风吹淳 / 更多...,剧情 / 家庭,日本,日语,2024-12-06(中国大陆) / 2013-09-28(日本),120分钟,"谁调换了我的父亲(港) / 我的意外爸爸(台) / 有其父必有其子 / 然后变成爸爸 / Like Father, Like Son / Tel Père, Tel Fils / Soshite Chichi Ni Naru",tt2331143,8.7,197352,45.3%,45.5%
10574468,https://movie.douban.com/subject/10574468/,北京遇上西雅图 (2013),薛晓路,薛晓路,汤唯 / 吴秀波 / 海清 / 宋美曼 / 宋美慧 / 更多...,喜剧 / 爱情,中国大陆 / 中国香港,汉语普通话 / 英语 / 闽南语,2013-03-21(中国大陆) / 2016-03-29(重映),123分钟,美丽有缘 / 情定西雅图 / Finding Mr. Right / Anchoring in Seattle,tt2169322,7.3,613976,15.1%,41.7%
10574622,https://movie.douban.com/subject/10574622/,人再囧途之泰囧 (2012),徐峥,徐峥 / 丁丁 / 束焕,徐峥 / 王宝强 / 黄渤 / 陶虹 / 谢楠 / 更多...,喜剧,中国大陆,汉语普通话 / 英语 / 泰语,2012-12-12(中国大陆),105分钟,泰囧 / 人在囧途2 / Lost in Thailand,tt2459022,7.5,832672,19.1%,43.3%
10576419,https://movie.douban.com/subject/10576419/,蓝色茉莉 Blue Jasmine (2013),伍迪·艾伦,伍迪·艾伦,凯特·布兰切特 / 莎莉·霍金斯 / 亚历克·鲍德温 / 安德鲁·戴斯·克雷 / 鲍比·坎纳瓦尔 / 更多...,剧情 / 家庭,美国,英语,2013-08-23(美国),98分钟,蓝色茱莉(台) / 情迷蓝茉莉(港) / 蓝茉莉,tt2334873,8,169561,24.5%,54.6%
10569150,https://movie.douban.com/subject/10569150/,剧场版魔法少女小圆 后篇 永远的故事 劇場版 魔法少女まどか☆マギカ [後編] 永遠の物語 (2012),新房昭之 / 宫本幸裕,虚渊玄,悠木碧 / 斋藤千和 / 水桥香织 / 喜多村英梨 / 加藤英美里 / 野中蓝 / 新谷良子 / 后藤邑子 / 岩永哲哉 / 岩男润子 / 吉田圣子 / 松本大 / 松冈祯丞 / 梅津秀行 / 大久保瑠美 / 松嵜丽 / 佐仓绫音,动画 / 悬疑 / 惊悚 / 奇幻,日本,日语,2012-10-27(中国香港) / 2012-10-13(日本),109分钟(日本),Puella Magi Madoka Magica the Movie: Eternal,tt2194724,9.2,9221,70.4%,23.1%
10577869,https://movie.douban.com/subject/10577869/,时空恋旅人 About Time (2013),理查德·柯蒂斯,理查德·柯蒂斯,多姆纳尔·格里森 / 瑞秋·麦克亚当斯 / 比尔·奈伊 / 莉迪亚·威尔逊 / 琳赛·邓肯 / 更多...,喜剧 / 爱情 / 奇幻,英国 / 美国,英语,2013-09-04(英国),123分钟,回到最爱的一天(港) / 真爱每一天(台) / 时空旅恋人 / 时空旅的恋人,tt2194499,8.8,799272,52.8%,36.2%
10594965,https://movie.douban.com/subject/10594965/,实习生 The Intern (2015),南希·迈耶斯,南希·迈耶斯,罗伯特·德尼罗 / 安妮·海瑟薇 / 蕾妮·罗素 / 安德斯·霍尔姆 / 乔乔·库什纳 / 更多...,喜剧,美国,英语,2015-09-25(美国),121分钟,高年级实习生(台) / 见习冇限耆(港),tt2361509,8,365061,27.4%,49.3%
10598440,https://movie.douban.com/subject/10598440/,空中营救 Non-Stop (2014),佐米·希尔拉,约翰·W·理查森 / 克里斯托弗·罗奇 / 瑞安·恩格尔,连姆·尼森 / 朱丽安·摩尔 / 斯科特·麦克纳里 / 米歇尔·道克瑞 / 内特·派克 / 更多...,动作 / 悬疑 / 惊悚 / 灾难,英国 / 法国 / 美国,英语 / 德语,2014-09-19(中国大陆) / 2014-01-27(巴黎首映) / 2014-02-28(美国),106分钟,急速天劫 / 直航杀机(港) / 空中救援(台) / 永不停歇 / 极速天劫,tt2024469,7.6,154299,15.0%,51.1%
10604086,https://movie.douban.com/subject/10604086/,封神第一部：朝歌风云 (2023),乌尔善,冉平 / 冉甲男 / 乌尔善 / 曹昇,费翔 / 李雪健 / 黄渤 / 于适 / 陈牧驰 / 更多...,动作 / 战争 / 奇幻 / 古装,中国大陆,汉语普通话,2023-07-20(中国大陆) / 2023-07-15(大规模点映),148分钟,封神第一部 / 封神三部曲1 / 封神演义系列·龙之战 / 封神三部曲之妖乱国殇 / Creation of the Gods Ⅰ: Kingdom of Storms / Creation of the Gods Ⅰ,tt6979756,7.7,1291977,26.7%,41.5%
10608242,https://movie.douban.com/subject/10608242/,女尸谜案 El cuerpo (2012),奥里奥尔·保罗,奥里奥尔·保罗 / 拉拉·森迪姆,何塞·科罗纳多 / 乌戈·席尔瓦 / 贝伦·鲁埃达 / 奥拉·加里多 / 胡安·巴勃罗·舒克 / 更多...,悬疑 / 惊悚 / 犯罪,西班牙,西班牙语,2012-12-21(西班牙),111分钟,尸物招领(台) / 尸体 / The Body,tt1937149,7.6,55314,17.2%,49.8%
10617158,https://movie.douban.com/subject/10617158/,纸人 Paperman (2012),约翰·卡尔斯,克莱奥·蒋 / 肯德勒·霍耶,约翰·卡尔斯 / 杰夫·特里 / 凯瑞·华格伦,喜剧 / 爱情 / 动画 / 短片,美国,英语,2012-11-02(美国),7分钟,纸上谈情 / Im Flug erobert / O Rapaz do Papel / Paperirakkautta,tt2388725,8.1,74659,32.5%,44.0%
10617175,https://movie.douban.com/subject/10617175/,新鲜鳄梨酱 Fresh Guacamole (2012),亚当·派瑟帕恩,亚当·派瑟帕恩,未知,动画 / 短片,美国,无对白,2012-03-02(洛杉矶首映),1分45秒,鳄梨色拉,tt2309977,8,15658,29.8%,44.8%
10727641,https://movie.douban.com/subject/10727641/,碟中谍5：神秘国度 Mission: Impossible - Rogue Nation (2015),克里斯托弗·麦奎里,克里斯托弗·麦奎里 / 德鲁·皮尔斯 / 布鲁斯·盖勒,汤姆·克鲁斯 / 杰瑞米·雷纳 / 丽贝卡·弗格森 / 西蒙·佩吉 / 文·瑞姆斯 / 更多...,动作 / 惊悚 / 冒险,美国 / 中国大陆 / 奥地利 / 英国 / 摩洛哥,英语 / 瑞典语 / 德语,2015-09-08(中国大陆) / 2015-07-31(美国),131分钟,碟中谍5 / 职业特工队：叛逆帝国(港) / 不可能的任务：失控国度(台) / 碟中谍：失控国度 / Mission: Impossible 5 / M:i 5,tt2381249,7.9,354481,22.5%,52.3%
10733376,https://movie.douban.com/subject/10733376/,逆光飞翔 逆光飛翔 (2012),张荣吉,李念修,张榕容 / 黄裕翔 / 李烈 / 许芳宜 / 柯淑勤 / 更多...,剧情 / 爱情,中国台湾,汉语普通话,2013-06-08(中国大陆) / 2012-09-21(中国台湾),107分钟(中国大陆) / 110分钟(台湾),Touch of the Light,tt2368920,8.2,94429,30.2%,49.1%
10741220,https://movie.douban.com/subject/10741220/,布鲁克林 Brooklyn (2015),约翰·克劳利,尼克·霍恩比 / 科尔姆·托宾,西尔莎·罗南 / 多姆纳尔·格里森 / 艾莫里·科恩 / 吉姆·布劳德本特 / 朱丽·沃特斯 / 更多...,剧情 / 爱情,英国 / 加拿大 / 爱尔兰,英语 / 拉丁语,2015-01-26(圣丹斯电影节) / 2015-11-06(爱尔兰/英国),111分钟(英国),布鲁克林之恋(港) / 爱在他乡(台),tt2381111,7.9,138009,23.1%,51.3%
10583098,https://movie.douban.com/subject/10583098/,十二怒汉（电视版） Studio One: Twelve Angry Men (1954),富兰克林·沙夫纳,雷金纳德·罗斯,罗伯特·卡明斯 / 法兰奇·汤恩 / 爱德华·阿诺德 / 保罗·哈特曼 / 约翰·贝尔 / 更多...,剧情 / 悬疑 / 犯罪,美国,英语,1954-09-20(美国),52分钟,,tt0122737,9.5,28758,76.9%,19.5%
10741643,https://movie.douban.com/subject/10741643/,我的个神啊 PK (2014),拉吉库马尔·希拉尼,拉吉库马尔·希拉尼 / 阿希贾特·乔希,阿米尔·汗 / 安努舒卡·莎玛 / 桑杰·达特 / 博曼·伊拉尼 / 沙鲁巴·舒克拉 / 更多...,喜剧 / 奇幻,印度,印地语 / 英语 / 乌尔都语,2015-05-22(中国大陆) / 2014-12-19(印度),139分钟(中国大陆) / 153分钟(印度),外星醉汉PK地球神 / 来自星星的傻瓜PK(台) / Peekay / P.K.,tt2338151,8.4,385171,39.0%,45.6%
10741871,https://movie.douban.com/subject/10741871/,地球之盐 Le sel de la Terre (2014),维姆·文德斯 / 朱利安·诺里贝罗·萨尔加多,维姆·文德斯 / 朱利安·诺里贝罗·萨尔加多 / 戴维·罗西尔 / Camille Delafon,塞巴斯蒂昂·萨尔加多 / 维姆·文德斯 / 朱利安·诺里贝罗·萨尔加多 / Lélia Wanick Salgado,纪录片 / 传记,法国 / 意大利 / 巴西,法语 / 英语 / 葡萄牙语,2014-10-15(法国),110分钟,萨尔加多的凝视(台) / 大地之盐 / 地上的盐 / The Salt of the Earth,tt3674140,9.3,44723,71.9%,23.5%
10745405,https://movie.douban.com/subject/10745405/,冒牌家庭 We're the Millers (2013),罗森·马歇尔·瑟伯,鲍勃·费希尔 / 史蒂夫·法贝尔 / 西恩·安德斯 / 约翰·莫里斯,詹妮弗·安妮斯顿 / 杰森·苏戴奇斯 / 威尔·保尔特 / 艾玛·罗伯茨 / 艾德·赫尔姆斯 / 更多...,喜剧,美国,英语,2013-08-07(美国),110分钟 / 118分钟(加长版),名瞒戆族(港) / 全家就是米家(台) / 米勒一家,tt1723121,7.5,83390,16.7%,45.4%
10746175,https://movie.douban.com/subject/10746175/,惊天危机 White House Down (2013),罗兰·艾默里奇,詹姆斯·范德比尔特,查宁·塔图姆 / 杰米·福克斯 / 玛吉·吉伦哈尔 / 杰森·克拉克 / 理查德·詹金斯 / 更多...,动作 / 灾难,美国,英语,2013-07-22(中国大陆) / 2013-06-28(美国),132分钟(中国大陆) / 131分钟(美国),白宫末日(台) / 白宫坠落,tt2334879,7.3,134509,13.2%,44.6%
10746430,https://movie.douban.com/subject/10746430/,阿修罗 アシュラ (2012),佐藤敬一,高桥郁子,野泽雅子 / 林原惠美 / 玄田哲章 / 平田广明 / 岛田敏 / 更多...,动画 / 恐怖 / 历史,日本,日语,2012-06-18(上海电影节) / 2012-09-29(日本),76分钟,Asura,tt2328505,8.2,26971,33.3%,46.1%
10747804,https://movie.douban.com/subject/10747804/,头朝下的生活 Head Over Heels (2012),蒂莫西·锐科特,蒂莫西·锐科特,奈杰尔·安东尼 / 鲁思·拉贾·麦克考尔,喜剧 / 动画 / 短片,英国,英语,2012-05-24(戛纳电影节) / 2013-02-06(美国),11分钟,,tt2391009,8.3,18904,32.1%,50.8%
10748226,https://movie.douban.com/subject/10748226/,人生七年8 56 Up (2012),迈克尔·艾普特 / 保罗·阿尔蒙德,未知,迈克尔·艾普特 / Bruce Balden / Jacqueline Bassett / Symon Basterfield,纪录片,英国,英语,2012-05-14(英国),144分钟,人生七载之当我五十六 / 56岁起 / 人生七年第八季,tt2147134,9.4,18437,73.3%,23.2%
10754780,https://movie.douban.com/subject/10754780/,无人引航 Rudderless (2014),威廉·H·梅西,威廉·H·梅西 / 杰夫·罗比逊 / 凯西·特温特,比利·克鲁德普 / 安东·叶利钦 / 菲丽西提·霍夫曼 / 威廉·H·梅西 / 迈尔斯·赫尔泽 / 赛琳娜·戈麦斯 / 劳伦斯·菲什伯恩 / 郑智麟,剧情 / 音乐,美国,英语,2014-10-17(美国),105分钟,生命没有归处(台) / 无人指导,tt1798243,8.1,21646,27.3%,52.0%
10755367,https://movie.douban.com/subject/10755367/,寂静人生 Still Life (2013),乌贝托·帕索里尼,乌贝托·帕索里尼,埃迪·马森 / 琼安·弗洛加特 / 安德鲁·巴肯 / 迈克尔·埃尔金 / 保罗·安德森 / 更多...,剧情,英国 / 意大利,英语,2013-09-03(威尼斯电影节),92分钟,继续活着 / 无人出席的告別式,tt2395417,9,81872,58.6%,34.4%
10756537,https://movie.douban.com/subject/10756537/,杀死比尔：整个血腥事件 Kill Bill: The Whole Bloody Affair (2006),昆汀·塔伦蒂诺,昆汀·塔伦蒂诺 / 乌玛·瑟曼,乌玛·瑟曼 / 刘玉玲 / 薇薇卡·福克斯 / 迈克尔·马德森 / 达丽尔·汉纳 / 更多...,动作 / 犯罪,美国,英语,2006-05(戛纳电影节) / 2011-03-27(美国),275分钟,追杀比尔：完全血腥事件(台) / 标杀令：终极血腥版(港) / 追杀比尔：整个血腥事件 / 标杀令：整个血腥事件 / 杀死比尔：血腥合集,tt6019206,8.7,56711,49.8%,39.3%
10757577,https://movie.douban.com/subject/10757577/,卡罗尔 Carol (2015),托德·海因斯,菲丽丝·奈吉 / 帕特里西亚·海史密斯,凯特·布兰切特 / 鲁妮·玛拉 / 凯尔·钱德勒 / 杰克·莱西 / 莎拉·保罗森 / 更多...,剧情 / 爱情 / 同性,英国 / 美国,英语,2015-05-17(戛纳电影节) / 2015-11-27(英国) / 2016-01-15(美国),118分钟,因为爱你(台) / 卡露的情人(港) / 卡萝尔 / 盐的代价 / The Price of Salt,tt2402927,8.4,313553,39.1%,44.0%
10757823,https://movie.douban.com/subject/10757823/,豪斯医生完季特别篇：天鹅挽歌 House: Swan Song (2012),Matthew Fife,Chad Callner,休·劳瑞 / 欧玛·艾普斯 / 罗伯特·肖恩·莱纳德 / 杰西·斯宾塞 / 彼得·雅各布森 / 更多...,纪录片,美国,英语,2012-05-21(美国),45分钟,《豪斯医生》完季特别篇 -- 天鹅挽歌,tt2266500,9.4,4503,78.6%,16.0%
10760030,https://movie.douban.com/subject/10760030/,绝美之城 La grande bellezza (2013),保罗·索伦蒂诺,保罗·索伦蒂诺 / 翁贝托·康塔罗,托尼·塞尔维洛 / 卡洛·维尔多内 / 萨布丽娜·费里利 / 卡洛·布奇罗索 / 雅雅·芙尔特 / 更多...,剧情,意大利 / 法国,意大利语 / 日语 / 西班牙语 / 汉语普通话,2013-05-21(戛纳电影节/意大利),141分钟 / 174分钟(加长版),罗马浮世绘(港) / 伟大之美 / 堕毁之国 / The Great Beauty,tt2358891,8.2,69067,35.8%,42.2%
10762817,https://movie.douban.com/subject/10762817/,幽灵行动阿尔法 Ghost Recon: Alpha (2012),弗朗索瓦·阿洛 / 埃尔韦·德·克雷西,格雷格·普鲁斯 / 蒂莫西·J·塞克斯顿 / 弗朗索瓦·阿洛,马克·伊瓦涅 / 乔普林·西伯顿 / 查尔斯·维恩 / Erich Redman / Nick Von Schlippe / 更多...,动作 / 科幻 / 短片,美国 / 英国 / 法国,英语,2012-05-03(美国),24分钟,汤姆·克兰西：幽灵行动阿尔法 / Tom Clancy's Ghost Recon: Alpha,tt2386231,8.2,22034,31.5%,47.2%
10763164,https://movie.douban.com/subject/10763164/,扫毒 掃毒 (2013),陈木胜,陈木胜 / 文隽 / 凌志民 / 黄进 / 谭惠贞,古天乐 / 张家辉 / 刘青云 / 袁泉 / 卢海鹏 / 更多...,剧情 / 动作 / 悬疑 / 犯罪,中国大陆 / 中国香港,汉语普通话 / 粤语 / 泰语 / 英语,2013-11-29(中国大陆) / 2013-12-05(中国香港),134分钟,变役 / 当局者 / The White Storm,tt2957774,7.6,300065,20.6%,44.6%
10763928,https://movie.douban.com/subject/10763928/,弗兰克 Frank (2014),伦尼·阿伯拉罕森,乔恩·容森 / 彼特·斯特劳恩,多姆纳尔·格里森 / 迈克尔·法斯宾德 / 玛吉·吉伦哈尔 / 斯科特·麦克纳里 / 弗朗索瓦·西维尔 / 更多...,剧情 / 喜剧 / 音乐,英国 / 爱尔兰 / 美国,英语 / 法语 / 德语,2014-01-17(圣丹斯电影节) / 2014-05-09(英国/爱尔兰),95分钟,法兰克(台),tt1605717,7.9,54067,24.9%,47.4%
10772258,https://movie.douban.com/subject/10772258/,麦兜·当当伴我心 麥兜‧噹噹伴我心 (2012),谢立文,谢立文,黄秋生 / 吴君如 / 胡歌 / 郑中基 / 许飞,喜剧 / 动画,中国大陆 / 中国香港,汉语普通话 / 粤语,2012-07-10(中国大陆) / 2017-04-07(中国大陆重映) / 2012-08-16(中国香港),80分钟,腰花伴菜芯 / 麦兜故事5 / Mcdull · Pork of Music / The Pork of Music,tt2275080,8.5,121217,44.7%,40.0%
10773239,https://movie.douban.com/subject/10773239/,小男孩 Little Boy (2015),亚历杭德罗·戈麦斯·蒙特维尔德,亚历杭德罗·戈麦斯·蒙特维尔德 / 佩佩·波蒂略,雅各布·萨尔瓦提 / 凯文·詹姆斯 / 迈克尔·拉帕波特 / 大卫·亨瑞 / 艾米丽·沃森 / 更多...,剧情 / 喜剧 / 战争,墨西哥 / 美国,英语,2015-04-24(美国),106分钟,,tt1810683,8.3,64589,33.8%,48.3%
10774184,https://movie.douban.com/subject/10774184/,豪勇七蛟龙 The Magnificent Seven (2016),安东尼·福奎阿,黑泽明 / 桥本忍 / 小国英雄 / 理查德·温克 / 尼克·皮佐拉托,丹泽尔·华盛顿 / 克里斯·帕拉特 / 马特·波莫 / 伊桑·霍克 / 文森特·多诺费奥 / 更多...,动作 / 西部 / 冒险,美国 / 澳大利亚,英语 / 西班牙语,2016-09-08(多伦多电影节) / 2016-09-23(美国),133分钟,七侠荡寇志(港) / 绝地7骑士(台),tt2404435,7.7,54969,20.1%,48.7%
10777687,https://movie.douban.com/subject/10777687/,7号房的礼物 7번방의 선물 (2013),李焕京,李焕京 / 刘英雅,柳承龙 / 朴信惠 / 郑镇荣 / 金正泰 / 吴达洙 / 更多...,剧情 / 喜剧 / 家庭,韩国,韩语,2013-01-23(韩国),127分钟,戆爸的礼物(港) / 7号囚房的礼物 / 12月23日 / Gift From Room / Find Miracle in Cell No.7 / Miracle In Cell No.7,tt2659414,8.9,625219,57.4%,33.5%
10807909,https://movie.douban.com/subject/10807909/,智取威虎山 (2014),徐克,黄建新 / 李杨 / 徐克 / 吴兵 / 董哲 / 更多...,张涵予 / 梁家辉 / 林更新 / 余男 / 佟丽娅 / 更多...,剧情 / 动作 / 战争 / 冒险,中国大陆 / 中国香港,汉语普通话 / 英语,2014-12-23(中国大陆) / 2020-07-24(中国大陆重映),143分钟,智取威虎山3D / 林海雪原3D / The Taking of Tiger Mountain / Tracks in The Snowy Forest,tt3950078,7.7,429784,19.7%,50.5%
10808442,https://movie.douban.com/subject/10808442/,爱在午夜降临前 Before Midnight (2013),理查德·林克莱特,理查德·林克莱特 / 朱莉·德尔佩 / 伊桑·霍克 / 金·克里桑,伊桑·霍克 / 朱莉·德尔佩 / 肖姆斯·戴维-菲茨帕特里克 / 詹妮弗·普里尔 / 夏洛特·普里尔 / 更多...,剧情 / 爱情,美国 / 希腊,英语 / 希腊语 / 法语,2013-06-14(美国),109分钟,情约半生(港) / 爱在午夜希腊时(台) / 爱在午夜到来时 / 爱在午夜梦回时 / 午夜之前,tt2209418,8.9,478846,54.5%,35.0%
10810336,https://movie.douban.com/subject/10810336/,恐怖故事 무서운 이야기 (2012),洪智暎 / 林大雄 / 郑范识 / 金曲 / 金宣 / 更多...,未知,金贤秀 / 罗映姫 / 裴秀彬 / 郑恩彩 / 南宝拉 / 更多...,恐怖,韩国,韩语,2012-07-25(韩国),108分钟,一千零一魘(台) / Horror Stories,tt2961768,6.9,24270,10.8%,34.5%
10830069,https://movie.douban.com/subject/10830069/,测谎仪 Lie Detector (2011),Paul Emerson,Mike Heim / 丹恩·汉森,Danny Gutierrez / 丹恩·汉森 / Mike Heim,喜剧 / 短片 / 同性,美国,英语,2024-01-01,3分13秒,测谎机,tt1914302,8.3,13651,34.3%,49.1%
10831445,https://movie.douban.com/subject/10831445/,百鸟朝凤 (2013),吴天明,吴天明 / 罗雪莹 / 肖江虹,陶泽如 / 李岷城 / 嵇波 / 胡先煦 / 郑伟 / 更多...,剧情 / 音乐,中国大陆,汉语普通话,2016-05-06(中国大陆) / 2017-04-20(中国大陆重映) / 2013-09-25(金鸡百花电影节),108分钟,Song of the Phoenix,tt3214392,8.3,341515,37.7%,44.2%
10833919,https://movie.douban.com/subject/10833919/,美姐 (2012),郝杰,郝杰 / 葛夏,叶兰 / 冯四 / 葛夏 / 冯云 / 李玉琴 / 更多...,剧情 / 爱情 / 家庭,中国大陆,汉语普通话 / 晋语,2013-10-18(中国大陆) / 2012-11(中国台湾金马影展),91分钟,铁蛋儿的情歌 / The Love Songs Of Tiedan,tt2930988,7.8,30082,23.0%,49.0%
10945551,https://movie.douban.com/subject/10945551/,辛普森一家：托儿所的漫长日 The Simpsons: The Longest Daycare (2012),大卫·西尔弗曼,詹姆斯·L·布鲁克斯 / 马特·格罗宁 / 阿尔·让 / 大卫·米尔金 / 乔尔·H·科恩 / 更多...,未知,喜剧 / 动画 / 短片,美国,英语,2012-07-13(美国),5分钟,辛普森一家：漫长的日护 / 托儿所的漫长日 / Maggie Simpson in The Longest Daycare,tt2175842,8.3,13053,33.5%,49.2%
11026735,https://movie.douban.com/subject/11026735/,超能陆战队 Big Hero 6 (2014),唐·霍尔 / 克里斯·威廉姆斯,乔丹·罗伯茨 / 丹尼尔·吉尔森 / 罗伯特·L·贝尔德,斯科特·安第斯 / 瑞恩·波特 / 丹尼尔·海尼 / T·J·米勒 / 郑智麟 / 更多...,喜剧 / 动作 / 科幻 / 动画 / 冒险,美国,英语,2015-02-28(中国大陆) / 2020-07-31(中国大陆重映) / 2014-10-23(东京电影节) / 2014-11-07(美国),102分钟,大英雄联盟(港) / 大英雄天团(台) / 六大英雄 / (●—●),tt2245084,8.8,1151559,49.4%,40.1%
11443314,https://movie.douban.com/subject/11443314/,里约大冒险2 Rio 2 (2014),卡洛斯·沙尔丹哈,唐·莱默 / 卡洛斯·沙尔丹哈,安妮·海瑟薇 / 杰西·艾森伯格 / 布鲁诺·马尔斯 / 杰米·福克斯 / 克里斯汀·肯诺恩斯 / 更多...,喜剧 / 动画 / 冒险,美国,英语 / 葡萄牙语,2014-04-11(中国大陆/美国),101分钟,奇鹦嘉年华2(港),tt2357291,7.7,143522,20.9%,47.9%
11443316,https://movie.douban.com/subject/11443316/,龙之谷：破晓奇兵 (2014),宋岳峰,卓然 / 宋岳峰 / 比尔·伯顿 / 钟岳峰,胡歌 / 景甜 / 徐娇 / 夏梓桐 / 沈达威 / 更多...,动画 / 奇幻 / 冒险,中国大陆,汉语普通话 / 粤语,2014-07-31(中国大陆) / 2020-01-04(中国大陆重映),88分钟,龙之谷之黑龙崛起 / 龙之谷大电影 / 龙之谷前传 / Dragon Nest: Warriors' Dawn / Dragon Nest: Rise of the Black Dragon,tt2911342,7.8,35755,27.4%,41.7%
11443807,https://movie.douban.com/subject/11443807/,"蝙蝠侠：黑暗骑士归来(上) Batman: The Dark Knight Returns, Part 1 (2012)",杰伊·欧力瓦,鲍勃·古德曼 / 鲍勃·凯恩 / 弗兰克·米勒,彼得·威勒 / 阿芮尔·温特 / 迈克尔·爱默生 / 迈克尔·麦基恩 / 韦德·威廉姆斯 / 更多...,动作 / 动画,美国,英语,2012-09-25(美国),76分钟,,tt2313197,8.5,30148,41.0%,42.7%
11443810,https://movie.douban.com/subject/11443810/,"蝙蝠侠：黑暗骑士归来(下) Batman: The Dark Knight Returns, Part 2 (2013)",杰伊·欧力瓦,鲍勃·古德曼 / 弗兰克·米勒,彼得·威勒 / 阿芮尔·温特 / 迈克尔·爱默生 / 迈克尔·麦基恩 Michael McKean / 马克·瓦雷 Mark Valley / 更多...,动作 / 动画,美国,英语,2013-01-29(美国),76分钟,,tt2166834,8.9,31540,56.4%,33.7%
11499092,https://movie.douban.com/subject/11499092/,空之境界 未来福音 劇場版 空の境界 未来福音 (2013),须藤友德,奈须蘑菇,坂本真绫 / 铃村健一 / 本田贵子 / 井口裕香 / 石田彰 / 更多...,动画 / 奇幻,日本,日语,2013-09-28(日本),90分钟,空之境界剧场版：未来福音 / Future Gospel / The Garden of Sinners: Recalled Out Summer / Kara no Kyoukai: Mirai Fukuin,tt2983564,9.1,12674,65.0%,26.8%
11500954,https://movie.douban.com/subject/11500954/,编舟记 舟を編む (2013),石井裕也,渡边谦作 / 三浦紫苑,松田龙平 / 宫崎葵 / 小田切让 / 黑木华 / 渡边美佐子 / 更多...,剧情,日本,日语,2013-04-13(日本),134分钟,字里人间(港) / 宅男的恋爱字典(台) / 大渡海 / 字里人生 / The Great Passage,tt2315226,8.6,80803,41.2%,46.2%
11501396,https://movie.douban.com/subject/11501396/,边境风云 (2012),程耳,程耳,孙红雷 / 王珞丹 / 张默 / 杨坤 / 倪大红 / 更多...,剧情 / 犯罪,中国大陆,汉语普通话 / 四川话 / 缅甸语,2012-08-17(中国大陆),100分钟,Lethal Hostage,tt2385138,7.9,128336,22.3%,51.5%
11502154,https://movie.douban.com/subject/11502154/,邋遢大王奇遇记 (2012),钱运达 / 阎善春,凌纾,范楚绒 / 谢添天 / 罗玉婷 / 王肖兵 / 符冲,动画 / 儿童,中国大陆,汉语普通话,2012-08-17(中国大陆),86分钟,邋遢大王奇遇记 影院版 / Slovenly Boy's Adventure,,8.6,40086,43.2%,44.6%
11510453,https://movie.douban.com/subject/11510453/,不老骑士：欧兜迈环台日记 不老騎士：歐兜邁環台日記 (2012),华天灏,未知,赖清炎 / 朱妙贵 / 赖秀升 / 王克岭 / 刘樹发 / 更多...,纪录片,中国台湾,汉语普通话 / 闽南语,2012-10-11(中国台湾),90分钟,不老骑士 电影版 / Go Grandriders,tt2567390,8.9,6555,55.3%,33.7%
11510624,https://movie.douban.com/subject/11510624/,全民目击 (2013),非行,非行,孙红雷 / 余男 / 郭富城 / 邓家佳 / 赵立新 / 更多...,剧情 / 悬疑 / 犯罪,中国大陆,汉语普通话,2013-09-13(中国大陆),119分钟,Silent Witness,tt3204696,7.8,383131,23.2%,49.0%
11516701,https://movie.douban.com/subject/11516701/,再见金华站 (2011),毕鑫业,毕鑫业,张师 / 王羽西 / 刘恩硕,剧情 / 短片,中国大陆,汉语普通话,2011-06-24(中国大陆),25分钟,Goodbye,tt16297084,8.7,16396,53.5%,32.9%
11520649,https://movie.douban.com/subject/11520649/,"麦克法兰 McFarland, USA (2015)",妮琪·卡罗,查尔斯·克利夫兰,凯文·科斯特纳 / 拉米罗·罗德里格斯 / 卡洛斯·普拉斯 / 约翰尼·奥蒂斯 / 拉斐尔·马丁内斯 / 更多...,剧情 / 传记 / 运动,美国,英语,2015-02-20(美国),129分钟,梦想越野队(台) / McFarland,tt2097298,8.4,38077,34.9%,50.2%
11524967,https://movie.douban.com/subject/11524967/,海底总动员2：多莉去哪儿 Finding Dory (2016),安德鲁·斯坦顿 / 安格斯·麦克莱恩,安德鲁·斯坦顿 / 维多利亚·斯特劳斯 / 鲍勃·彼德森,艾伦·德杰尼勒斯 / 艾伯特·布鲁克斯 / 艾德·奥尼尔 / 凯特琳·奥尔森 / 海登·罗兰斯 / 更多...,喜剧 / 动画 / 冒险,美国,英语,2016-06-17(中国大陆/美国),97分钟,海底总动员2：寻找多莉 / 寻找多莉 / 海底奇兵2(港),tt2277860,7.7,148772,22.0%,45.6%
11525673,https://movie.douban.com/subject/11525673/,布达佩斯大饭店 The Grand Budapest Hotel (2014),韦斯·安德森,韦斯·安德森 / 雨果·吉尼斯 / 斯蒂芬·茨威格,拉尔夫·费因斯 / 托尼·雷沃罗利 / 阿德里安·布罗迪 / 威廉·达福 / 裘德·洛 / 更多...,剧情 / 喜剧 / 冒险,美国 / 德国 / 英国,英语 / 法语 / 德语,2014-02-06(柏林电影节) / 2014-03-28(美国),99分钟,布达佩斯大酒店(港) / 欢迎来到布达佩斯大饭店(台),tt2278388,8.9,1089715,55.3%,35.7%
11527487,https://movie.douban.com/subject/11527487/,弗兰西丝·哈 Frances Ha (2012),诺亚·鲍姆巴赫,诺亚·鲍姆巴赫 / 格蕾塔·葛韦格,格蕾塔·葛韦格 / 米奇·萨姆纳 / 迈克尔·埃斯佩尔 / 亚当·德赖弗 / 迈克尔·泽根 / 更多...,剧情 / 喜剧,美国,英语,2012-09-01(特柳赖德电影节) / 2013-05-17(美国),86分钟,纽约哈哈哈(台) / 凡事哈(港) / 纽约娃哈哈(港) / 弗兰西丝·夏 / 弗兰西斯·哈 / 芭蕾女汉子,tt2347569,8.5,83589,40.3%,45.5%
11584016,https://movie.douban.com/subject/11584016/,与神同行：罪与罚 신과함께-죄와 벌 (2017),金容华,金容华,河正宇 / 车太贤 / 朱智勋 / 金香起 / 金东旭 / 更多...,剧情 / 奇幻,韩国,韩语,2017-12-20(韩国),139分钟,与神同行 / 与神一起 / 与神同在 / 和神一起 / Along With the Gods: The Two Worlds / Along With God,tt7160070,7.8,253692,25.1%,45.2%
11584019,https://movie.douban.com/subject/11584019/,海洋之歌 Song of the Sea (2014),汤姆·摩尔,汤姆·摩尔 / 威尔·柯林斯,大卫·罗尔 / 布莱丹·格里森 / 丽莎·汉尼根 / 菲奥纽拉·弗拉纳根 / 露西·奥康奈尔 / 更多...,动画 / 奇幻 / 冒险,爱尔兰 / 丹麦 / 比利时 / 卢森堡 / 法国,英语 / 爱尔兰语 / 苏格兰盖尔语,2016-08-12(中国大陆) / 2014-09-06(多伦多电影节) / 2015-07-10(爱尔兰),93分钟 / 94分钟(中国大陆),海洋幻想曲(台) / Le Chant de la Mer,tt1865505,8.8,183988,51.5%,37.9%
11584024,https://movie.douban.com/subject/11584024/,我们仍未知道那天所看见的花的名字 剧场版 劇場版 あの日見た花の名前を僕達はまだ知らない。 (2013),长井龙雪,冈田麿里,入野自由 / 茅野爱衣 / 户松遥 / 樱井孝宏 / 早见沙织 / 更多...,动画,日本,日语,2013-08-31(日本),99分钟,我们仍未知道那天所看见的花名 剧场版(台) / 未闻花名剧场版 / 那朵花 / あの花 / Anohana / Ano Hi Mita Hana no Namae o Bokutachi wa Mada Shiranai. the Movie,tt2323836,8.6,49463,50.2%,34.9%
11584063,https://movie.douban.com/subject/11584063/,荒唐事件 (1990),李新,李新 / 华夏,赵有亮 / 管宗祥 / 张天喜 / 王善文 / 陈祖荣 / 更多...,剧情 / 喜剧,中国大陆,汉语普通话,1990,78分钟,,tt0333605,8.7,9598,49.4%,37.1%
11589036,https://movie.douban.com/subject/11589036/,功夫熊猫3 Kung Fu Panda 3 (2016),吕寅荣 / 亚历山德罗·卡罗尼,乔纳森·阿贝尔 / 格伦·伯杰,杰克·布莱克 / 布莱恩·克兰斯顿 / 达斯汀·霍夫曼 / 安吉丽娜·朱莉 / J·K·西蒙斯 / 更多...,喜剧 / 动作 / 动画 / 冒险,美国 / 中国大陆,英语,2016-01-29(美国/中国大陆),95分钟,熊猫阿宝3 / 阿宝正传3,tt2267968,7.8,402181,22.4%,47.6%
11598669,https://movie.douban.com/subject/11598669/,宵禁 Curfew (2012),肖恩·克里斯汀森,肖恩·克里斯汀森,法提玛·普塔塞克 / 肖恩·克里斯汀森 / 金·艾伦 / 达纳·西格尔 / 克里斯汀·霍莉·史密斯,剧情 / 短片,美国,英语,2012-05-08(克拉克夫电影节),19分钟,能不能让我好好自杀?!（网） / 晚钟时刻,tt2088735,8.2,37687,30.0%,49.6%
11600078,https://movie.douban.com/subject/11600078/,目击者之追凶 目擊者 (2017),程伟豪,程伟豪 / 陈昱俐 / 陈彦齐,庄凯勋 / 许玮甯 / 柯佳嬿 / 李铭顺 / 李淳 / 更多...,悬疑 / 惊悚 / 犯罪,中国台湾,汉语普通话 / 闽南语,2017-03-31(中国台湾) / 2017-06-21(上海电影节),117分钟,Who Killed Cock Robin,tt5576318,8.2,211420,29.8%,52.3%
11606328,https://movie.douban.com/subject/11606328/,霍比特人2：史矛革之战 The Hobbit: The Desolation of Smaug (2013),彼得·杰克逊,J.R.R.托尔金 / 弗兰·威尔士 / 菲利帕·鲍恩斯 / 彼得·杰克逊 / 吉尔莫·德尔·托罗,伊恩·麦克莱恩 / 马丁·弗瑞曼 / 理查德·阿米蒂奇 / 本尼迪克特·康伯巴奇 / 奥兰多·布鲁姆 / 更多...,动作 / 奇幻 / 冒险,美国 / 新西兰,英语,2014-02-21(中国大陆) / 2013-12-13(美国),161分钟 / 186分钟(加长版),霍比特人2：史矛革荒漠 / 哈比人：荒谷魔龙(港) / 哈比人：荒谷恶龙(台) / 霍比特人2：斯毛戈荒漠 / 指环王前传：霍比特人(中) / The Hobbit: Part 2,tt1170358,8.5,399476,42.0%,43.6%
11613507,https://movie.douban.com/subject/11613507/,变态者意识形态指南 The Pervert's Guide to Ideology (2013),索菲亚·菲尼斯,斯拉沃热·齐泽克,斯拉沃热·齐泽克,纪录片,英国 / 爱尔兰,英语,2013-10-04(英国),136分钟,齐泽克电影指南：意识形态篇(港) / 意识形态疯癫指南,tt2152198,9.1,8876,61.1%,31.9%
11615927,https://movie.douban.com/subject/11615927/,银魂剧场版：完结篇 直到永远的万事屋 劇場版 銀魂 完結篇 万事屋よ永遠なれ (2013),藤田阳一,大和屋晓,杉田智和 / 阪口大助 / 钉宫理惠 / 矶部勉 / 山寺宏一 / 更多...,剧情 / 动画,日本,日语,2013-07-06(日本),110分钟,银魂完结篇剧场版：永远的万事屋(港) / Gintama: The Final Movie / Final Gintama The Movie: Be Forever Yorozuya,tt2374144,9.3,38471,72.9%,19.6%
11624706,https://movie.douban.com/subject/11624706/,小黄人大眼萌 Minions (2015),凯尔·巴尔达 / 皮埃尔·柯芬,布莱恩·林奇,桑德拉·布洛克 / 乔恩·哈姆 / 迈克尔·基顿 / 艾莉森·珍妮 / 史蒂夫·库根 / 更多...,喜剧 / 动画,美国,英语 / 西班牙语,2015-09-13(中国大陆) / 2015-07-10(美国),91分钟,小黄人 / 迷你兵团(港) / 小小兵(台) / 小黄人大电影,tt2293640,7.8,332366,25.8%,44.5%
11627068,https://movie.douban.com/subject/11627068/,大明劫 (2013),王竞,谢晓东 / 周荣扬,冯远征 / 戴立忍 / 冯韵之 / 杨旸 / 钱学格 / 更多...,剧情 / 历史 / 古装,中国大陆,汉语普通话,2013-10-25(中国大陆) / 2013-08-31(蒙特利尔电影节),109分钟,Fall of Ming,tt3336934,8.2,110300,32.2%,48.5%
11803087,https://movie.douban.com/subject/11803087/,异形：契约 Alien: Covenant (2017),雷德利·斯科特,迈克尔·格林 / 杰克·帕格恩 / 约翰·洛根,迈克尔·法斯宾德 / 凯瑟琳·沃特斯顿 / 比利·克鲁德普 / 丹尼·麦克布莱德 / 德米安·比齐尔 / 卡门·艾乔戈 / 朱西·斯莫利特 / 考莉·埃尔南德斯 / 艾米·西米茨 / 纳撒尼尔·迪安 / 亚历山大·英格兰 / 本杰明·里格比 / 乌利·拉图基孚 / 泰丝·哈乌布里奇 / 罗蕾莱·金 / 哈维尔·博泰特 / 詹姆斯·弗兰科 / 盖·皮尔斯 / 劳米·拉佩斯,科幻 / 恐怖,美国,英语,2017-06-16(中国大陆) / 2017-05-10(法国) / 2017-05-19(美国),122分钟 / 116分钟(中国大陆),异形：圣约(港/台) / 神奇异形在哪里(豆友译名) / 已开：大勺(豆友译名) / 异形：失乐园 / 普罗米修斯2 / Prometheus 2 / Alien: Paradise Lost,tt2316204,7.4,309590,14.3%,46.7%
11808948,https://movie.douban.com/subject/11808948/,海绵宝宝 The SpongeBob Movie: Sponge Out of Water (2015),保罗·提比特 / 迈克·米切尔,格伦·伯杰 / 乔纳森·阿里斯 / 史蒂芬·海伦伯格,安东尼奥·班德拉斯 / 艾瑞克·鲍扎 / 蒂姆·康威 / 埃迪·狄森 / 罗伯·鲍森 / 更多...,喜剧 / 动画 / 冒险,美国,英语,2015-12-01(中国大陆) / 2015-02-06(美国),93分钟,海绵宝宝：脱水大冒险(港) / 海绵宝宝：海陆大出击(台) / 海绵宝宝历险记：海绵出水 / 海绵宝宝：水兵陆战队 / 海绵宝宝历险记2 / 海绵宝宝3D / SpongeBob SquarePants 2 / The SpongeBob SquarePants Movie 2,tt2279373,7.7,54158,23.7%,41.4%
11810348,https://movie.douban.com/subject/11810348/,马达加斯加的企鹅 Penguins of Madagascar (2014),埃里克·达尼尔 / 西蒙·J·史密斯,约翰·阿布德 / 迈克尔·科尔顿 / 埃里克·达尼尔 / 汤姆·麦格拉思 / 布兰登·索耶,汤姆·麦格拉思 / 克里斯·米勒 / 克里斯多夫·奈茨 / 本尼迪克特·康伯巴奇 / 郑肯 / 更多...,喜剧 / 动画 / 冒险,美国,英语 / 汉语普通话 / 意大利语,2014-11-14(中国大陆) / 2014-11-26(美国),92分钟,马达加斯加爆走企鹅(台) / 荒失失企鹅(港),tt1911658,7.8,176777,23.0%,47.4%
1291543,https://movie.douban.com/subject/1291543/,功夫 (2004),周星驰,曾瑾昌 / 陈文强 / 周星驰 / 霍昕,周星驰 / 元秋 / 元华 / 黄圣依 / 梁小龙 / 更多...,喜剧 / 动作 / 犯罪 / 奇幻,中国大陆 / 中国香港,粤语 / 汉语普通话 / 手语,2004-12-23(中国大陆/中国香港) / 2015-01-15(中国大陆3D) / 2004-09-14(多伦多电影节),100分钟(3D重映) / 95分钟(中国大陆) / 99分钟(美国),功夫3D / Kung Fu Hustle,tt0373074,8.9,1342178,55.9%,33.3%
1291544,https://movie.douban.com/subject/1291544/,哈利·波特与阿兹卡班的囚徒 Harry Potter and the Prisoner of Azkaban (2004),阿方索·卡隆,史蒂夫·克洛夫斯 / J·K·罗琳,丹尼尔·雷德克里夫 / 艾玛·沃森 / 鲁伯特·格林特 / 加里·奥德曼 / 朱丽·沃特斯 / 更多...,奇幻 / 冒险,英国 / 美国,英语,2004-09-10(中国大陆) / 2024-10-25(中国大陆重映) / 2004-05-31(英国),141分钟,哈利波特3：阿兹卡班的逃犯(港/台) / 哈利·波特与阿兹卡班的逃犯 / 哈3,tt0304141,9,895024,58.6%,33.3%
1291545,https://movie.douban.com/subject/1291545/,大鱼 Big Fish (2003),蒂姆·波顿,丹尼尔·华莱士 / 约翰·奥古斯特,伊万·麦克格雷格 / 阿尔伯特·芬尼 / 比利·克鲁德普 / 杰西卡·兰格 / 海伦娜·伯翰·卡特 / 更多...,剧情 / 爱情 / 奇幻 / 冒险,美国,英语 / 法语 / 俄语 / 粤语 / 汉语普通话,2003-12-04(纽约首映) / 2004-01-09(美国),125分钟,大鱼奇缘(港) / 大智若鱼(台) / 大鱼老爸,tt0319061,8.8,630372,51.7%,37.1%
1291546,https://movie.douban.com/subject/1291546/,霸王别姬 (1993),陈凯歌,芦苇 / 李碧华,张国荣 / 张丰毅 / 巩俐 / 葛优 / 英达 / 更多...,剧情 / 爱情 / 同性,中国大陆 / 中国香港,汉语普通话,1993-07-26(中国大陆) / 1993-01-01(中国香港),171分钟 / 155分钟(美国剧场版),再见，我的妾 / Farewell My Concubine / Adieu Ma Concubine,tt0106332,9.6,2429157,82.4%,15.3%
1291548,https://movie.douban.com/subject/1291548/,死亡诗社 Dead Poets Society (1989),彼得·威尔,汤姆·舒尔曼,罗宾·威廉姆斯 / 罗伯特·肖恩·莱纳德 / 伊桑·霍克 / 乔西·查尔斯 / 盖尔·汉森 / 更多...,剧情,美国,英语 / 拉丁语,1989-06-02(多伦多首映) / 1989-06-09(美国),128 分钟,暴雨骄阳(港) / 春风化雨(台) / 壮志骄阳,tt0097165,9.2,887363,66.8%,26.9%
1291549,https://movie.douban.com/subject/1291549/,放牛班的春天 Les choristes (2004),克里斯托夫·巴哈蒂,乔治·沙普罗 / 勒·惠勒 / 诺埃-诺尔 / 克里斯托夫·巴哈蒂 / 菲利普·洛佩斯-屈瓦尔,让-巴蒂斯特·莫尼耶 / 热拉尔·朱尼奥 / 弗朗索瓦·贝莱昂 / 凯德·麦拉德 / 让-保罗·博奈雷 / 更多...,剧情 / 音乐,法国 / 瑞士 / 德国,法语,2004-10-16(中国大陆) / 2022-12-02(中国大陆重映) / 2004-03-17(法国),97分钟,歌声伴我心(港) / 唱诗班男孩 / The Chorus,tt0372824,9.3,1476933,71.0%,25.2%
1291550,https://movie.douban.com/subject/1291550/,天下无贼 (2004),冯小刚,王刚 / 林黎胜 / 张家鲁 / 冯小刚,刘德华 / 刘若英 / 王宝强 / 李冰冰 / 葛优 / 更多...,剧情 / 动作 / 犯罪,中国大陆 / 中国香港,汉语普通话,2004-12-09(中国大陆/中国香港),121分钟,A World Without Thieves,tt0439884,8.2,568417,29.6%,51.5%
1291552,https://movie.douban.com/subject/1291552/,指环王3：王者无敌 The Lord of the Rings: The Return of the King (2003),彼得·杰克逊,弗兰·威尔士 / 菲利帕·鲍恩斯 / 彼得·杰克逊 / J.R.R.托尔金,伊利亚·伍德 / 西恩·奥斯汀 / 维果·莫腾森 / 奥兰多·布鲁姆 / 伊恩·麦克莱恩 / 更多...,剧情 / 动作 / 奇幻 / 冒险,美国 / 新西兰,英语 / 昆雅语 / 古英语 / 辛达林语,2004-03-12(中国大陆) / 2021-05-14(中国大陆重映) / 2003-12-17(美国),201分钟 / 254分钟(加长版) / 263分钟(蓝光加长版),魔戒三部曲：王者再临(台/港) / 指环王III：王者无敌 / 魔戒3：王者归来 / 指环王3：国王归来 / 指环王3：皇上回宫(豆友译名),tt0167260,9.3,913056,71.3%,23.3%
1291553,https://movie.douban.com/subject/1291553/,青木瓜之味 Mùi đu đủ xanh (1993),陈英雄,陈英雄,陈女氤溪 / 如琼 / 张氏禄 / 基奥·索万纳文 / 阮映华 / 更多...,剧情 / 爱情 / 音乐,越南 / 法国,越南语,1993-06-08,104 分钟,番木瓜香 / 青木瓜的滋味 / The Scent of Green Papaya / L'odeur de la papaye verte,tt0107617,7.7,100791,20.2%,48.2%
1291554,https://movie.douban.com/subject/1291554/,歌剧魅影 The Phantom of the Opera (2004),乔·舒马赫,加斯顿·勒鲁 / 安德鲁·洛伊德·韦伯 / 乔·舒马赫,杰拉德·巴特勒 / 埃米·罗森 / 帕特里克·威尔森 / 米兰达·理查森 / 明妮·德里弗 / 更多...,剧情 / 爱情 / 惊悚 / 音乐,英国 / 美国,英语 / 意大利语,2004-12-10(英国) / 2004-12-22(美国),143 分钟,歌声魅影(港) / 安德鲁洛伊韦伯之歌剧魅影(台) / 歌剧院幽灵 / 剧院魅影,tt0293508,8.5,175029,43.1%,41.7%
1291555,https://movie.douban.com/subject/1291555/,2046 (2004),王家卫,王家卫,梁朝伟 / 章子怡 / 王菲 / 木村拓哉 / 巩俐 / 更多...,剧情 / 爱情 / 奇幻,中国香港 / 中国大陆 / 法国 / 意大利 / 德国,粤语 / 汉语普通话 / 日语,2004-09-28(中国大陆) / 2004-09-29(中国香港) / 2004-05-20(戛纳电影节),129 分钟,,tt0212712,7.7,261220,22.7%,43.4%
1291556,https://movie.douban.com/subject/1291556/,乡愁 Ностальгия (1983),安德烈·塔可夫斯基,安德烈·塔可夫斯基 / 托尼诺·格拉,奥列格·扬科夫斯基 / 厄兰·约瑟夫森 / 多米齐亚娜·焦尔达诺 / 帕特里齐娅·特雷诺 / 劳拉·德·马奇 / 更多...,剧情,苏联 / 意大利,意大利语 / 俄语,1983-05-17(戛纳电影节),125分钟,怀乡 / Nostalghia / Nostalgia,tt0086022,9,57110,63.5%,27.3%
1291557,https://movie.douban.com/subject/1291557/,花样年华 花樣年華 (2000),王家卫,王家卫,张曼玉 / 梁朝伟 / 潘迪华 / 雷震 / 萧炳林 / 更多...,剧情 / 爱情,中国香港,粤语 / 沪语 / 法语,2000-11-24(中国大陆) / 2025-02-14(中国大陆·导演特别版) / 2000-09-29(中国香港) / 2000-05-20(戛纳电影节),103分钟(导演剪辑版) / 98分钟,花样年华导演特别版 / 花样年华4K修复版 / 花样年华导演剪辑版 / In the Mood for Love / 秘密 / 对倒,tt0118694,8.8,811876,50.6%,39.3%
1291558,https://movie.douban.com/subject/1291558/,云上的日子 Al di là delle nuvole (1995),米开朗基罗·安东尼奥尼 / 维姆·文德斯,托尼诺·格拉 / 维姆·文德斯 / 弗兰切斯科·马尔库奇 / 米开朗基罗·安东尼奥尼,苏菲·玛索 / 约翰·马尔科维奇 / 芬妮·阿尔丹 / 基娅拉·卡塞利 / 伊莲娜·雅各布 / 更多...,剧情 / 爱情 / 情色,法国 / 意大利 / 德国,法语 / 英语 / 意大利语,1995-09-03(威尼斯电影节) / 1995-10-27(意大利),105分钟,在云端上的情与欲 / Beyond the Clouds / Par dela les nuages,tt0114086,7.6,77158,20.7%,42.9%
1291559,https://movie.douban.com/subject/1291559/,新桥恋人 Les amants du Pont-Neuf (1991),莱奥·卡拉克斯,莱奥·卡拉克斯,朱丽叶·比诺什 / 德尼·拉旺 / 克劳斯-迈克尔·格鲁伯 / 马里恩·斯泰伦斯 / Chrichan Larsson / 更多...,剧情 / 爱情,法国,法语,1991-10-16(法国),125分钟,The Lovers on the Bridge / 新桥之恋,tt0101318,8.1,69911,32.7%,45.6%
1291560,https://movie.douban.com/subject/1291560/,龙猫 となりのトトロ (1988),宫崎骏,宫崎骏,日高范子 / 坂本千夏 / 糸井重里 / 岛本须美 / 北林谷荣 / 更多...,动画 / 奇幻 / 冒险,日本,日语,2018-12-14(中国大陆) / 1988-04-16(日本),86分钟,邻居托托罗 / 邻家的豆豆龙 / 隔壁的特特罗 / Tonari no Totoro / My Neighbor Totoro,tt0096283,9.2,1414462,64.4%,29.5%
1291561,https://movie.douban.com/subject/1291561/,千与千寻 千と千尋の神隠し (2001),宫崎骏,宫崎骏,柊瑠美 / 入野自由 / 夏木真理 / 菅原文太 / 中村彰男 / 更多...,剧情 / 动画 / 奇幻,日本,日语,2019-06-21(中国大陆) / 2001-07-20(日本),125分钟,神隐少女(台) / 千与千寻的神隐 / Spirited Away / A Voyage of Chihiro / Sen to Chihiro no kamikakushi,tt0245429,9.4,2542802,73.6%,22.8%
1291562,https://movie.douban.com/subject/1291562/,黑暗中的舞者 Dancer in the Dark (2000),拉斯·冯·提尔,拉斯·冯·提尔,比约克 / 凯瑟琳·德纳芙 / 大卫·摩斯 / 彼得·斯特曼 / 乔尔·格雷 / 更多...,剧情 / 歌舞,丹麦 / 德国 / 荷兰 / 意大利 / 美国 / 英国 / 法国 / 瑞典 / 芬兰 / 冰岛 / 阿根廷 / 挪威 / 中国台湾 / 比利时,英语 / 德语 / 捷克语,2000-05-17(戛纳电影节) / 2000-09-01(丹麦),140 分钟,天黑黑(港) / 在黑暗中漫舞(台),tt0168629,8.2,87210,39.4%,38.3%
1291563,https://movie.douban.com/subject/1291563/,十分钟年华老去：小号篇 Ten Minutes Older: The Trumpet (2002),陈凯歌 / 维克多·艾里斯 / 沃纳·赫尔佐格 / 吉姆·贾木许 / 阿基·考里斯马基 / 更多...,张炭 / 维克多·艾里斯 / 沃纳·赫尔佐格 / 吉姆·贾木许 / 阿基·考里斯马基 / 更多...,冯远征 / 耿乐 / 张晋 / 李易祥 / 马库·佩尔托拉 / 更多...,剧情,西班牙 / 英国 / 德国 / 芬兰 / 中国大陆 / 美国 / 日本 / 加拿大,英语 / 德语 / 汉语普通话 / 西班牙语 / 芬兰语,2002-05-18(戛纳电影节) / 2002-12-19(德国) / 2003-10-03(英国),92分钟,十分大师－小号篇 / 十分钟前：小号响起 / 十分钟，年华老去（上）,tt0304808,8.5,27617,39.7%,46.2%
1291564,https://movie.douban.com/subject/1291564/,十分钟年华老去：大提琴篇 Ten Minutes Older: The Cello (2002),贝纳尔多·贝托鲁奇 / 克莱尔·德尼 / 迈克·菲吉斯 / 让-吕克·戈达尔 / 伊日·门泽尔 / 更多...,贝纳尔多·贝托鲁奇 / Augustinus / 克莱尔·德尼 / 迈克·菲吉斯 / E. Max Frye / 更多...,瓦莱丽亚·布鲁尼·泰德斯基 / Amit Arroz / Mark Long / Alexandra Staden / 多米尼克·韦斯特 / 更多...,剧情 / 爱情 / 科幻 / 歌舞,英国 / 德国 / 法国,英语 / 匈牙利语 / 法语 / 德语,2002-09-03(威尼斯电影节),95 分钟(加拿大多伦多电影节) / 146 分钟(意大利),十分大师－大提琴篇 / 十分钟后：提琴魅力 / 十分钟，年华老去（下）,tt0318742,8.2,15743,32.4%,47.6%
1291565,https://movie.douban.com/subject/1291565/,疯狂约会美丽都 Les triplettes de Belleville (2003),希尔万·肖默,希尔万·肖默,比阿特丽斯·博尼法西 / 莉娜·布德罗 / 米歇尔·库谢图,喜剧 / 动画,法国 / 比利时 / 加拿大 / 英国 / 拉脱维亚,法语 / 葡萄牙语,2003-06-11(法国),78分钟,佳丽村三姊妹(港) / 佳丽村三姐妹(台) / 美丽城三重唱 / The Triplets of Belleville,tt0286244,8.7,96803,48.1%,39.2%
1291566,https://movie.douban.com/subject/1291566/,攻壳机动队2：无罪 攻殻機動隊2 イノセンス (2004),押井守,押井守 / 士郎正宗,田中敦子 / 大塚明夫 / 山寺宏一 / 大木民夫 / 仲野裕 / 更多...,剧情 / 科幻 / 动画,日本,日语 / 粤语,2004-03-06(日本) / 2004-05-20(戛纳电影节),100分钟,Ghost in the Shell 2: Innocence,tt0347246,9.1,83268,64.9%,27.5%
1291568,https://movie.douban.com/subject/1291568/,东京物语 東京物語 (1953),小津安二郎,野田高梧 / 小津安二郎,笠智众 / 原节子 / 杉村春子 / 东山千荣子 / 山村聪 / 更多...,剧情 / 家庭,日本,日语,1953-11-03(日本),136 分钟,东京故事 / 东京纪行 / Tokyo Story,tt0046438,9.1,161015,65.6%,27.4%
1291569,https://movie.douban.com/subject/1291569/,大都会 メトロポリス (2001),林太郎,大友克洋 / 手冢治虫,井元由香 / 小林希唯 / 冈田浩晖 / 石田太郎 / 富田耕生 / 更多...,科幻 / 动画 / 冒险,日本,英语 / 法语 / 德语 / 意大利语 / 西班牙语 / 日语 / 俄语,2001-05-26(日本),108 分钟 / 113分钟(日本),Osamu Tezuka's Metoroporisu / Metoroporisu / Metropolis,tt0293416,8.1,38353,29.9%,46.1%
1291571,https://movie.douban.com/subject/1291571/,指环王1：护戒使者 The Lord of the Rings: The Fellowship of the Ring (2001),彼得·杰克逊,弗兰·威尔士 / 菲利帕·鲍恩斯 / 彼得·杰克逊 / J.R.R.托尔金,伊利亚·伍德 / 西恩·奥斯汀 / 伊恩·麦克莱恩 / 维果·莫腾森 / 奥兰多·布鲁姆 / 更多...,剧情 / 动作 / 奇幻 / 冒险,新西兰 / 美国 / 英国,英语 / 辛达林语,2002-04-04(中国大陆) / 2021-04-16(中国大陆重映) / 2001-12-19(美国),179分钟 / 208分钟(加长版) / 228分钟(蓝光加长版),指环王1：魔戒再现 / 指环王I：护戒使者 / 魔戒首部曲：魔戒现身 / 魔戒1：护戒联盟,tt0120737,9.1,963197,63.9%,28.6%
1291572,https://movie.douban.com/subject/1291572/,指环王2：双塔奇兵 The Lord of the Rings: The Two Towers (2002),彼得·杰克逊,弗兰·威尔士 / 菲利帕·鲍恩斯 / 斯蒂芬·辛克莱 / 彼得·杰克逊 / J.R.R.托尔金,伊利亚·伍德 / 西恩·奥斯汀 / 多米尼克·莫纳汉 / 奥兰多·布鲁姆 / 维果·莫腾森 / 更多...,剧情 / 动作 / 奇幻 / 冒险,美国 / 新西兰,英语 / 辛达林语 / 古代英语,2003-04-25(中国大陆) / 2021-04-23(中国大陆重映) / 2002-12-05(纽约首映) / 2002-12-18(美国),180分钟 / 223分钟(加长版) / 235分钟(蓝光加长版),魔戒二部曲：双城奇谋 / 指环王II：双塔 / 魔戒2：双塔奇谋,tt0167261,9.2,860010,67.1%,26.8%
1291573,https://movie.douban.com/subject/1291573/,虫虫危机 A Bug's Life (1998),约翰·拉塞特 / 安德鲁·斯坦顿,安德鲁·斯坦顿 / 唐·麦肯内里 / 鲍勃·肖,戴夫·弗利 / 凯文·史派西 / 茱莉亚·路易斯-德瑞弗斯 / 海顿·潘妮蒂尔,喜剧 / 动画 / 冒险,美国,英语,1998-11-25(美国),95分钟,虫虫特工队(港),tt0120623,8,109099,25.8%,50.0%
1291574,https://movie.douban.com/subject/1291574/,玩具总动员2 Toy Story 2 (1999),约翰·拉塞特 / 艾什·布兰农 / 李·昂克里奇,约翰·拉塞特 / 彼特·道格特 / 艾什·布兰农 / 安德鲁·斯坦顿 / 萧丽塔 / 更多...,汤姆·汉克斯 / 蒂姆·艾伦 / 琼·库萨克 / 凯尔塞·格拉玛 / 唐·里克斯 / 更多...,喜剧 / 动画 / 奇幻 / 冒险,美国,英语,1999-11-24(美国),92分钟,反斗奇兵2(港) / 反斗奇兵续集 / 玩具的故事2,tt0120363,8.5,292784,40.6%,46.7%
1291575,https://movie.douban.com/subject/1291575/,玩具总动员 Toy Story (1995),约翰·拉塞特,约翰·拉塞特 / 彼特·道格特 / 安德鲁·斯坦顿 / 乔·兰福特 / 乔斯·韦登 / 更多...,汤姆·汉克斯 / 蒂姆·艾伦 / 唐·里克斯 / 吉姆·法尼 / 华莱士·肖恩 / 更多...,喜剧 / 动画 / 家庭,美国,英语,1995-11-22(美国),81分钟,反斗奇兵(港) / 玩具的故事,tt0114709,8.6,433289,44.1%,44.0%
1291577,https://movie.douban.com/subject/1291577/,超人总动员 The Incredibles (2004),布拉德·伯德,布拉德·伯德,格雷格·T·尼尔森 / 霍利·亨特 / 塞缪尔·杰克逊 / 杰森·李 / 泰迪·牛顿 / 更多...,喜剧 / 动作 / 动画 / 冒险,美国,英语 / 西班牙语 / 法语,2005-01-28(中国大陆) / 2004-11-05(美国),115分钟,超人特工队(港) / 超人特攻队(台) / 超人家族,tt0317705,8.2,333851,31.2%,49.8%
1291578,https://movie.douban.com/subject/1291578/,冰川时代 Ice Age (2002),卡洛斯·沙尔丹哈 / 克里斯·韦奇,迈克尔·伯格 / 迈克尔·J·威尔森 / 彼得·阿克曼,雷·罗马诺 / 约翰·雷吉扎莫 / 丹尼斯·利瑞 / 杰克·布莱克,喜剧 / 动画 / 冒险,美国,英语 / 克罗地亚语,2002-03-15(美国),81分钟,冰河世纪 / 冰原历险记,tt0268380,8.7,690006,44.5%,44.3%
1291579,https://movie.douban.com/subject/1291579/,"怪兽电力公司 Monsters, Inc. (2001)",彼特·道格特 / 大卫·西尔弗曼 / 李·昂克里奇,安德鲁·斯坦顿 / 丹尼尔·吉尔森 / 罗伯特·L·贝尔德 / 雷特·瑞斯 / 乔纳森·罗伯特 / 更多...,约翰·古德曼 / 比利·克里斯托 / 玛丽·吉布斯 / 史蒂夫·布西密 / 詹姆斯·柯本 / 更多...,喜剧 / 动画 / 儿童 / 奇幻 / 冒险,美国,英语,2001-11-02(美国) / 2012-12-19(美国),92分钟,怪兽公司(港) / 怪物公司,tt0198781,8.8,775338,49.7%,40.7%
1291580,https://movie.douban.com/subject/1291580/,杀死比尔 Kill Bill: Vol. 1 (2003),昆汀·塔伦蒂诺,昆汀·塔伦蒂诺 / 乌玛·瑟曼,乌玛·瑟曼 / 刘玉玲 / 薇薇卡·福克斯 / 达丽尔·汉纳 / 大卫·卡拉丁 / 更多...,动作 / 惊悚 / 犯罪,美国,英语 / 日语 / 法语,2003-09-29(好莱坞首映) / 2003-10-10(美国),111分钟,标杀令(港) / 追杀比尔(台) / 杀死比尔：第一卷 / 谋杀比尔,tt0266697,8.4,634045,38.8%,43.7%
1291581,https://movie.douban.com/subject/1291581/,怪物史瑞克 Shrek (2001),安德鲁·亚当森 / 薇姬·詹森,威廉·斯泰格 / 泰德·艾略特 / 特里·鲁西奥 / 乔·斯蒂尔曼 / 罗杰·S·H·舒尔曼 / 更多...,麦克·梅尔斯 / 艾迪·墨菲 / 卡梅隆·迪亚兹 / 约翰·利思戈 / 文森特·卡索 / 更多...,喜剧 / 动画 / 家庭 / 奇幻 / 冒险,美国,英语,2001-05-18(美国),90分钟,史力加(港) / 史瑞克(台) / 怪物史莱克,tt0126029,8,208193,23.4%,52.4%
1291582,https://movie.douban.com/subject/1291582/,怪物史瑞克2 Shrek 2 (2004),安德鲁·亚当森,安德鲁·亚当森 / 乔·斯蒂尔曼 / J·大卫·斯提姆 / 戴维·N·韦斯 / 威廉·斯泰格 / 更多...,麦克·梅尔斯 / 艾迪·墨菲 / 卡梅隆·迪亚兹 / 朱莉·安德鲁斯 / 安东尼奥·班德拉斯 / 更多...,喜剧 / 动画 / 家庭 / 奇幻 / 冒险,美国,英语,2004-08-13(中国大陆) / 2004-05-19(美国),93分钟,史力加2(港) / 史瑞克2(台) / 怪物史莱克2,tt0298148,7.7,114643,18.1%,49.7%
1291583,https://movie.douban.com/subject/1291583/,天空之城 天空の城ラピュタ (1986),宫崎骏,宫崎骏,田中真弓 / 横泽启子 / 初井言荣 / 寺田农 / 常田富士男 / 更多...,动画 / 奇幻 / 冒险,日本,日语,1992-05-01(中国大陆) / 2023-06-01(中国大陆重映) / 1986-08-02(日本),125分钟,天空之城拉普他 / 空中城堡拉普他 / Tenkû no shiro Rapyuta / Laputa: Castle in the Sky,tt0092067,9.2,1011912,65.0%,29.3%
1291584,https://movie.douban.com/subject/1291584/,杀死比尔2 Kill Bill: Vol. 2 (2004),昆汀·塔伦蒂诺,昆汀·塔伦蒂诺 / 乌玛·瑟曼,乌玛·瑟曼 / 大卫·卡拉丁 / 刘家辉 / 薇薇卡·福克斯 / 刘玉玲 / 更多...,动作 / 惊悚 / 犯罪,美国,英语 / 汉语普通话 / 粤语 / 日语 / 西班牙语,2004-04-08(洛杉矶首映) / 2004-04-16(美国),137分钟,标杀令2(港) / 追杀比尔2：爱的大逃杀(台) / 杀死比尔：第二卷 / 谋杀比尔2,tt0378194,8.1,369573,31.5%,46.7%
1291585,https://movie.douban.com/subject/1291585/,风之谷 風の谷のナウシカ (1984),宫崎骏,宫崎骏,岛本须美 / 松田洋治 / 榊原良子 / 辻村真人 / 京田尚子 / 更多...,动画 / 奇幻 / 冒险,日本,日语,1992-05(中国大陆) / 1984-03-11(日本),117分钟,风谷少女 / Kaze no tani no Naushika / Nausicaä of the Valley of the Wind,tt0087544,8.9,395891,55.8%,34.9%
1291586,https://movie.douban.com/subject/1291586/,海底总动员 Finding Nemo (2003),安德鲁·斯坦顿 / 李·昂克里奇,安德鲁·斯坦顿 / 鲍勃·彼德森 / 大卫·雷诺兹,艾伯特·布鲁克斯 / 艾伦·德杰尼勒斯 / 亚历山大·古尔德 / 威廉·达福 / 布拉德·加内特 / 更多...,喜剧 / 动画 / 冒险,美国 / 澳大利亚,英语,2003-07-30(中国大陆) / 2003-05-30(美国),100分钟,海底奇兵(港) / 寻找尼莫 / 海底总动员3D / Finding Nemo 3D,tt0266543,8.5,431785,39.8%,47.7%
1291587,https://movie.douban.com/subject/1291587/,埃及王子 The Prince of Egypt (1998),布兰达∙查普曼 / 西蒙·威尔斯 / 史蒂夫·希克纳,菲利普·拉泽布尼克 / 尼古拉斯·迈耶,方·基默 / Ralph Fiennes / 米歇尔·菲佛 / 桑德拉·布洛克 / 杰夫·高布伦 / 更多...,剧情 / 动画 / 冒险,美国,英语 / 希伯来语,1998-12-18(美国),99分钟,,tt0120794,8.1,44794,29.4%,46.7%
1291588,https://movie.douban.com/subject/1291588/,岁月的童话 おもひでぽろぽろ (1991),高畑勋,高畑勋,今井美树 / 柳叶敏郎 / 本名阳子 / 高桥一生 / 饭冢雅弓 / 更多...,剧情 / 爱情 / 动画,日本,德语 / 日语 / 匈牙利语,1991-07-20(日本),118 分钟,岁月的童话(港) / 儿时的点点滴滴(台) / 回忆点点滴滴 / Only Yesterday,tt0102587,8.6,157447,45.6%,40.7%
1291818,https://movie.douban.com/subject/1291818/,饮食男女 飲食男女,李安,李安 / 王蕙玲 / 詹姆斯·夏慕斯,郎雄 / 杨贵媚 / 吴倩莲 / 王渝文 / 张艾嘉 / 更多...,剧情 / 家庭,中国台湾 / 美国,汉语普通话 / 闽南语 / 湖南话,1994-07-02(中国台湾) / 1994-05-13(戛纳电影节) / 1994-08-03(美国),124分钟,Eat Drink Man Woman,tt0111797,9.2,728609,64.5%,30.4%
1291822,https://movie.douban.com/subject/1291822/,卢旺达饭店 Hotel Rwanda (2004),特瑞·乔治,凯尔·皮尔森 / 特瑞·乔治,唐·钱德尔 / 苏菲·奥康内多 / 华金·菲尼克斯 / 尼克·诺特 / 哈基姆·凯-卡西姆 / 更多...,剧情 / 传记 / 历史 / 战争,英国 / 南非 / 意大利 / 美国,英语 / 法语,2004-09-11(多伦多电影节) / 2005-03-04(英国),121分钟,卢安达饭店(台),tt0395169,8.9,369624,54.0%,38.3%
1291824,https://movie.douban.com/subject/1291824/,黑鹰坠落 Black Hawk Down (2001),雷德利·斯科特,肯·诺兰 / 马克·鲍登,乔什·哈奈特 / 伊万·麦克格雷格 / 汤姆·塞兹摩尔 / 金·寇兹 / 艾文·布莱纳 / 更多...,动作 / 历史 / 战争,美国 / 英国,英语 / 阿拉伯语,2001-12-18(美国),144分钟 / 142分钟(德国) / 152分钟(加长版),黑鹰15小时(港) / 黑鹰计划(台) / 黑鹰降落,tt0265086,8.7,320778,47.3%,41.3%
1291828,https://movie.douban.com/subject/1291828/,天堂电影院 Nuovo Cinema Paradiso (1988),朱塞佩·托纳多雷,朱塞佩·托纳多雷 / 瓦娜·波利,菲利普·努瓦雷 / 萨瓦特利·卡西欧 / 雅克·贝汉 / 马克·莱昂纳蒂 / 莱奥波多·特里耶斯泰 / 更多...,剧情 / 爱情,意大利 / 法国,意大利语,2021-06-11(中国大陆) / 1988-11-17(意大利),173分钟(导演剪辑版) / 125分钟 / 124分钟(中国大陆),星光伴我心(港) / 新天堂乐园(台) / Cinema Paradiso,tt0095765,9.2,743333,66.0%,27.9%
1291831,https://movie.douban.com/subject/1291831/,灿烂人生 La meglio gioventù (2003),马可·图利奥·吉奥达纳,桑德罗·佩特拉利亚 / 斯特法诺·鲁利,路易吉·洛·卡肖 / 阿莱西奥·博尼 / 索尼娅·贝加马斯科 / 玛雅·珊萨 / 法布里齐奥·吉福尼 / 更多...,剧情 / 爱情 / 家庭,意大利,意大利语,2003-05-20(戛纳电影节) / 2003-06-20(意大利),366分钟,灿烂时光(台) / 最好的青春 / 少年万岁 / 璀璨人生 / The Best of Youth,tt0346336,9.3,87390,72.9%,21.3%
1291832,https://movie.douban.com/subject/1291832/,低俗小说 Pulp Fiction,昆汀·塔伦蒂诺,昆汀·塔伦蒂诺 / 罗杰·阿夫瑞,约翰·特拉沃尔塔 / 乌玛·瑟曼 / 阿曼达·普拉莫 / 蒂姆·罗斯 / 塞缪尔·杰克逊 / 更多...,剧情 / 喜剧 / 犯罪,美国,英语 / 西班牙语 / 法语,1994-05-12(戛纳电影节) / 1994-10-14(美国),154分钟,危险人物(港) / 黑色追缉令(台) / 黑色追击令 / 低级趣味小说,tt0110912,8.9,963890,55.8%,34.4%
1291833,https://movie.douban.com/subject/1291833/,杯酒人生 Sideways (2004),亚历山大·佩恩,亚历山大·佩恩 / 吉姆·泰勒 / 雷克斯·皮克特,保罗·吉亚玛提 / 托马斯·哈登·丘奇 / 维吉妮娅·马德森 / 吴珊卓 / 玛丽路易丝·贝克 / 更多...,剧情 / 喜剧 / 爱情,美国 / 匈牙利,英语 / 亚美尼亚语,2004-09-13(多伦多电影节) / 2004-10-22(美国) / 2005-02-03(匈牙利),126分钟,酒佬日记(港) / 寻找新方向(台) / 并肩前行,tt0375063,7.9,61919,24.2%,50.4%
1291835,https://movie.douban.com/subject/1291835/,迷失东京 Lost in Translation (2003),索菲亚·科波拉,索菲亚·科波拉,斯嘉丽·约翰逊 / 比尔·默瑞 / 吉奥瓦尼·瑞比西 / 竹下明子 / 安娜·法瑞丝 / 更多...,剧情 / 爱情,美国 / 日本,英语 / 日语 / 德语 / 法语,2003-08-29(特柳赖德电影节) / 2003-10-03(美国),102 分钟,爱情，不用翻译(台) / 迷语东京,tt0335266,7.8,255030,23.5%,45.5%
1291836,https://movie.douban.com/subject/1291836/,戴珍珠耳环的少女 Girl with a Pearl Earring (2003),彼得·韦柏,奥莉薇亚·黑特理德,科林·费尔斯 / 斯嘉丽·约翰逊 / 汤姆·威尔金森 / 朱迪·帕瑞福特 / 基里安·墨菲 / 更多...,剧情 / 爱情 / 传记,英国 / 卢森堡 / 法国 / 比利时 / 美国,英语,2003-08-31(特柳赖德电影节) / 2004-01-16(英国),100分钟,画意私情(港),tt0335119,7.8,183887,19.7%,51.9%
1291838,https://movie.douban.com/subject/1291838/,红猪 紅の豚 (1992),宫崎骏,宫崎骏,森山周一郎 / 加藤登纪子 / 冈村明美 / 桂三枝 / 上条恒彦 / 更多...,喜剧 / 动画 / 冒险,日本,日语,2023-11-17(中国大陆) / 1992-07-18(日本),94分钟,飞天红猪侠(港) / Porco Rosso / Crimson Pig,tt0104652,8.6,296090,44.8%,40.7%
1291839,https://movie.douban.com/subject/1291839/,银翼杀手 Blade Runner (1982),雷德利·斯科特,汉普顿·范彻 / 大卫·韦伯·皮普尔斯 / 菲利普·迪克,哈里森·福特 / 鲁格·豪尔 / 肖恩·杨 / 爱德华·詹姆斯·奥莫斯 / M·埃梅特·沃尔什 / 更多...,科幻 / 惊悚,美国 / 英国 / 中国香港,英语 / 德语 / 粤语 / 日语 / 匈牙利语 / 阿拉伯语,1982-06-25(美国),117分钟(最终剪辑版) / 116分钟(导演剪辑版),公元2020 / 叛狱追杀令 / 刀刃警探,tt0083658,8.6,309936,47.0%,38.1%
1291840,https://movie.douban.com/subject/1291840/,走出非洲 Out of Africa (1985),西德尼·波拉克,卡琳·布里克森 / 科特·路德特克 / 大卫·雷菲尔德,梅丽尔·斯特里普 / 罗伯特·雷德福 / 克劳斯·马利亚·布朗道尔 / 迈克尔·基臣 / 马利克·鲍恩斯 / 更多...,剧情 / 爱情 / 传记 / 冒险,美国,英语 / 斯瓦希里语,1985-12-10(洛杉矶首映) / 1985-12-20(美国),161分钟,非洲之旅(港) / 远离非洲(台),tt0089755,8.7,108577,46.6%,41.0%
1291841,https://movie.douban.com/subject/1291841/,教父 The Godfather (1972),弗朗西斯·福特·科波拉,马里奥·普佐 / 弗朗西斯·福特·科波拉,马龙·白兰度 / 阿尔·帕西诺 / 詹姆斯·肯恩 / 理查德·S·卡斯特尔诺 / 罗伯特·杜瓦尔 / 更多...,剧情 / 犯罪,美国,英语 / 意大利语 / 拉丁语,1972-03-15(纽约首映) / 1972-03-24(美国),175 分钟,Mario Puzo's The Godfather,tt0068646,9.3,1110316,72.0%,22.7%
1291843,https://movie.douban.com/subject/1291843/,黑客帝国 The Matrix (1999),莉莉·沃卓斯基 / 拉娜·沃卓斯基,莉莉·沃卓斯基 / 拉娜·沃卓斯基,基努·里维斯 / 劳伦斯·菲什伯恩 / 凯瑞-安·莫斯 / 雨果·维文 / 格洛丽亚·福斯特 / 乔·潘托里亚诺 / 马库斯·钟 / 朱利安·阿拉汗加 / 马特·多兰 / 贝琳达·麦克洛里 / 安东尼·雷·帕克 / 罗伯特·泰勒 / 阿达·尼科德莫 / 罗温·维特 / 塔玛拉·布朗 / 纳塔莉·特珍 / 比尔·扬 / 克里斯·斯科特 / 纳许·埃哲顿,动作 / 科幻,美国,英语,2000-01-14(中国大陆) / 1999-03-31(美国),136分钟,22世纪杀人网络(港) / 廿二世纪杀人网络(港) / 骇客任务(台) / 骇客帝国,tt0133093,9.1,953618,63.6%,29.5%
1291844,https://movie.douban.com/subject/1291844/,终结者2：审判日 Terminator 2: Judgment Day (1991),詹姆斯·卡梅隆,詹姆斯·卡梅隆 / 小威廉·威谢尔,阿诺·施瓦辛格 / 琳达·汉密尔顿 / 爱德华·福隆 / 罗伯特·帕特里克 / 厄尔·伯恩 / 更多...,动作 / 科幻,美国 / 法国,英语 / 西班牙语,1991-07-03(美国) / 2017-02-17(柏林电影节 3D),137分钟 / 153分钟(特别版) / 156分钟(终极剪辑版),未来战士2(港) / 魔鬼终结者2(台) / 终结者2 / 终结者2：末日审判 / 终结者续集：世界末日 / T2,tt0103064,8.8,389481,51.7%,38.3%
1291847,https://movie.douban.com/subject/1291847/,十七岁的单车 (2001),王小帅,唐大年 / 徐小明 / 焦雄屏 / 王小帅,崔林 / 李滨 / 周迅 / 高圆圆 / 李梦男 / 更多...,剧情,中国大陆 / 中国台湾 / 法国,汉语普通话,2001-02-17(柏林电影节),113分钟,17岁的单车 / 自行车 / 北京自行车 / Beijing Bicycle,tt0276501,7.8,119604,20.8%,52.7%
1291850,https://movie.douban.com/subject/1291850/,站台 (2000),贾樟柯,贾樟柯,王宏伟 / 赵涛 / 梁景东 / 杨荔钠 / 韩三明,剧情 / 历史,中国大陆 / 中国香港 / 日本 / 法国,汉语普通话 / 晋语,2000-09-04(威尼斯电影节),154分钟 / 193分钟(威尼斯电影节),Platform,tt0258885,8.4,82437,37.8%,46.9%
1291851,https://movie.douban.com/subject/1291851/,小武 (1998),贾樟柯,贾樟柯,王宏伟 / 郝鸿建 / 左百韬,剧情,中国香港 / 中国大陆,晋语 / 汉语普通话,1998-02-18(柏林电影节),108分钟 / 113分钟,The Pickpocket / 一瞬の夢,tt0144020,8.6,171940,43.1%,45.1%
1291852,https://movie.douban.com/subject/1291852/,弗里达 Frida (2002),朱丽·泰莫,克兰西·西加尔 / 黛安娜·莱克 / 格雷戈里·内瓦 / 安娜·托马斯,萨尔玛·海耶克 / 阿尔弗雷德·莫里纳 / 米娅·麦斯特罗 / 艾什莉·贾德 / 安东尼奥·班德拉斯 / 更多...,剧情 / 爱情 / 传记,美国 / 墨西哥 / 加拿大,英语 / 法语 / 俄语 / 西班牙语,2002-08-29(威尼斯电影节) / 2002-11-20(墨西哥) / 2002-11-22(美国),123分钟,笔姬别恋(港) / 挥洒烈爱(台) / 弗莱达,tt0120679,8.7,91041,48.1%,41.2%
1291853,https://movie.douban.com/subject/1291853/,英国病人 The English Patient (1996),安东尼·明格拉,安东尼·明格拉 / 迈克尔·翁达杰,拉尔夫·费因斯 / 朱丽叶·比诺什 / 威廉·达福 / 克里斯汀·斯科特·托马斯 / 纳威恩·安德利维斯 / 更多...,剧情 / 爱情 / 战争,美国 / 英国,英语 / 德语 / 意大利语 / 阿拉伯语,1996-12-06(美国) / 1997-03-14(英国),162分钟,别问我是谁(港) / 英伦情人(台),tt0116209,8.5,297817,41.9%,43.1%
1291856,https://movie.douban.com/subject/1291856/,戏梦巴黎 The Dreamers (2003),贝纳尔多·贝托鲁奇,吉尔伯特·阿代尔,迈克尔·皮特 / 伊娃·格林 / 路易·加瑞尔 / 安娜·钱斯勒 / 罗宾·瑞努奇 / 更多...,剧情 / 爱情 / 情色,法国 / 英国 / 意大利,英语 / 法语,2003-09-01(威尼斯电影节) / 2003-10-10(法国),115分钟,梦想家 / 巴黎初体验 / 爱作爱作梦 / Innocents / Paris '68,tt0309987,8.1,260418,31.7%,46.5%
1291857,https://movie.douban.com/subject/1291857/,乐士浮生录 Buena Vista Social Club (1999),维姆·文德斯,维姆·文德斯 / 尼克·戈德,Octavio Calderon / Joachim Cooder / 莱·库德 / Angel Terry Domech / Ibrahim Ferrer / 更多...,纪录片 / 音乐,德国 / 美国 / 英国 / 法国 / 古巴,英语 / 西班牙语,1999-02-17(柏林电影节) / 1999-06-04(德国),105分钟,乐满哈瓦那 / 乐满夏湾拿(港) / 博伟俱乐部,tt0186508,9,16053,59.5%,32.2%
1291858,https://movie.douban.com/subject/1291858/,鬼子来了 (2000),姜文,姜文 / 史建全 / 述平 / 尤凤伟,姜文 / 香川照之 / 袁丁 / 姜宏波 / 丛志军 / 更多...,剧情 / 喜剧,中国大陆,汉语普通话 / 日语 / 唐山话,2000-05-12(戛纳电影节) / 2002-04-27(日本),139分钟 / 162分钟(戛纳电影节),Devils on the Doorstep,tt0245929,9.3,717526,71.3%,23.8%
1291859,https://movie.douban.com/subject/1291859/,布拉格之恋 The Unbearable Lightness of Being (1988),菲利普·考夫曼,米兰·昆德拉 / 让-克劳德·卡里埃尔 / 菲利普·考夫曼,丹尼尔·戴-刘易斯 / 朱丽叶·比诺什 / 莉娜·奥琳 / 德雷克·德·林特 / 厄兰·约瑟夫森 / 更多...,剧情 / 爱情,美国,英语,1988-02-05(美国),171分钟,布拉格的春天(台) / 生命中不能承受之轻 / 生命不能承受之轻 / 布拉格之春 / 沉重浮生,tt0096332,8.2,72809,32.1%,48.0%
1291860,https://movie.douban.com/subject/1291860/,瓦尔特保卫萨拉热窝 Валтер брани Сарајево (1972),哈伊鲁丁·克尔瓦瓦茨,乔尔杰·莱博维奇,韦利米尔·巴塔·日沃伊诺维奇 / 拉德·马尔科维奇 / 留比沙·萨马季奇 / 娜达·斯帕索耶维奇 / 德拉戈米尔·吉德拉·博扬尼奇 / 更多...,战争,南斯拉夫,塞尔维亚语 / 德语,1972-11-30(匈牙利),133分钟 / 128分钟(中国),Valter brani Sarajevo / Walter Defends Sarajevo,tt0069452,8.8,17341,50.0%,39.1%
1291863,https://movie.douban.com/subject/1291863/,追捕 君よ憤怒の河を渉れ (1976),佐藤纯弥,田坂启 / 西村寿行,高仓健 / 原田芳雄 / 西村晃 / 中野良子 / 田中邦卫 / 更多...,剧情 / 动作 / 犯罪,日本,日语,1978(中国大陆) / 1976-02-11(日本),151分钟,越过愤怒的河 / 你一定要趟过愤怒的河 / Arrest / Manhunt / Hot Pursuit / Big Pursuit in Hokkaido,tt0327002,8.2,32628,32.6%,49.2%
1291865,https://movie.douban.com/subject/1291865/,流浪者 Awaara (1951),拉兹·卡普尔,Khwaja Ahmad Abbas / V.P. Sathe,拉兹·卡普尔 / 纳尔吉丝 / 普利特维拉·卡浦尔 / 沙希·卡普尔,剧情 / 爱情 / 歌舞,印度,印地语,1951-12-14(印度),193分钟,The Vagabond,tt0043306,8.4,6155,36.7%,48.1%
1291866,https://movie.douban.com/subject/1291866/,佐罗 Zorro (1975),杜奇奥·泰萨利,乔治·阿洛里奥,阿兰·德龙 / 奥塔维亚·皮科洛 / 恩佐·塞鲁西科 / 穆斯塔什 / 吉雅科莫·罗西·斯图尔特,喜剧 / 动作 / 西部 / 冒险,法国 / 意大利,意大利语 / 英语,1975-03-06,124分钟,大决斗 / 神鞭大侠,tt0072448,8.1,21572,28.5%,51.9%
1291868,https://movie.douban.com/subject/1291868/,情人 L'amant (1992),让-雅克·阿诺,让-雅克·阿诺 / 热拉尔·布拉什 / 玛格丽特·杜拉斯,珍·玛奇 / 梁家辉 / 弗雷德丽克·梅南热 / 阿诺·乔瓦尼内蒂 / 梅尔维尔·珀波 / 更多...,剧情 / 爱情 / 情色 / 传记,法国 / 英国 / 越南,英语 / 粤语,1992-01-22(法国) / 1992-06-19(英国),115分钟,The Lover,tt0101316,8.2,287260,32.3%,49.3%
1291869,https://movie.douban.com/subject/1291869/,本能 Basic Instinct (1992),保罗·范霍文,乔·埃泽特哈斯,迈克尔·道格拉斯 / 莎朗·斯通 / 乔治·杜兹达扎 / 珍妮·特里普尔霍恩 / 丹尼斯·阿尔恩特,剧情 / 悬疑 / 惊悚,美国 / 法国,英语,1992-03-20,128分钟,第六感追缉令(台) / 氷の微笑,tt0103772,7.9,178510,23.5%,50.4%
1291870,https://movie.douban.com/subject/1291870/,雨人 Rain Man (1988),巴瑞·莱文森,罗纳德·巴斯 / 巴里·莫罗,达斯汀·霍夫曼 / 汤姆·克鲁斯 / 瓦莱丽亚·戈利诺 / 邦妮·亨特 / 贝丝·格兰特 / 更多...,剧情,美国,英语 / 意大利语,1988-12-16(美国),133分钟,手足情未了(港) / 手足情深,tt0095953,8.7,445692,47.1%,43.1%
1291872,https://movie.douban.com/subject/1291872/,苔丝 Tess (1979),罗曼·波兰斯基,托马斯·哈代 / 热拉尔·布拉什 / 罗曼·波兰斯基 / 约翰·布朗约翰,约翰·科林 / 托尼·丘奇 / 娜塔莎·金斯基 / 彼得·弗斯 / 约翰·贝特 / 更多...,剧情 / 爱情,英国 / 法国,英语,1979-10-25,184分钟 / 172分钟(DVD) / 150分钟(阿根廷) / 170分钟(法国),黛丝姑娘(港),tt0080009,8.2,47439,30.3%,52.4%
1291875,https://movie.douban.com/subject/1291875/,阳光灿烂的日子,姜文,姜文 / 王朔,夏雨 / 宁静 / 陶虹 / 耿乐 / 斯琴高娃 / 更多...,剧情 / 爱情,中国大陆 / 中国香港,汉语普通话,1995-08-21(中国大陆) / 1995-06-28(中国香港) / 1994-09-09(威尼斯电影节),134分钟(中国大陆) / 138分钟(威尼斯电影节) / 128分钟(DVD版) / 140分钟(修复版) / 225分钟(初剪版),In the Heat of the Sun,tt0111786,8.8,699706,52.5%,37.7%
1291876,https://movie.douban.com/subject/1291876/,黄土地 (1984),陈凯歌,张子良 / 柯蓝 / 陈凯歌,薛白 / 王学圻 / 谭托 / 刘强,剧情 / 音乐,中国大陆,汉语普通话 / 陕西方言,1984(中国大陆) / 1985-08-10(洛迦诺电影节) / 1985-09-10(多伦多电影节),90分钟,深谷回声 / Yellow Earth,tt0087433,8,44659,24.7%,52.2%
1291877,https://movie.douban.com/subject/1291877/,两生花 La Double vie de Véronique (1991),克日什托夫·基耶斯洛夫斯基,克日什托夫·基耶斯洛夫斯基 / 克日什托夫·皮耶谢维奇,伊莲娜·雅各布 / 哈丽娜·格雷格拉谢夫斯卡 / 卡里娜·谢鲁斯克 / 亚历山大·巴尔迪尼 / 瓦迪斯瓦夫·科瓦尔斯基 / 更多...,剧情 / 爱情 / 奇幻,法国 / 波兰 / 挪威,法语 / 波兰语 / 意大利语,1991-05-15(法国) / 1991-09-20(挪威) / 1991-10-06(波兰),98分钟,薇洛妮卡的双重生活 / 维罗尼卡的双重生命 / 双面薇若妮卡(台) / 双生花 / 今世今生 / The Double Life of Veronique / Podwójne życie Weroniki / Die zwei Leben der Veronika,tt0101765,8.3,89539,37.7%,43.6%
1291878,https://movie.douban.com/subject/1291878/,不良教育 La mala educación (2004),佩德罗·阿莫多瓦,佩德罗·阿莫多瓦,盖尔·加西亚·贝纳尔 / 费雷·马丁内兹 / 丹尼尔·希梅内斯·卡乔 / 路易斯·奥马 / 弗朗西斯科·梅斯特 / 更多...,剧情 / 悬疑 / 惊悚 / 同性 / 犯罪,西班牙,西班牙语 / 拉丁语,2004-03-19(西班牙),106 分钟,圣·教·欲(港) / 坏教欲(台) / 毁灭性教育 / Bad Education,tt0275491,8.3,45157,32.9%,50.2%
1291879,https://movie.douban.com/subject/1291879/,罗生门 羅生門 (1950),黑泽明,黑泽明 / 桥本忍 / 芥川龙之介,三船敏郎 / 京町子 / 森雅之 / 志村乔 / 千秋实 / 更多...,剧情 / 悬疑 / 犯罪,日本,日语,1950-08-26(日本),88分钟,Rashomon,tt0042876,8.8,361392,51.9%,38.1%
1291936,https://movie.douban.com/subject/1291936/,攻壳机动队 攻殻機動隊 (1995),押井守,伊藤和典 / 士郎正宗,田中敦子 / 大塚明夫 / 山寺宏一 / 大木民夫 / 家弓家正 / 更多...,动作 / 科幻 / 动画,日本,日语,2025-05-10(中国大陆) / 1995-11-18(日本),83分钟,Ghost in the Shell,tt0113568,9,221202,60.6%,31.2%
1291937,https://movie.douban.com/subject/1291937/,关于我母亲的一切 Todo sobre mi madre (1999),佩德罗·阿莫多瓦,佩德罗·阿莫多瓦,塞西莉亚·罗特 / 玛丽萨·帕雷德斯 / 坎德拉·佩尼亚 / 安东尼亚·圣胡安 / 佩内洛普·克鲁兹 / 更多...,剧情,西班牙 / 法国,西班牙语 / 加泰罗尼亚语 / 英语,1999-04-08(西班牙首映) / 1999-04-16(西班牙) / 1999-05-15(戛纳电影节) / 1999-05-19(法国),101分钟,论尽我阿妈(港) / 我的母亲(台) / All About My Mother,tt0185125,8.5,82710,42.1%,44.5%
1291976,https://movie.douban.com/subject/1291976/,狗脸的岁月 Mitt liv som hund (1985),拉斯·霍尔斯道姆,拉斯·霍尔斯道姆 / 雷达尔·荣松 / 布拉西·布兰斯特罗姆 / 波·伯格伦德,安东·格兰泽柳斯 / 托马斯·冯·布罗姆森 / 安琪·丽登 / 梅琳达·金纳曼 / 基克基·伦德格伦 / 更多...,剧情 / 喜剧,瑞典,瑞典语,1985-12-12,101 分钟,狗脸岁月 / My Life as a Dog,tt0089606,8.4,18998,37.5%,47.6%
1291989,https://movie.douban.com/subject/1291989/,原始星球 La planète sauvage (1973),阿内·拉鲁,斯蒂凡·乌尔 / 洛朗·托坡尔 / 阿内·拉鲁,Jennifer Drake / Eric Baugin / 让·托帕尔 / 让·瓦尔蒙 / Sylvie Lenoir / 更多...,科幻 / 动画,法国 / 捷克斯洛伐克,法语,1973-05(戛纳电影节) / 1973-12-06(法国),72 分钟,神奇星球 / 奇幻星球 / Fantastic Planet,tt0070544,8.7,39782,47.7%,41.5%
1291990,https://movie.douban.com/subject/1291990/,爱在日落黄昏时 Before Sunset (2004),理查德·林克莱特,理查德·林克莱特 / 朱莉·德尔佩 / 伊桑·霍克 / 金·克里桑,伊桑·霍克 / 朱莉·德尔佩 / 弗农·多布切夫 / 路易丝·勒莫瓦纳·托雷斯 / 罗多尔·保利 / 更多...,剧情 / 爱情,美国 / 法国,英语 / 法语,2004-02-10(柏林电影节) / 2004-07-30(美国),80 分钟,日落巴黎(港) / 爱在日落巴黎时(台) / 日落之前 / 情留相逢时 / 爱在日落余晖时 / 爱在日落黄昏前,tt0381681,8.9,659105,56.5%,33.7%
1291992,https://movie.douban.com/subject/1291992/,末路狂花 Thelma & Louise (1991),雷德利·斯科特,卡莉·克里,吉娜·戴维斯 / 苏珊·萨兰登 / 哈威·凯特尔 / 迈克尔·马德森 / 布拉德·皮特,剧情 / 惊悚 / 犯罪,美国 / 英国 / 法国,英语,1991-05-24(美国) / 1991-05-29(法国),130 分钟,塞尔玛与路易丝,tt0103074,9,354655,59.3%,32.9%
1291999,https://movie.douban.com/subject/1291999/,重庆森林 重慶森林,王家卫,王家卫,林青霞 / 金城武 / 梁朝伟 / 王菲 / 周嘉玲,剧情 / 爱情,中国香港,粤语 / 汉语普通话 / 英语 / 印地语 / 日语,1994-07-14(中国香港),102分钟 / 111分钟(台湾版DVD),Chungking Express,tt0109424,8.8,927894,51.3%,37.6%
1292000,https://movie.douban.com/subject/1292000/,搏击俱乐部 Fight Club (1999),大卫·芬奇,恰克·帕拉尼克 / 吉姆·乌尔斯,爱德华·诺顿 / 布拉德·皮特 / 海伦娜·伯翰·卡特 / 扎克·格雷尼尔 / 米特·洛夫 / 更多...,剧情 / 动作 / 悬疑 / 惊悚,美国,英语,1999-09-10(威尼斯电影节) / 1999-10-15(美国),139 分钟,搏击会(港) / 斗阵俱乐部(台) / 格斗俱乐部,tt0137523,9,979701,61.6%,29.8%
1292001,https://movie.douban.com/subject/1292001/,海上钢琴师 La leggenda del pianista sull'oceano (1998),朱塞佩·托纳多雷,亚历山德罗·巴里科 / 朱塞佩·托纳多雷,蒂姆·罗斯 / 普路特·泰勒·文斯 / 比尔·努恩 / 克兰伦斯·威廉姆斯三世 / 梅兰尼·蒂埃里 / 更多...,剧情 / 音乐,意大利,英语 / 法语 / 意大利语,2019-11-15(中国大陆) / 2024-11-15(中国大陆重映) / 1998-10-28(意大利),120分钟(国际版) / 170分钟(加长版) / 126分钟,声光伴我飞(港) / 一九零零的传奇 / 1900海上钢琴师 / 传奇1900 / The Legend of 1900 / The Legend Of The Pianist On The Ocean,tt0120731,9.3,1883246,70.9%,24.0%
1292047,https://movie.douban.com/subject/1292047/,蓝白红三部曲之红 Trois couleurs: Rouge,克日什托夫·基耶斯洛夫斯基,克日什托夫·基耶斯洛夫斯基 / 克日什托夫·皮耶谢维奇 / 阿格涅丝卡·霍兰 / 爱德华·泽布罗夫斯基 / 爱德华·克罗西斯基,伊莲娜·雅各布 / 让-路易·特兰蒂尼昂 / 弗雷德里奎·费德 / 让-皮耶·罗利特 / 塞缪尔·勒·比汉 / 更多...,剧情 / 爱情 / 悬疑,法国 / 波兰 / 瑞士,法语,1994-05-12(戛纳电影节) / 1994-05-27(波兰) / 1994-09-14(法国),99分钟,红 / 红色情深(台) / 三色之红色篇 / 三色：红 / 红色 / Three Colors: Red,tt0111495,8.8,140913,49.7%,39.4%
1292048,https://movie.douban.com/subject/1292048/,蓝白红三部曲之蓝 Trois couleurs: Bleu (1993),克日什托夫·基耶斯洛夫斯基,克日什托夫·基耶斯洛夫斯基 / 克日什托夫·皮耶谢维奇 / 阿格涅丝卡·霍兰 / 爱德华·泽布罗夫斯基 / 斯拉沃米尔·埃迪扎克,朱丽叶·比诺什 / 贝努特·里格恩特 / 弗罗伦斯·派梅尔 / 夏洛特·韦里 / 海伦·文森特 / 更多...,剧情 / 爱情 / 音乐,法国 / 波兰 / 瑞士,法语 / 波兰语 / 罗马尼亚语,1993-09-03(特柳赖德电影节) / 1993-09-08(法国) / 1993-10-10(波兰),98分钟,蓝 / 蓝色情挑(台) / 三色之蓝色篇 / 三色：蓝 / 蓝色 / Three Colors: Blue,tt0108394,8.5,162597,40.3%,45.6%
1292049,https://movie.douban.com/subject/1292049/,蓝白红三部曲之白 Trois couleurs: Blanc,克日什托夫·基耶斯洛夫斯基,克日什托夫·基耶斯洛夫斯基 / 克日什托夫·皮耶谢维奇 / 阿格涅丝卡·霍兰 / 爱德华·泽布罗夫斯基 / 爱德华·克罗西斯基 / 更多...,齐伯尼·查马修瓦斯基 / 朱莉·德尔佩 / 雅努什·加约斯 / 耶日·斯图尔 / 亚历山大·巴尔迪尼 / 更多...,剧情 / 喜剧 / 爱情 / 悬疑,法国 / 波兰 / 瑞士,法语 / 波兰语,1994-01-26(法国) / 1994-02-25(波兰),92分钟,白 / 白色情迷(台) / 三色之白色篇 / 三色：白 / 白色 / Three Colors: White,tt0111507,8.3,126638,34.3%,49.4%
1292050,https://movie.douban.com/subject/1292050/,洛基恐怖秀 The Rocky Horror Picture Show (1975),吉姆·沙曼,吉姆·沙曼 / 理查德·奥布里恩,蒂姆·克里 / 理查德·奥布里恩 / 帕特里夏·奎因 / 苏珊·萨兰登 / 内尔·坎贝尔 / 更多...,喜剧 / 歌舞,英国 / 美国,英语,1975-08-14,100 分钟 / USA: 98 分钟(edited version),洛基恐怖舞会 / 洛奇恐怖晚会(港),tt0073629,8.1,30340,36.8%,38.7%
1292052,https://movie.douban.com/subject/1292052/,肖申克的救赎 The Shawshank Redemption,弗兰克·德拉邦特,弗兰克·德拉邦特 / 斯蒂芬·金,蒂姆·罗宾斯 / 摩根·弗里曼 / 鲍勃·冈顿 / 威廉·赛德勒 / 克兰西·布朗 / 更多...,剧情 / 犯罪,美国,英语,1994-09-10(多伦多电影节) / 1994-10-14(美国),142分钟,月黑高飞(港) / 刺激1995(台) / 地狱诺言 / 铁窗岁月 / 消香克的救赎,tt0111161,9.7,3291862,85.5%,12.9%
1292055,https://movie.douban.com/subject/1292055/,再见列宁 Good Bye Lenin! (2003),沃尔夫冈·贝克,贝尔恩德·利希滕伯格 / 沃尔夫冈·贝克,丹尼尔·布鲁赫 / 卡特琳·萨斯 / 丘尔潘·哈马托娃 / 弗洛里安·卢卡斯 / 亚历山大·拜尔,剧情 / 喜剧,德国,德语,2003-02-09(柏林电影节) / 2003-02-13(德国),121分钟,快乐的谎言(港) / 再见，列宁！(台) / 民主德国在79平方米房间里的延续 / Goodbye Lenin! / Good bye Lenin! : die DDR lebt weiter - auf 79 qm!,tt0301357,8.8,95558,50.6%,40.3%
1292056,https://movie.douban.com/subject/1292056/,蝴蝶 Le papillon (2002),费利普·弥勒,费利普·弥勒,米歇尔·塞罗尔 / 柯莱儿·布翁尼许 / 娜德·蒂约 / 奥黛丽·玛丽奥 / 弗朗索瓦·米肖 / 更多...,剧情 / 喜剧 / 儿童,法国,法语,2002-12-18(法国),85分钟,The Butterfly,tt0329485,8.6,127565,42.6%,45.4%
1292062,https://movie.douban.com/subject/1292062/,美国丽人 American Beauty (1999),萨姆·门德斯,艾伦·鲍尔,凯文·史派西 / 安妮特·贝宁 / 索拉·伯奇 / 韦斯·本特利 / 米娜·苏瓦丽 / 更多...,剧情 / 爱情 / 家庭,美国,英语,1999-09-08(洛杉矶首映) / 1999-10-01(美国),122分钟,美丽有罪(港) / 美国心·玫瑰情(台) / 美国大美人 / 美国美人 / 美国少女 / 红蔷薇,tt0169547,8.6,361370,42.6%,43.9%
1292063,https://movie.douban.com/subject/1292063/,美丽人生 La vita è bella (1997),罗伯托·贝尼尼,温琴佐·切拉米 / 罗伯托·贝尼尼,罗伯托·贝尼尼 / 尼可莱塔·布拉斯基 / 乔治·坎塔里尼 / 朱斯蒂诺·杜拉诺 / 赛尔乔·比尼·布斯特里克 / 更多...,剧情 / 喜剧 / 爱情 / 战争,意大利,意大利语 / 德语 / 英语,2020-01-03(中国大陆) / 1997-12-20(意大利),116分钟(国际版) / 125分钟,一个快乐的传说(港) / Life Is Beautiful,tt0118799,9.5,1485269,80.2%,17.0%
1292064,https://movie.douban.com/subject/1292064/,楚门的世界 The Truman Show (1998),彼得·威尔,安德鲁·尼科尔,金·凯瑞 / 劳拉·琳妮 / 艾德·哈里斯 / 诺亚·艾默里奇 / 娜塔莎·麦克艾霍恩,剧情 / 科幻,美国,英语,1998-06-05(美国),103分钟,真人Show(港) / 真人戏 / 真人世界 / 楚门秀 / 真人秀,tt0120382,9.4,2024775,72.7%,23.8%
1292065,https://movie.douban.com/subject/1292065/,疤面煞星 Scarface (1983),布莱恩·德·帕尔玛,奥利佛·斯通,阿尔·帕西诺 / 斯蒂文·鲍尔 / 米歇尔·菲佛 / 玛丽·伊丽莎白·马斯特兰托尼奥 / 罗伯特·劳吉亚,剧情 / 惊悚 / 犯罪,美国,英语 / 西班牙语,1983-12-01(美国),170分钟,疤面人 / 疤脸人,tt0086250,8.4,104453,36.8%,46.2%
1292067,https://movie.douban.com/subject/1292067/,冰血暴 Fargo (1996),乔尔·科恩,乔尔·科恩 / 伊桑·科恩,威廉·H·梅西 / 史蒂夫·布西密 / 彼得·斯特曼 / 弗兰西斯·麦克多蒙德 / 哈威·普雷斯内尔 / 更多...,剧情 / 惊悚 / 犯罪,美国 / 英国,英语,1996-03-08(美国),98分钟,雪花高离奇命案(港) / 笨贼满天飞 / 法高镇 / 法尔戈 / 冰雪暴,tt0116282,8,119980,25.4%,52.4%
1292206,https://movie.douban.com/subject/1292206/,地下 Подземље (1995),埃米尔·库斯图里察,杜尚·科瓦切维奇 / 埃米尔·库斯图里察,米基·马诺伊洛维奇 / 拉扎尔·里斯托夫斯基 / 米里亚娜·约科维奇 / 斯拉夫科·什蒂马茨 / 恩斯特·施托兹,剧情 / 战争,南斯拉夫 / 法国 / 德国 / 保加利亚 / 捷克 / 匈牙利 / 英国 / 美国,塞尔维亚语 / 德语 / 法语 / 英语 / 俄语,1995-04-01(南斯拉夫),170 分钟 / 167 分钟(美国) / 320 分钟(导演剪辑版),地下社会(台) / 没有天空的都市 / Underground,tt0114787,9.2,85686,70.2%,22.6%
1292207,https://movie.douban.com/subject/1292207/,铁皮鼓 Die Blechtrommel (1979),沃尔克·施隆多夫,沃尔克·施隆多夫 / 弗朗茨·塞茨 / 让-克劳德·卡里埃尔,马里奥·阿多夫 / 安吉拉·温科勒 / 大卫·本奈特 / 卡特琳娜·塔巴赫 / 达尼尔·奥勒布里斯基 / 更多...,剧情 / 历史 / 战争,西德 / 波兰 / 法国 / 南斯拉夫,德语 / 波兰语 / 俄语 / 意大利语 / 希伯来语,1979-05-03,142分钟 / 162分钟(导演剪辑版),锡鼓 / 拒绝长大的男孩 / The Tin Drum,tt0078875,8.3,65554,35.2%,47.2%
1292208,https://movie.douban.com/subject/1292208/,上帝之城 Cidade de Deus (2002),费尔南多·梅里尔斯 / 卡蒂亚·伦德,保罗·林斯 / 布罗里欧·曼托伐尼,亚历桑德雷·罗德里格斯 / 莱安德鲁·菲尔米诺 / 菲利佩·哈根森 / 道格拉斯·席尔瓦 / 乔纳森·哈根森 / 更多...,剧情 / 犯罪,巴西 / 法国,葡萄牙语,2002-05-18(戛纳电影节) / 2002-08-30(巴西),130分钟,无主之城(港) / 无法无天(台) / City of God,tt0317248,9,335536,58.4%,33.9%
1292211,https://movie.douban.com/subject/1292211/,对她说 Hable con ella (2002),佩德罗·阿莫多瓦,佩德罗·阿莫多瓦,哈维尔·卡马拉 / 达里奥·格兰迪内蒂 / 蕾欧诺·瓦特林 / 罗萨里奥·弗洛雷斯 / 马里奥拉·福恩特斯 / 更多...,剧情 / 爱情,西班牙 / 美国,西班牙语,2002-03-15(西班牙),112分钟,对她有话儿(港) / 悄悄告诉她(台) / Talk to Her,tt0287467,8.4,95456,39.7%,44.0%
1292212,https://movie.douban.com/subject/1292212/,天使之城 City of Angels (1998),布拉德·塞伯宁,维姆·文德斯 / 彼得·汉德克 / 里卡德·赖廷格 / 达娜·史蒂文斯,尼古拉斯·凯奇 / 梅格·瑞恩 / 安德鲁·布劳尔 / 丹尼斯·弗兰茨 / 科鲁姆·费奥瑞 / 更多...,剧情 / 爱情 / 奇幻,美国 / 德国,英语,1998-04-10(美国),114分钟,天使多情(港) / X情人(台),tt0120632,7.9,155025,24.8%,47.6%
1292213,https://movie.douban.com/subject/1292213/,大话西游之大圣娶亲 西遊記大結局之仙履奇緣 (1995),刘镇伟,刘镇伟 / 吴承恩,周星驰 / 吴孟达 / 朱茵 / 蔡少芬 / 蓝洁瑛 / 更多...,喜剧 / 爱情 / 奇幻 / 古装,中国香港 / 中国大陆,粤语 / 汉语普通话,2014-10-24(中国大陆) / 2017-04-13(中国大陆重映) / 1995-02-04(中国香港),95分钟 / 110分钟(重映版),西游记完结篇仙履奇缘 / 齐天大圣西游记 / 大话东游之二 / 大话西游之大圣娶妻 / A Chinese Odyssey Part Two - Cinderella,tt0114996,9.2,1713052,66.8%,26.3%
1292214,https://movie.douban.com/subject/1292214/,非常嫌疑犯 The Usual Suspects (1995),布莱恩·辛格,克里斯托弗·麦奎里,史蒂芬·鲍德温 / 加布里埃尔·伯恩 / 本尼西奥·德尔·托罗 / 凯文·波拉克 / 凯文·史派西 / 更多...,悬疑 / 惊悚 / 犯罪,德国 / 美国,英语 / 匈牙利语 / 西班牙语 / 法语,1995-01-25(圣丹斯电影节) / 1995-08-16(美国),106分钟,刺激惊爆点(台) / 普通嫌疑犯 / 幕后嫌疑犯 / 嫌疑惯犯,tt0114814,8.6,294030,44.7%,43.0%
1292215,https://movie.douban.com/subject/1292215/,天使爱美丽 Le Fabuleux destin d'Amélie Poulain (2001),让-皮埃尔·热内,纪尧姆·洛朗 / 让-皮埃尔·热内,奥黛丽·塔图 / 马修·卡索维茨 / 吕菲斯 / 洛莱拉·克拉沃塔 / 塞尔·梅林 / 更多...,剧情 / 喜剧 / 爱情,法国 / 德国,法语 / 俄语,2001-04-25(法国) / 2001-08-16(德国),122分钟,艾蜜莉的异想世界(台) / 天使艾米莉 / 天使艾美丽 / 阿梅丽的奇妙命运 / 艾蜜丽 / Amelie,tt0211915,8.7,1024630,50.0%,36.7%
1292216,https://movie.douban.com/subject/1292216/,爱情是狗娘 Amores perros (2000),亚历杭德罗·冈萨雷斯·伊尼亚里图,吉列尔莫·阿里亚加,盖尔·加西亚·贝纳尔 / Emilio Echevarría / Álvaro Guerrero / 瓦妮莎·宝切 / 豪尔赫·萨利纳斯 / 更多...,剧情 / 惊悚,墨西哥,西班牙语,2000-06-16(墨西哥),154 分钟 / Turkey: 115 分钟(TV version),狗男女的爱(港) / 爱是一条狗(台) / 人、爱、狗 / 爱情是母狗 / Love's a Bitch,tt0245712,8.2,53591,30.0%,52.2%
1292217,https://movie.douban.com/subject/1292217/,穆赫兰道 Mulholland Dr. (2001),大卫·林奇,大卫·林奇,娜奥米·沃茨 / 劳拉·哈灵 / 安·米勒 / 贾斯汀·塞洛克斯 / 斯科特·科菲 / 更多...,剧情 / 悬疑 / 惊悚,法国 / 美国,英语 / 西班牙语,2001-05-16(戛纳电影节) / 2001-10-12(美国) / 2001-11-21(法国),147分钟,失忆大道(港) / 穆荷兰大道(台) / 黄褐色的旅车 / 浮生若梦 / Mulholland Drive,tt0166924,8.4,510790,44.1%,38.8%
1292218,https://movie.douban.com/subject/1292218/,中央车站 Central do Brasil (1998),沃尔特·塞勒斯,马科斯·伯恩斯坦 / 若昂·伊曼纽尔·卡耐偌,费尔南达·蒙特内格罗 / 文尼西斯·狄·奥利维拉 / 马里利娅·佩拉 / 索娅·利拉 / 奥顿·巴斯托斯 / 更多...,剧情,巴西 / 法国,葡萄牙语 / 德语,1998-01-16(瑞士) / 1998-04-03(巴西),110分钟,Central Station,tt0140888,8.7,123485,45.6%,44.1%
1292220,https://movie.douban.com/subject/1292220/,情书 Love Letter (1995),岩井俊二,岩井俊二,中山美穗 / 丰川悦司 / 酒井美纪 / 柏原崇 / 范文雀 / 更多...,剧情 / 爱情,日本,日语,1999-03(中国大陆) / 2021-05-20(中国大陆重映) / 2025-05-20(中国大陆重映) / 1995-03-25(日本),117分钟,When I Close My Eyes / Letters of Love,tt0113703,8.9,1330893,56.6%,32.7%
1292222,https://movie.douban.com/subject/1292222/,出租车司机 Taxi Driver (1976),马丁·斯科塞斯,保罗·施拉德,罗伯特·德尼罗 / 朱迪·福斯特 / 斯碧尔·谢波德 / 艾伯特·布鲁克斯 / 哈威·凯特尔 / 更多...,剧情 / 犯罪,美国,英语 / 西班牙语,1976-02-08(美国),113分钟,的士司机(港) / 计程车司机(台) / 出租汽车司机,tt0075314,8.6,258468,43.5%,42.5%
1292223,https://movie.douban.com/subject/1292223/,七宗罪 Se7en (1995),大卫·芬奇,安德鲁·凯文·沃克,摩根·弗里曼 / 布拉德·皮特 / 凯文·史派西 / 格温妮斯·帕特洛 / 安德鲁·凯文·沃克 / 更多...,剧情 / 悬疑 / 惊悚 / 犯罪,美国,英语,1995-09-22(美国),127分钟,火线追缉令(台) / 7宗罪 / Seven,tt0114369,8.8,1067381,51.0%,39.1%
1292224,https://movie.douban.com/subject/1292224/,飞越疯人院 One Flew Over the Cuckoo's Nest (1975),米洛斯·福尔曼,劳伦斯·奥邦 / 博·古德曼 / 肯·凯西 / 达尔·瓦瑟曼,杰克·尼科尔森 / 路易丝·弗莱彻 / 威廉·雷德菲尔德 / 克里斯托弗·洛伊德 / 威尔·萨姆森 / 更多...,剧情,美国,英语,1975-11-19(美国),133分钟,飞越杜鹃窝(台) / 飞越喜鹊巢,tt0073486,9.1,606277,63.4%,29.7%
1292225,https://movie.douban.com/subject/1292225/,闪灵 The Shining (1980),斯坦利·库布里克,斯坦利·库布里克 / 黛安·约翰逊 / 斯蒂芬·金,杰克·尼科尔森 / 谢莉·杜瓦尔 / 丹尼·劳埃德 / 斯加特曼·克罗索斯 / 巴瑞·尼尔森 / 更多...,恐怖,英国 / 美国,英语,2026-01-30(中国大陆) / 1980-05-23(美国点映) / 1980-06-13(美国),119分钟(欧洲版) / 144分钟(北美版) / 146分钟(初始版),鬼店(台) / 幻觉 / 幽光,tt0081505,8.3,637053,37.9%,44.2%
1292226,https://movie.douban.com/subject/1292226/,2001太空漫游 2001: A Space Odyssey (1968),斯坦利·库布里克,亚瑟·克拉克 / 斯坦利·库布里克,凯尔·杜拉 / 加里·洛克伍德 / 威廉姆·西尔维斯特 / 丹尼尔·里希特 / 雷纳德·洛塞特 / 更多...,科幻 / 惊悚 / 冒险,英国 / 美国,英语 / 俄语,1968-04-02(华盛顿首映) / 1968-05-12(英国),149分钟,2001：星际漫游 / 2001：太空奥德赛,tt0062622,8.9,400799,60.2%,28.4%
1292229,https://movie.douban.com/subject/1292229/,天生杀人狂 Natural Born Killers,奥利佛·斯通,昆汀·塔伦蒂诺 / 戴维·韦罗兹 / 理查德·鲁托夫斯基 / 奥利佛·斯通,伍迪·哈里森 / 朱丽叶特·刘易斯 / 小罗伯特·唐尼 / 汤姆·塞兹摩尔 / 鲁德尼·丹泽菲尔德 / 更多...,剧情 / 动作 / 犯罪,美国,英语 / 纳瓦霍语 / 日语,1994-08-26(美国),118分钟 / 122分钟(导演剪辑版),天生狂徒 / 闪灵杀手 / 天生杀手,tt0110632,7.9,125712,33.0%,39.5%
1292230,https://movie.douban.com/subject/1292230/,刺杀肯尼迪 JFK (1991),奥利佛·斯通,奥利佛·斯通 / 扎卡里·斯克拉,凯文·科斯特纳 / 茜茜·斯派塞克 / 汤米·李·琼斯 / 乔·佩西 / 加里·奥德曼 / 更多...,剧情 / 悬疑 / 惊悚 / 传记 / 历史,美国 / 法国,英语,1991-12-20,189分钟 / 206分钟(导演剪辑版),惊天大刺杀(港) / 谁杀了甘乃迪(台),tt0102138,8.8,46974,52.8%,36.1%
1292233,https://movie.douban.com/subject/1292233/,发条橙 A Clockwork Orange (1971),斯坦利·库布里克,斯坦利·库布里克 / 安东尼·伯吉斯,马尔科姆·麦克道威尔 / 帕特里克·马基 / 迈克尔·贝茨 / 沃伦·克拉克 / 约翰·克莱夫 / 更多...,剧情 / 科幻 / 犯罪,英国 / 美国,英语,1971-12-19(纽约首映) / 1972-01-13(英国),136分钟,发条橘子(台) / 发条桔子 / 发条橙子,tt0066921,8.6,417073,47.9%,38.3%
1292234,https://movie.douban.com/subject/1292234/,漫长的婚约 Un long dimanche de fiançailles (2004),让-皮埃尔·热内,塞巴斯蒂安·雅普瑞索 / 让-皮埃尔·热内 / 纪尧姆·洛朗,奥黛丽·塔图 / 加斯帕德·尤利尔 / 多米尼克·皮侬 / 安德烈·杜索里埃 / 迪基·奥尔加多 / 更多...,剧情 / 爱情 / 悬疑 / 战争,法国 / 美国,法语 / 德语,2004-10-27,133 分钟,未婚妻的漫长等待(台) / 美丽缘未了(港) / 漫长婚约 / A Very Long Engagement,tt0344510,8.1,72667,29.8%,49.1%
1292238,https://movie.douban.com/subject/1292238/,甘地传 Gandhi (1982),理查德·阿滕伯勒,约翰·布瑞雷,本·金斯利 / 坎迪斯·伯根 / 爱德华·福克斯 / 约翰·吉尔古德 / 约翰·米尔斯 / 更多...,剧情 / 传记 / 历史,英国 / 印度,英语,1982-12-03(英国),191 分钟,甘地 / Richard Attenborough's Film: Gandhi,tt0083987,8.5,40543,40.6%,44.5%
1292219,https://movie.douban.com/subject/1292219/,关于莉莉周的一切 リリイ·シュシュのすべて (2001),岩井俊二,岩井俊二,市原隼人 / 忍成修吾 / 伊藤步 / 大泽隆夫 / 市川实和子 / 更多...,剧情,日本,日语,2001-09-07(多伦多电影节) / 2001-10-06(日本),146分钟 / 157分钟(originalcut),青春电幻物语(台) / 豆蔻年华 / All About Lily Chou-Chou,tt0297721,7.9,205451,30.2%,41.7%
1292260,https://movie.douban.com/subject/1292260/,现代启示录 Apocalypse Now (1979),弗朗西斯·福特·科波拉,约翰·米利厄斯 / 弗朗西斯·福特·科波拉 / 迈克尔·海尔 / 约瑟夫·康拉德,马丁·辛 / 马龙·白兰度 / 罗伯特·杜瓦尔 / 弗雷德里克·福瑞斯特 / 山姆·伯顿斯 / 更多...,剧情 / 战争,美国,英语 / 法语 / 高棉语 / 越南语,1979-05-19(戛纳电影节) / 1979-08-15(美国),147分钟(公映版) / 183分钟(最终剪辑版) / 196分钟(重生版),当代启示录,tt0078788,8.5,131225,44.4%,40.3%
1292264,https://movie.douban.com/subject/1292264/,"逃狱三王 O Brother, Where Art Thou? (2000)",乔尔·科恩 / 伊桑·科恩,伊桑·科恩 / 乔尔·科恩,乔治·克鲁尼 / 约翰·特托罗 / 蒂姆·布雷克·尼尔森 / 约翰·古德曼 / 霍利·亨特 / 更多...,喜剧 / 犯罪 / 冒险,英国 / 法国 / 美国,英语,2000-12-22(美国),107分钟,霹雳高手 / 兄弟，你去哪？ / 兄弟，你在哪？ / O' Brother,tt0190590,7.8,66333,23.2%,49.3%
1292267,https://movie.douban.com/subject/1292267/,银河系漫游指南 The Hitchhiker's Guide to the Galaxy (2005),加斯·詹宁斯,道格拉斯·亚当斯 / 凯瑞·柯克帕特里克,比尔·贝利 / 安娜·钱斯勒 / 沃里克·戴维斯 / 茅斯·达夫 / 佐伊·丹斯切尔 / 更多...,喜剧 / 科幻 / 冒险,美国 / 英国,英语,2005-04-20(英国),109分钟,星际大奇航 / 星际快闪党,tt0371724,8.1,127636,33.3%,42.8%
1292268,https://movie.douban.com/subject/1292268/,好家伙 GoodFellas (1990),马丁·斯科塞斯,马丁·斯科塞斯 / 尼古拉斯·派勒吉,罗伯特·德尼罗 / 雷·利奥塔 / 乔·佩西 / 洛兰·布拉科 / 保罗·索维诺 / 更多...,剧情 / 传记 / 犯罪,美国,英语 / 意大利语,1990-09-09(威尼斯电影节) / 1990-09-21(美国),146分钟,盗亦有道(港) / 四海好家伙(台),tt0099685,8.5,141854,39.7%,47.7%
1292269,https://movie.douban.com/subject/1292269/,骗中骗 The Sting (1973),乔治·罗伊·希尔,大卫·S·瓦德,保罗·纽曼 / 罗伯特·雷德福 / 罗伯特·肖 / 查尔斯·德恩 / 雷·沃尔斯顿 / 更多...,剧情 / 喜剧 / 犯罪,美国,英语,1973-12-25(美国),129分钟,老千计状元才(港) / 刺激(台),tt0070735,8.7,65366,46.3%,43.8%
1292270,https://movie.douban.com/subject/1292270/,梦之安魂曲 Requiem for a Dream (2000),达伦·阿伦诺夫斯基,小休伯特·塞尔比 / 达伦·阿伦诺夫斯基,艾伦·伯斯汀 / 杰瑞德·莱托 / 詹妮弗·康纳利 / 马龙·韦恩斯 / 克里斯托弗·麦克唐纳 / 更多...,剧情,美国,英语,2000-05-14(戛纳电影节) / 2000-12-15(美国),102分钟,噩梦挽歌(台) / 迷上瘾(港) / 梦的挽歌,tt0180093,8.8,221995,52.2%,35.9%
1292271,https://movie.douban.com/subject/1292271/,毕业生 The Graduate (1967),迈克·尼科尔斯,卡尔德·威灵汉姆 / 巴克·亨利 / 查尔斯·韦伯,安妮·班克罗夫特 / 达斯汀·霍夫曼 / 凯瑟琳·罗斯 / 威廉·丹尼尔斯 / 莫瑞·汉密尔顿 / 更多...,剧情 / 喜剧 / 爱情,美国,英语,1967-12-22(美国),106分钟,Le lauréat / Die Reifeprüfung,tt0061722,8,204127,27.9%,49.1%
1292272,https://movie.douban.com/subject/1292272/,大象 Elephant (2003),格斯·范·桑特,格斯·范·桑特,阿里克斯·弗罗斯特 / 约翰·罗宾森 / 埃里克·德伦 / 伊里斯·麦康利,剧情 / 犯罪,美国,英语 / 德语,2003-05-18(戛纳电影节) / 2003-10-24(美国),81分钟,,tt0363589,7.9,81337,25.7%,46.7%
1292274,https://movie.douban.com/subject/1292274/,幸福终点站 The Terminal (2004),史蒂文·斯皮尔伯格,安德鲁·尼科尔 / 萨沙·杰瓦西 / 杰夫·内桑森,汤姆·汉克斯 / 凯瑟琳·泽塔-琼斯 / 斯坦利·图齐 / 齐·麦克布赖德 / 迭戈·卢纳 / 更多...,剧情 / 喜剧 / 爱情,美国,英语 / 保加利亚语 / 西班牙语 / 俄语 / 汉语普通话 / 德语 / 法语,2005-01-14(中国大陆) / 2004-06-18(美国),128分钟,机场客运站(港) / 航站情缘(台) / 航站奇缘 / 单程机票航站奇缘 / 候机楼 / 单程机票 / 爱你无国界,tt0362227,8.8,646268,52.1%,38.6%
1292275,https://movie.douban.com/subject/1292275/,罗拉快跑 Lola rennt (1998),汤姆·提克威,汤姆·提克威,弗朗卡·波滕特 / 莫里兹·布雷多 / 赫伯特·克瑙普 / 妮娜·皮媞 / 阿敏·罗德 / 更多...,动作 / 惊悚 / 犯罪,德国,德语,1998-08-20(德国),80分钟,疾走罗拉 / Run Lola Run,tt0130827,8.1,272635,29.8%,50.0%
1292277,https://movie.douban.com/subject/1292277/,偷香 Stealing Beauty (1996),贝纳尔多·贝托鲁奇,贝纳尔多·贝托鲁奇 / 苏珊·米诺特,丽芙·泰勒 / 杰瑞米·艾恩斯 / 西妮德·库萨克 / 让·马莱 / 多纳尔·麦卡恩 / 更多...,剧情 / 爱情 / 悬疑 / 情色,意大利 / 法国 / 英国,英语 / 法语 / 德语 / 西班牙语 / 意大利语,1996-03-29(意大利),118分钟,盗美人 / Dancing by Myself / Beauté volée / Io ballo da sola,tt0117737,7.6,39416,19.2%,44.5%
1292278,https://movie.douban.com/subject/1292278/,巴贝特之宴 Babettes gæstebud (1987),加布里埃尔·阿克谢,卡琳·布里克森 / 加布里埃尔·阿克谢,斯特凡·奥德朗 / 博迪尔·谢尔 / 比吉特·菲德斯皮尔 / 亚尔·库勒 / 让-菲利普·拉丰 / 更多...,剧情 / 爱情 / 音乐,丹麦,丹麦语 / 瑞典语 / 法语,1987-08-28(丹麦),102分钟,芭比的盛宴(台) / 芭贝特的盛宴 / 巴贝特盛宴 / 巴贝特的盛宴 / Babette's Feast,tt0092603,8.4,17406,36.2%,47.4%
1292279,https://movie.douban.com/subject/1292279/,成为约翰·马尔科维奇 Being John Malkovich (1999),斯派克·琼斯,查理·考夫曼,约翰·库萨克 / 卡梅隆·迪亚兹 / 凯瑟琳·基纳 / 约翰·马尔科维奇 / 耐德·巴拉米 / 更多...,剧情 / 喜剧 / 爱情 / 奇幻,美国,英语,1999-09-02(威尼斯电影节) / 1999-10-29(美国),112分钟,傀儡人生 / 玩谢麦高维治(港) / 变脑(台) / 成为马可维奇,tt0120601,8.3,77059,35.0%,47.4%
1292281,https://movie.douban.com/subject/1292281/,迁徙的鸟 Le peuple migrateur (2001),雅克·贝汉 / 雅克·克鲁奥德 / 米歇尔·德巴,弗朗西斯·鲁 / 雅克·贝汉 / 斯特凡纳·迪朗 / 让·多斯特 / 居伊·雅里,雅克·贝汉,纪录片,法国 / 德国 / 意大利 / 西班牙 / 瑞士,法语,2001-12-12(法国),98分钟(法国) / 81分钟(多伦多电影节) / 89分钟(美国) / 92分钟(阿根廷),鸟的迁徙 / 鸟与梦飞行 / 鹏程千万里 / 迁徙的候鸟 / 我是一只季候鸟 / 天地人三部曲之迁徙的鸟 / The Travelling Birds / Winged Migration,tt0301727,9.1,76618,64.7%,28.8%
1292285,https://movie.douban.com/subject/1292285/,微观世界 Microcosmos: Le peuple de l'herbe (1996),克洛德·纽里德萨尼 / 玛丽·佩雷努,克洛德·纽里德萨尼 / 玛丽·佩雷努,雅克·贝汉 / 克里斯汀·斯科特·托马斯,纪录片,法国 / 瑞士 / 意大利,法语,1996-09-06(瑞士) / 1996-11-20(法国),80分钟 / 73分钟(日本),小宇宙1：微观世界 / 点虫虫 / 草丛里的居民 / 天地人三部曲之微观世界 / Microcosmos,tt0117040,9.1,34111,62.4%,30.9%
1292286,https://movie.douban.com/subject/1292286/,我的野蛮女友 엽기적인 그녀 (2001),郭在容,金浩植 / 郭在容,车太贤 / 全智贤 / 金仁文 / 宋钰宿 / 韩振熙 / 更多...,剧情 / 喜剧 / 爱情,韩国,韩语 / 英语,2001-07-27(韩国),123分钟(韩国) / 137分钟(导演剪辑版),我的淘气女友 / 猎奇女友 / My Sassy Girl,tt0293715,8.3,482599,34.9%,45.3%
1292287,https://movie.douban.com/subject/1292287/,新龙门客栈 新龍門客棧 (1992),李惠民,徐克 / 张炭 / 何冀平,张曼玉 / 林青霞 / 梁家辉 / 甄子丹 / 熊欣欣 / 更多...,动作 / 爱情 / 武侠 / 古装,中国香港 / 中国大陆,汉语普通话 / 粤语,2012-02-24(中国大陆) / 1992-08-27(中国香港),103分钟,New Dragon Gate Inn,tt0105859,8.7,514345,46.0%,43.3%
1292288,https://movie.douban.com/subject/1292288/,公民凯恩 Citizen Kane (1941),奥逊·威尔斯,赫尔曼·J·曼凯维奇 / 奥逊·威尔斯,奥逊·威尔斯 / 约瑟夫·科顿 / 多萝西·康明戈尔 / 阿格妮丝·摩尔海德,剧情 / 悬疑,美国,英语 / 意大利语,1941-09-05(美国),119分钟,大国民(港/台),tt0033467,8.8,134423,52.6%,36.6%
1292289,https://movie.douban.com/subject/1292289/,心动 心動 (1999),张艾嘉,关皓月 / 张艾嘉,金城武 / 梁咏琪 / 莫文蔚 / 张艾嘉 / 苏永康 / 更多...,爱情,中国香港 / 日本,粤语 / 日语,1999-09-23(中国香港),115分钟(日本),Sam Dung / Tempting Heart,tt0215240,8.1,92748,31.2%,46.6%
1292326,https://movie.douban.com/subject/1292326/,暴力街区 Banlieue 13 (2004),皮埃尔·莫瑞尔,吕克·贝松 / 毕比·纳西利,塞瑞尔·拉菲利 / 大卫·贝利 / Tony D'Amario / 毕比·纳西利 / 丹妮·沃瑞西莫 / 更多...,动作 / 犯罪,法国,法语,2004-11-10(法国),84分钟,暴力特区(台) / B13区 / 13区 / 13th District,tt0414852,8.1,132756,26.7%,52.6%
1292329,https://movie.douban.com/subject/1292329/,牯岭街少年杀人事件 牯嶺街少年殺人事件 (1991),杨德昌,杨德昌 / 赖铭堂 / 杨顺清 / 鸿鸿,张震 / 杨静怡 / 张国柱 / 王启赞 / 林鸿铭 / 金燕玲 / 王琄 / 张翰 / 姜秀琼 / 赖梵耘 / 柯宇纶 / 谭志刚 / 陈湘琪 / 金士杰,剧情 / 犯罪,中国台湾,汉语普通话 / 闽南语 / 上海话 / 粤语,1991-07-27(中国台湾),237分钟(导演剪辑版),A Brighter Summer Day,tt0101985,8.9,373932,57.7%,31.8%
1292330,https://movie.douban.com/subject/1292330/,恋恋风尘 戀戀風塵 (1986),侯孝贤,吴念真 / 朱天文,李天禄 / 辛树芬 / 王晶文 / 柯宇纶,剧情 / 爱情,中国台湾,汉语普通话 / 粤语 / 闽南语,1986(中国台湾) / 1987-10-15(中国香港) / 1987-09-13(多伦多电影节),109分钟,Dust in the Wind,tt0091406,8.7,117464,45.2%,44.5%
1292332,https://movie.douban.com/subject/1292332/,移魂都市 Dark City (1998),亚历克斯·普罗亚斯,亚历克斯·普罗亚斯 / 莱姆·多布斯 / 大卫·S·高耶,卢夫斯·塞维尔 / 威廉·赫特 / 基弗·萨瑟兰 / 詹妮弗·康纳利,科幻 / 悬疑 / 惊悚,澳大利亚,英语,1998-02-27(美国),96分钟 / 111分钟(导演剪辑版),极光追杀令 / 黑暗城市,tt0118929,7.9,71939,24.1%,49.4%
1292337,https://movie.douban.com/subject/1292337/,无人知晓 誰も知らない (2004),是枝裕和,是枝裕和,柳乐优弥 / 北浦爱 / 木村飞影 / 清水萌萌子 / 韩英惠 / 更多...,剧情,日本,日语,2004-05-13(戛纳电影节) / 2004-08-07(日本),141分钟,谁知赤子心(港) / 无人知晓的夏日清晨(台) / Nobody Knows / Dare mo shiranai,tt0408664,9.1,375275,62.4%,31.8%
1292338,https://movie.douban.com/subject/1292338/,祖与占 Jules et Jim (1962),弗朗索瓦·特吕弗,弗朗索瓦·特吕弗 / 让·格吕约尔 / 昂利-皮埃尔·罗歇,让娜·莫罗 / 奥斯卡·威内尔 / 亨利·赛尔 / 万娜·乌尔比诺 / Serge Rezvani / 更多...,剧情 / 爱情,法国,法语 / 德语 / 英语,1962-01-23(法国),105分钟,朱尔与吉姆 / 朱尔和吉姆 / 夏日之恋(台) / Jules and Jim,tt0055032,8.4,65613,37.2%,46.4%
1292341,https://movie.douban.com/subject/1292341/,"性、谎言和录像带 Sex, Lies, and Videotape (1989)",史蒂文·索德伯格,史蒂文·索德伯格,安迪·麦克道尔 / 詹姆斯·斯派德 / 彼得·盖勒 / 劳拉·圣吉亚科莫 / 罗恩·沃特 / 更多...,剧情 / 情色,美国,英语,1989-08-18(美国),100分钟,性，谎言，录影带 / 性，谎言，录像带 / 性感的谎言,tt0098724,7.7,48841,20.4%,47.7%
1292342,https://movie.douban.com/subject/1292342/,伍德斯托克音乐节1969 Woodstock (1970),迈克尔·沃德利,Gerard Corvin,琼·贝兹 / 里奇·哈文斯 / 罗杰·达尔特雷 / 谁人乐队 / Sha-Na-Na / 更多...,纪录片 / 音乐 / 历史,美国,英语,1970-03-26(美国),184 分钟 / Germany: 169 分钟 / Sweden: 184 分钟(1970) / Sweden: 224 分钟(1994) / USA: 228 分钟(director's cut) / Germany: 216 分钟(director's cut) / Spain: 215 分钟(DVD edition),爱与和平：乌兹托克纪实 / Woodstock 3 Days Of Peace & Music 1969,tt0066580,9.2,6199,68.5%,25.1%
1292343,https://movie.douban.com/subject/1292343/,蝴蝶效应 The Butterfly Effect (2004),埃里克·布雷斯 / J·麦基·格鲁伯,J·麦基·格鲁伯 / 埃里克·布雷斯,阿什顿·库彻 / 梅洛拉·沃尔特斯 / 艾米·斯马特 / 埃尔登·亨森 / 威廉姆·李·斯科特 / 更多...,剧情 / 科幻 / 悬疑 / 惊悚,美国 / 加拿大,英语,2004-01-23(美国),113分钟 / 120分钟(导演剪辑版),,tt0289879,8.9,1072431,54.3%,37.0%
1292344,https://movie.douban.com/subject/1292344/,十二罗汉 Ocean's Twelve (2004),史蒂文·索德伯格,乔治·诺非 / 乔治·克莱顿·约翰逊 / 杰克·戈登·拉塞尔,乔治·克鲁尼 / 布拉德·皮特 / 凯瑟琳·泽塔-琼斯 / 朱莉娅·罗伯茨 / 安迪·加西亚 / 更多...,惊悚 / 犯罪,美国,英语 / 荷兰语 / 法语 / 意大利语 / 普通话,2004-12-10(美国),125分钟,瞒天过海2：长驱直入(台) / 盗海豪情12瞒徒(港) / 十二王牌 / 12罗汉 / 盗海12侠,tt0349903,7.3,126846,13.9%,41.0%
1292345,https://movie.douban.com/subject/1292345/,"沙漠妖姬 The Adventures of Priscilla, Queen of the Desert",斯蒂芬·埃利奥特,斯蒂芬·埃利奥特,雨果·维文 / 盖·皮尔斯 / 特伦斯·斯坦普,剧情 / 喜剧 / 同性 / 音乐,澳大利亚,英语 / 菲律宾语,1994-08-10(美国),104 分钟,风尘三绝 / 沙漠女王普里西拉的冒险 / 勇舞人生 / 边缘精灵,tt0109045,8.3,8933,34.8%,47.0%
1292347,https://movie.douban.com/subject/1292347/,黑客帝国动画版 The Animatrix (2003),郑根植 / 安德鲁·R·琼斯 / 川尻善昭 / 小池健 / 前田真宏 / 更多...,莉莉·沃卓斯基 / 川尻善昭 / 森本晃司 / 郑根植 / 拉娜·沃卓斯基,大塚明夫 / 克莱顿·华生 / 帕梅拉·阿德龙 / 海蒂·布雷斯 / 特伦斯·卡森 / 更多...,剧情 / 动作 / 科幻 / 动画,美国 / 日本,英语 / 日语,2003-06-03(美国),100分钟,骇客帝国动画版,tt0328832,8.8,52491,53.4%,34.6%
1292348,https://movie.douban.com/subject/1292348/,洛城机密 L.A. Confidential (1997),柯蒂斯·汉森,詹姆斯·艾尔罗伊 / 布莱恩·海尔格兰德 / 柯蒂斯·汉森,凯文·史派西 / 罗素·克劳 / 盖·皮尔斯 / 詹姆斯·克伦威尔 / 金·贝辛格 / 更多...,剧情 / 悬疑 / 惊悚 / 犯罪,美国,英语,1997-05-14(戛纳电影节) / 1997-09-19(美国),138分钟,幕后嫌疑犯(港) / 铁面特警队(台) / 洛杉矶机密,tt0119488,8.9,211527,54.0%,38.4%
1292349,https://movie.douban.com/subject/1292349/,阿拉伯的劳伦斯 Lawrence of Arabia (1962),大卫·里恩,T·E·劳伦斯 / 罗伯特·鲍特 / 迈克尔·威尔逊,彼得·奥图尔 / 亚历克·吉尼斯 / 安东尼·奎恩 / 杰克·霍金斯 / 奥马尔·沙里夫 / 更多...,剧情 / 传记 / 冒险,英国,英语 / 阿拉伯语 / 土耳其语,1962-12-10(英国),216分钟 / 227分钟(导演剪辑版),沙漠枭雄(港) / 阿拉伯的罗伦斯,tt0056172,8.7,62564,50.9%,37.6%
1292352,https://movie.douban.com/subject/1292352/,几近成名 Almost Famous (2000),卡梅伦·克罗,卡梅伦·克罗,比利·克鲁德普 / 弗兰西斯·麦克多蒙德 / 凯特·哈德森 / 杰森·李 / 派屈克·福吉特 / 更多...,剧情 / 音乐,美国,英语,2000-09-13(美国),122分钟 / 162分钟(导演剪辑版),成名在望(台) / 不日成名(港) / 成名之路,tt0181875,8,32738,28.4%,47.1%
1292365,https://movie.douban.com/subject/1292365/,活着,张艺谋,芦苇 / 余华,葛优 / 巩俐 / 姜武 / 牛犇 / 郭涛 / 更多...,剧情 / 家庭 / 历史,中国大陆 / 中国香港,汉语普通话,1994-06-30(中国香港) / 1994-05-17(戛纳电影节),132分钟,人生 / Lifetimes / To Live,tt0110081,9.3,973190,70.3%,25.3%
1292370,https://movie.douban.com/subject/1292370/,剪刀手爱德华 Edward Scissorhands (1990),蒂姆·波顿,蒂姆·波顿 / 卡罗琳·汤普森,约翰尼·德普 / 薇诺娜·瑞德 / 黛安·韦斯特 / 安东尼·迈克尔·豪尔 / 凯西·贝克 / 更多...,剧情 / 爱情 / 奇幻,美国,英语,1990-12-06(美国),105分钟,幻海奇缘(港),tt0099487,8.7,1125049,48.2%,39.9%
1292371,https://movie.douban.com/subject/1292371/,四月物语 四月物語 (1998),岩井俊二,岩井俊二,松隆子 / 田边诚一 / 藤井香织 / 留美 / 加藤和彦 / 更多...,爱情,日本,日语,1998-03-14(日本),67 分钟,April Story,tt0146271,8.3,240771,34.2%,46.7%
1292396,https://movie.douban.com/subject/1292396/,香港制造 香港製造 (1997),陈果,陈果,李灿森 / 严栩慈 / 李栋全 / 谭嘉荃 / 林洁芳 / 更多...,剧情 / 爱情 / 犯罪,中国香港,粤语,1997-10-09(中国香港) / 1997-08(洛迦诺电影节),109分钟,Made in Hong Kong,tt0123328,8.2,52581,32.4%,49.3%
1292401,https://movie.douban.com/subject/1292401/,真爱至上 Love Actually (2003),理查德·柯蒂斯,理查德·柯蒂斯,休·格兰特 / 连姆·尼森 / 科林·费尔斯 / 劳拉·琳妮 / 艾玛·汤普森 / 更多...,剧情 / 喜剧 / 爱情,英国 / 美国 / 法国,英语 / 葡萄牙语 / 法语,2003-09-07(多伦多电影节) / 2003-11-06(美国) / 2003-11-21(英国),135分钟,真的恋爱了(港) / 爱是您，爱是我(台) / 真情角落 / 真爱 / Love Actually Is All Around,tt0314331,8.5,812206,45.0%,38.0%
1292402,https://movie.douban.com/subject/1292402/,西西里的美丽传说 Malèna (2000),朱塞佩·托纳多雷,朱塞佩·托纳多雷 / 卢恰诺·温琴佐尼,莫妮卡·贝鲁奇 / 朱塞佩·苏尔法罗 / Luciano Federico / 玛蒂尔德·皮亚纳 / Pietro Notarianni / 更多...,剧情 / 情色 / 战争,意大利 / 美国,意大利语 / 英语 / 拉丁语 / 古希腊语,2000-10-27(意大利),108分钟,真爱伴我行(台) / 玛莲娜 / 玛琳娜,tt0213847,8.9,1096661,55.4%,36.4%
1292403,https://movie.douban.com/subject/1292403/,猎鹿人 The Deer Hunter (1978),迈克尔·西米诺,迈克尔·西米诺 / 德里克·沃什伯恩 / 路易斯·加芬克尔 / 奎因·K·雷德克,罗伯特·德尼罗 / 约翰·凯泽尔 / 约翰·萨维奇 / 克里斯托弗·沃肯 / 梅丽尔·斯特里普 / 更多...,剧情 / 战争,美国,英语 / 俄语 / 越南语 / 法语 / 粤语,1978-12-08(美国),182分钟,越战猎鹿人(台) / 猎鹿者(港),tt0077416,8.3,45667,36.6%,46.0%
1292434,https://movie.douban.com/subject/1292434/,一一 (2000),杨德昌,杨德昌,吴念真 / 李凯莉 / 金燕玲 / 张洋洋 / 萧淑慎 / 更多...,剧情 / 爱情 / 家庭,中国台湾 / 日本,汉语普通话 / 闽南语 / 英语 / 日语,2017-07-28(中国台湾) / 2000-05-14(戛纳电影节) / 2000-12-16(日本),173分钟,Yi yi / Yi yi: A One and a Two,tt0244316,9.1,515902,66.3%,25.7%
1292444,https://movie.douban.com/subject/1292444/,大逃杀 バトル・ロワイアル (2000),深作欣二,深作健太 / 高见广春,藤原龙也 / 前田亚季 / 山本太郎 / 北野武 / 栗山千明 / 更多...,剧情 / 惊悚,日本,日语,2000-10(东京国际电影节) / 2000-12-16(日本),114分钟 / 122分钟(导演剪辑版),圣战 / 东京圣战 / Battle Royale,tt0266308,7.9,249176,28.2%,45.2%
1292449,https://movie.douban.com/subject/1292449/,惊世狂花 Bound (1996),拉娜·沃卓斯基 / 莉莉·沃卓斯基,莉莉·沃卓斯基 / 拉娜·沃卓斯基,詹妮弗·提莉 / 吉娜·格申 / 乔·潘托里亚诺 / 约翰·P.瑞安 / 克里斯托弗·米洛尼 / 更多...,剧情 / 惊悚 / 同性 / 犯罪,美国,英语 / 意大利语,1996-08-31(威尼斯电影节) / 1996-10-04(美国),109分钟,大胆的爱小心的偷 / 贼女神偷 / 捆绑,tt0115736,8.2,41231,30.6%,50.2%
1292450,https://movie.douban.com/subject/1292450/,暗花 (1998),游达志,司徒锦源 / 游乃海,刘青云 / 梁朝伟 / 邵美琪 / 王天林 / 卢海鹏 / 更多...,剧情 / 动作 / 悬疑 / 犯罪,中国香港,粤语,1998-01-01,81分钟,暗花之杀人条件 / 非战攻略 / Am faa / The Longest Nite / The Longest Night / Hidden Reward,tt0168043,8.3,121580,35.2%,47.9%
1292465,https://movie.douban.com/subject/1292465/,愤怒的葡萄 The Grapes of Wrath (1940),约翰·福特,纽纳利·约翰逊 / 约翰·斯坦贝克,亨利·方达 / 简·达威尔 / 约翰·卡拉丁 / 查利· 格雷普韦恩 / 多里丝·鲍登 / 更多...,剧情 / 历史,美国,英语,1940-01-24(美国),130分钟,怒火之花 / 愤怒的葡萄园,tt0032551,8.5,15108,38.3%,48.1%
1292472,https://movie.douban.com/subject/1292472/,巴里·林登 Barry Lyndon (1975),斯坦利·库布里克,斯坦利·库布里克 / 威廉·萨克雷,瑞安·奥尼尔 / 马里莎·贝伦森 / 帕特里克·马基 / 哈迪·克鲁格 / 史蒂文·伯克夫 / 更多...,剧情 / 爱情 / 战争,英国 / 美国,英语 / 德语 / 法语,1975-12-11(英国),185分钟,乱世儿女(港) / 巴里林登,tt0072684,8.8,58475,51.9%,38.3%
1292484,https://movie.douban.com/subject/1292484/,碟中谍 Mission: Impossible (1996),布莱恩·德·帕尔玛,大卫·凯普 / 罗伯特·汤 / 斯蒂文·泽里安 / 布鲁斯·盖勒,汤姆·克鲁斯 / 乔恩·沃伊特 / 艾曼纽·贝阿 / 亨利·科泽尼 / 让·雷诺 / 更多...,动作 / 惊悚 / 冒险,美国,英语 / 捷克语 / 乌克兰语 / 法语,1996-05-22(美国),110 分钟,职业特工队(港) / 不可能的任务(台) / M:I,tt0117060,8.3,312022,31.0%,53.1%
1292501,https://movie.douban.com/subject/1292501/,鬼玩人 The Evil Dead (1981),山姆·雷米,山姆·雷米,布鲁斯·坎贝尔 / 艾伦·桑德维斯 / 贝琪·贝克 / 特丽莎缇莉,恐怖,美国,英语,1981-10-15,85 分钟 / Germany: 70 分钟(FSK 16 version),尸变 / 死亡魔鬼,tt0083907,7.1,21792,14.9%,36.0%
1292504,https://movie.douban.com/subject/1292504/,柏林苍穹下 Der Himmel über Berlin (1987),维姆·文德斯,维姆·文德斯 / 彼得·汉德克,布鲁诺·冈茨 / 索尔维格·多马尔坦 / 奥托·山德尔 / 科特·博伊斯 / 彼得·法尔克,剧情 / 爱情 / 奇幻,西德 / 法国,德语 / 英语 / 法语 / 土耳其语 / 西班牙语 / 希伯来语,1987-09-23(法国),128分钟,欲望之翼(台) / Wings of Desire / The Sky Above Berlin,tt0093191,8.7,58799,48.1%,38.8%
1292506,https://movie.douban.com/subject/1292506/,赌神2 賭神2,王晶,王晶,周润发 / 梁家辉 / 吴倩莲 / 邱淑贞 / 徐锦江 / 更多...,喜剧 / 动作,中国香港,粤语 / 汉语普通话 / 英语 / 法语,1994-12-15(中国香港),126 分钟,God of Gamblers Return / God of Gamblers 2,tt0109683,8.1,154493,27.3%,50.4%
1292516,https://movie.douban.com/subject/1292516/,碧血金沙 The Treasure of the Sierra Madre (1948),约翰·休斯顿,约翰·休斯顿 / B·特莱文,亨弗莱·鲍嘉 / 沃尔特·休斯顿 / 提姆·霍尔特 / 布鲁斯·班尼特 / 巴顿·麦克莱恩 / 更多...,剧情 / 西部 / 冒险,美国,英语 / 西班牙语,1948-01-07(加拿大) / 1948-01-14(美国),126 分钟,浴血金沙 / 宝石岭 / 富贵如云,tt0040897,8.6,11547,42.7%,45.9%
1292523,https://movie.douban.com/subject/1292523/,侏罗纪公园 Jurassic Park (1993),史蒂文·斯皮尔伯格,迈克尔·克莱顿 / 大卫·凯普,山姆·尼尔 / 劳拉·邓恩 / 杰夫·高布伦 / 理查德·阿滕伯勒 / 鲍勃·佩克 / 更多...,科幻 / 惊悚 / 冒险,美国,英语 / 西班牙语,2013-08-20(中国大陆 3D) / 1993-06-11(美国) / 2013-04-05(美国),127分钟,Jurassic Park 3D,tt0107290,8.3,357108,32.9%,50.1%
1292528,https://movie.douban.com/subject/1292528/,猜火车 Trainspotting (1996),丹尼·博伊尔,欧文·韦尔什 / 约翰·霍奇,伊万·麦克格雷格 / 艾文·布莱纳 / 约翰尼·李·米勒 / 凯文·麦克基德 / 罗伯特·卡莱尔 / 更多...,剧情 / 犯罪,英国,英语,1996-02-23(英国),94分钟,迷幻列车(港) / 定位的火车,tt0117951,8.6,441796,45.0%,40.4%
1292529,https://movie.douban.com/subject/1292529/,机器管家 Bicentennial Man (1999),克里斯·哥伦布,尼古拉斯·卡赞 / 艾萨克·阿西莫夫 / 罗伯特·西尔弗伯格,罗宾·威廉姆斯 / 艾伯丝·戴维兹 / 山姆·尼尔 / 奥利弗·普莱特 / 绮尔斯腾·瓦伦 / 更多...,剧情 / 喜剧 / 科幻,美国 / 德国,英语,1999-12-13(美国),132分钟,铁甲再生人(港) / 铁人浮生记 / 跨世纪机器人 / 变人 / 伙伴 / 二百年人,tt0182789,8.6,116961,43.9%,41.8%
1292531,https://movie.douban.com/subject/1292531/,华尔街 Wall Street (1987),奥利佛·斯通,斯坦利·韦泽 / 奥利佛·斯通,查理·辛 / 迈克尔·道格拉斯 / 达丽尔·汉纳 / 塔马拉·图尼 / 约翰·C·麦金雷 / 更多...,剧情 / 犯罪,美国,英语,1987-12-11(美国),126 分钟,,tt0094291,8.2,60148,27.6%,54.8%
1292533,https://movie.douban.com/subject/1292533/,狂人皮埃罗 Pierrot le fou (1965),让-吕克·戈达尔,让-吕克·戈达尔,让-保罗·贝尔蒙多 / 安娜·卡里娜 / 贾泽拉·加瓦尼,剧情 / 爱情 / 犯罪,法国 / 意大利,法语 / 英语 / 意大利语,1965-08-29(威尼斯电影节) / 1965-11-05(法国),110分钟,狂人彼埃洛(港) / 狂人比埃洛 / 狂人皮埃洛 / Crazy Pete / Pierrot Goes Wild,tt0059592,8.4,54364,40.0%,42.8%
1292515,https://movie.douban.com/subject/1292515/,用心棒 (1961),黑泽明,黑泽明 / 菊岛隆三,三船敏郎 / 仲代达矢 / 司叶子 / 山田五十铃 / 加东大介 / 河津清三郎 / 志村乔 / 太刀川宽 / 夏木阳介 / 东野英治郎 / 藤原釜足 / 泽村伊纪雄 / 渡边笃 / 藤田进 / 山茶花究 / 西村晃 / 加藤武 / 中谷一郎 / 堺左千夫 / 谷晃 / 土屋嘉男 / 清水元 / 佐田丰 / 大友伸 / 广濑正一 / 天本英世 / 大木正司 / 大村千吉 / 本间文子 / 桐野洋雄 / 大友纯 / 高木新平 / 小川安三 / 熊谷卓三 / 杰瑞·藤尾 / 中岛春雄,剧情 / 动作 / 惊悚,日本,日语,1961-04-25(日本),110分钟 / 75分钟(美国),大镖客 / 保镖 / The Bodyguard / Yojimbo,tt0055630,9,64826,57.6%,35.8%
1292547,https://movie.douban.com/subject/1292547/,卡里加里博士的小屋 Das Cabinet des Dr. Caligari (1920),罗伯特·维内,卡尔·梅育 / 汉斯·杰诺维兹,维尔纳·克劳斯 / 康拉德·韦特 / 弗里德里希·费赫尔 / 丽尔·达戈沃 / 汉斯·海因里希·冯·特尔瓦多夫斯基 / 更多...,悬疑 / 恐怖 / 犯罪,德国,无对白,1920-02-26(德国),71分钟 / 78分钟(法国) / 50分钟(西班牙) / 67分钟(美国) / 51分钟(美国录像带版),卡里加利博士的小屋 / The Cabinet of Dr. Caligari,tt0010323,8.9,34406,53.9%,37.5%
1292553,https://movie.douban.com/subject/1292553/,真实的谎言 True Lies,詹姆斯·卡梅隆,詹姆斯·卡梅隆 / 克洛德·齐迪 / 西蒙·米凯尔 / Didier Kaminka,阿诺·施瓦辛格 / 杰米·李·柯蒂斯 / 汤姆·阿诺德 / 比尔·帕克斯顿 / 蒂亚·卡雷尔 / 更多...,喜剧 / 动作 / 惊悚,美国,英语 / 法语 / 阿拉伯语 / 德语,1995-04-20(中国大陆) / 1994-07-15(美国) / 1994-08-12(英国),141分钟,真实谎言(港) / 魔鬼大帝：真实的谎言(台),tt0111503,8.3,173278,32.7%,49.7%
1292555,https://movie.douban.com/subject/1292555/,逃出亚卡拉 Escape from Alcatraz (1979),唐·希格尔,理查德·塔格尔 / J·坎贝尔·布鲁斯,克林特·伊斯特伍德 / 帕特里克·麦高汉 / 罗伯茨·布洛瑟姆 / 杰克·唐蒂博 / 弗莱德·沃德 / 更多...,剧情 / 动作 / 惊悚 / 犯罪,美国,英语,1979-06-22(美国),112分钟,地狱岛 / 亚特兰翠大逃亡,tt0079116,8.1,18258,25.6%,54.2%
1292574,https://movie.douban.com/subject/1292574/,热情如火 Some Like It Hot (1959),比利·怀尔德,比利·怀尔德 / I·A·L·戴蒙德,玛丽莲·梦露 / 托尼·柯蒂斯 / 杰克·莱蒙 / 乔治·拉夫特 / 帕特·奥布莱恩 / 更多...,喜剧,美国,英语,1959-03-19(美国),121分钟,热情似火 / 如此热辣,tt0053291,8.9,83800,55.8%,36.4%
1292584,https://movie.douban.com/subject/1292584/,上海小姐 The Lady from Shanghai (1947),奥逊·威尔斯,奥逊·威尔斯,丽塔·海华斯 / 奥逊·威尔斯 / 埃弗雷特·斯隆 / 格伦·安德斯 / 特·德·科若 / 更多...,剧情 / 悬疑 / 犯罪 / 黑色电影,美国,英语 / 粤语,1947-12-24,87 分钟 / UK: 92 分钟(original release) / West Germany: 81 分钟,上海来的女士 / 欲海妖姬,tt0040525,7.9,10203,23.1%,53.7%
1292585,https://movie.douban.com/subject/1292585/,边缘日记 The Basketball Diaries (1995),斯科特·卡尔维特,Jim Carroll / Bryan Goluboff,莱昂纳多·迪卡普里奥 / 洛兰·布拉科 / 玛丽琳·索科尔 / 詹姆斯·马迪欧 / 帕特里克·麦克高 / 更多...,剧情 / 传记 / 犯罪 / 运动,美国,英语,1995-04-21,102 分钟,赤子本色(台) / 篮球日记,tt0112461,8.2,55138,30.7%,49.3%
1292586,https://movie.douban.com/subject/1292586/,再见，孩子们 Au revoir les enfants (1987),路易·马勒,路易·马勒,加斯帕·曼尼斯 / 拉斐尔·费伊特 / 弗朗辛·拉塞特 / 斯坦尼斯拉斯·卡雷·德·马尔博格 / 菲利普·莫里尔-热努 / 更多...,剧情 / 战争,法国 / 西德 / 意大利,法语 / 德语 / 英语 / 希腊语 / 拉丁语,1987-10-07,104 分钟,"再见童年 / 孩子们，再见 / 童年再见 / Goodbye, Children / Kinder",tt0092593,8.5,17913,40.2%,46.7%
1292550,https://movie.douban.com/subject/1292550/,埃及艳后 Cleopatra (1963),约瑟夫·L·曼凯维奇,本·赫克特 / Carlo Mario Franzero / 约瑟夫·L·曼凯维奇 / 拉纳尔德·麦克杜格尔 / Appian / 更多...,伊丽莎白·泰勒 / 理查德·伯顿 / 雷克斯·哈里森 / 帕梅拉·布朗 / 乔治·科尔 / 更多...,剧情 / 传记 / 历史,英国 / 美国 / 瑞士,英语,1963-06-12(美国),192分钟 / 233分钟(TV) / 251分钟(50周年纪念版) / 320分钟(导演剪辑版),埃及妖后(港) / 克里奥佩特拉 / Kleopatra / Cléopâtre,tt0056937,7.9,55526,24.1%,49.4%
1292589,https://movie.douban.com/subject/1292589/,纽伦堡的审判 Judgment at Nuremberg (1961),斯坦利·克雷默,阿比·曼,斯宾塞·屈塞 / 伯特·兰卡斯特 / 理查德·威德马克 / 玛琳·黛德丽 / 马克西米连·谢尔 / 更多...,剧情 / 历史,美国,英语 / 德语,1961-12-14,179分钟,纽伦堡大审判 / 劫后升平,tt0055031,9.1,11670,62.6%,29.8%
1292624,https://movie.douban.com/subject/1292624/,尖峰时刻 Rush Hour (1998),布莱特·拉特纳,吉姆·科夫 / 罗斯·拉曼纳,成龙 / 克里斯·塔克 / 汤姆·威尔金森 / 马泰 / 马克·罗斯顿 / 更多...,喜剧 / 动作 / 惊悚 / 犯罪,美国,英语 / 粤语 / 汉语普通话,1998-09-18(美国),98分钟 / 93分钟(西班牙),火拼时速 / 巅峰时刻,tt0120812,7.5,133206,15.9%,44.6%
1292625,https://movie.douban.com/subject/1292625/,绿野仙踪 The Wizard of Oz (1939),维克多·弗莱明,诺埃尔·兰利 / 弗洛伦斯·赖尔森 / 埃德加·艾伦·伍尔夫,朱迪·加兰 / 弗兰克·摩根 / 雷·博尔格 / 伯特·拉尔 / 杰克·黑利 / 更多...,歌舞 / 奇幻 / 冒险,美国,英语,1939-08-12(威斯康星首映) / 1939-08-25(美国),101分钟,OZ国历险记 / Wizard of Oz / The Wizard of Oz 3D/IMAX,tt0032138,8.2,61315,31.5%,49.3%
1292633,https://movie.douban.com/subject/1292633/,冲锋队之怒火街头 衝鋒隊之怒火街頭 (1996),陈木胜,陈木胜 / 马伟豪 / 陈淑贤,刘青云 / 陈小春 / 李绮虹 / 于荣光 / 吴镇宇 / 更多...,动作 / 犯罪,中国香港,粤语,1996-06-25(中国香港),98分钟(阿根廷) / 91分钟(香港) / 90分钟(德国),EU冲锋队 / Big Bullet / Chong feng dui nu huo jie tou / EU Strike Force / Emergency Unit: Angry Fire Street Corner,tt0126839,7.9,25518,21.0%,52.7%
1292642,https://movie.douban.com/subject/1292642/,伴你高飞 Fly Away Home (1996),卡罗尔·巴拉德,Bill Lishman / 罗伯特·罗达特 / Vince McKewin,杰夫·丹尼尔斯 / 安娜·帕奎因 / 达娜·德拉尼 / 特里·金尼 / 霍尔特·格拉汉姆 / 更多...,剧情 / 家庭 / 冒险,美国,英语,1996-09-05(多伦多电影节) / 1996-09-13(美国),107分钟,返家十万里 / 飞向故乡 / 回南,tt0116329,8.8,67519,50.7%,39.4%
1292646,https://movie.douban.com/subject/1292646/,情枭的黎明 Carlito's Way (1993),布莱恩·德·帕尔玛,大卫·凯普,阿尔·帕西诺 / 西恩·潘 / 佩内洛普·安·米勒 / 约翰·雷吉扎莫 / 维果·莫腾森 / 更多...,剧情 / 惊悚 / 犯罪,美国,英语 / 西班牙语,1993-11-10,144 分钟,角头风云(台) / 卡利托的方式 / 卡利托之路,tt0106519,8.7,56250,46.6%,42.8%
1292599,https://movie.douban.com/subject/1292599/,异形魔怪 Tremors (1990),罗恩·安德伍德,布伦特·马多克 / 罗恩·安德伍德 / S·S·威尔逊,凯文·贝肯 / 弗莱德·沃德 / Finn Carter / 迈克尔·格罗斯 / 瑞芭·麦肯泰尔 / 更多...,喜剧 / 恐怖,美国,英语,1990-01-19(美国),96 分钟,从地心窜出 / 震颤 / 深渊异形 / 来自地底深处,tt0100814,7.3,15637,13.8%,43.0%
1292656,https://movie.douban.com/subject/1292656/,心灵捕手 Good Will Hunting (1997),格斯·范·桑特,本·阿弗莱克 / 马特·达蒙,马特·达蒙 / 罗宾·威廉姆斯 / 本·阿弗莱克 / 斯特兰·斯卡斯加德 / 明妮·德里弗 / 更多...,剧情,美国,英语,1997-12-05(美国),126分钟,骄阳似我(港),tt0119217,9,818399,56.6%,35.4%
1292658,https://movie.douban.com/subject/1292658/,欢乐满人间 Mary Poppins (1964),罗伯特·斯蒂文森,比尔·沃尔什 / 多恩·达格雷迪 / 帕梅拉·林登·特拉弗斯,朱莉·安德鲁斯 / 迪克·范·戴克 / 大卫·汤姆林森 / 格莱妮丝·约翰斯 / 赫敏·巴德利 / 更多...,喜剧 / 歌舞 / 奇幻,美国,英语,1964-08-27(美国),139分钟,玛丽·波平斯,tt0058331,8.2,12959,34.4%,43.5%
1292659,https://movie.douban.com/subject/1292659/,变脸 Face/Off (1997),吴宇森,麦克·韦柏 / 迈克尔·科拉里,约翰·特拉沃尔塔 / 尼古拉斯·凯奇 / 琼·艾伦 / 亚历桑德罗·尼沃拉 / 吉娜·格申 / 更多...,动作 / 科幻 / 惊悚 / 犯罪,美国,英语 / 拉丁语,1997-06-27(美国),138分钟,夺面双雄(港) / 夺命双雄,tt0119094,8.5,410137,40.5%,46.4%
1292664,https://movie.douban.com/subject/1292664/,魔女嘉莉 Carrie (1976),布莱恩·德·帕尔玛,劳伦斯·D·科昂,茜茜·斯派塞克 / 派珀·劳瑞 / 艾米·欧文 / 威廉·卡特 / 贝蒂·巴克利 / 更多...,剧情 / 恐怖,美国,英语,1976-11-03,98 分钟,凶灵(港) / 卡丽 / 魔女佳丽,tt0074285,7.6,45242,18.7%,48.1%
1292677,https://movie.douban.com/subject/1292677/,007之黄金眼 GoldenEye (1995),马丁·坎贝尔,伊恩·弗莱明 / 迈克尔·弗朗斯 / 杰弗里·凯恩 / 布鲁斯·费尔斯坦,皮尔斯·布鲁斯南 / 肖恩·宾 / 伊莎贝拉·斯科鲁普科 / 法米克·詹森 / 乔·唐·巴克 / 更多...,动作 / 惊悚 / 冒险,英国 / 美国,英语 / 俄语 / 西班牙语,1995-11-21(英国),130分钟,新铁金刚之金眼睛 / 黄金眼,tt0113189,7.6,51850,16.2%,49.6%
1292679,https://movie.douban.com/subject/1292679/,春光乍泄 春光乍洩 (1997),王家卫,王家卫,张国荣 / 梁朝伟 / 张震 / 格利高里·戴顿,剧情 / 爱情 / 同性,中国香港 / 日本 / 韩国,粤语 / 汉语普通话 / 西班牙语,1997-05-30(中国香港) / 1997-05-17(戛纳电影节),96分钟,一起快乐 / Happy Together / Buenos Aires Affair,tt0118845,9,712363,57.9%,33.5%
1292697,https://movie.douban.com/subject/1292697/,虎胆龙威 Die Hard (1988),约翰·麦克蒂尔南,罗德里戈·索普 / 杰布·斯图尔特 / 斯蒂芬·E.德·索萨,布鲁斯·威利斯 / 邦妮·比蒂丽娅 / 雷金纳德·维尔约翰逊 / 保罗·格里森 / 艾伦·瑞克曼 / 更多...,动作 / 惊悚 / 犯罪,美国,英语 / 德语 / 意大利语 / 日语,1988-07-20(美国),132分钟,终极警探(台),tt0095016,8.2,93315,29.5%,53.0%
1292699,https://movie.douban.com/subject/1292699/,东方快车谋杀案 Murder on the Orient Express (1974),西德尼·吕美特,保罗·戴恩 / 阿加莎·克里斯蒂,阿尔伯特·芬尼 / 劳伦·白考尔 / 马丁·鲍尔萨姆 / 英格丽·褒曼 / 杰奎琳·比塞特 / 更多...,剧情 / 悬疑 / 犯罪,英国,英语 / 土耳其语 / 法语 / 德语 / 意大利语 / 瑞典语,1974-11-24,128分钟,火车谋杀案 / Agatha Christie's Murder on the Orient Express,tt0071877,8.6,185681,41.4%,47.4%
1292660,https://movie.douban.com/subject/1292660/,惊曝内幕 The Insider (1999),迈克尔·曼,迈克尔·曼 / 埃里克·罗思 / 玛丽·布伦纳,阿尔·帕西诺 / 罗素·克劳 / 克里斯托弗·普卢默 / 戴安·维诺拉 / 菲利普·贝克·霍尔 / 更多...,剧情 / 惊悚 / 传记,美国,英语 / 日语 / 阿拉伯语,1999-11-05(美国),157分钟,局内人 / 夺命烟幕 / 知情者 / 内幕新闻 / 惊爆内幕,tt0140352,8.2,28479,29.4%,50.9%
1292701,https://movie.douban.com/subject/1292701/,大地雄心 Far and Away (1992),朗·霍华德,鲍勃·多尔曼 / 朗·霍华德,汤姆·克鲁斯 / 妮可·基德曼 / 托马斯·吉布森 / 罗伯特·普罗斯基 / 芭芭拉·巴布科克 / 更多...,剧情 / 爱情 / 西部 / 冒险,美国,英语,1992-05-22,140 分钟,远离家园,tt0104231,7.9,14933,23.4%,50.5%
1292718,https://movie.douban.com/subject/1292718/,大河恋 A River Runs Through It (1992),罗伯特·雷德福,理查德·弗雷登伯格 / 诺曼·麦克林恩,克莱格·谢佛 / 布拉德·皮特 / 汤姆·斯凯里特 / 布兰达·布莱斯 / 艾米丽·劳伊德 / 更多...,剧情 / 家庭,美国,英语,1992-10-09(美国),123分钟,川流岁月(港) / 大河之恋 / 一条贯穿的大河 / 一条奔腾而过的河流,tt0105265,8.5,85858,40.0%,46.2%
1292719,https://movie.douban.com/subject/1292719/,大路 La strada (1954),费德里科·费里尼,费德里科·费里尼 / 图里奥·皮内利 / 恩尼奥·弗拉亚诺,安东尼·奎恩 / 朱丽叶塔·马西纳 / 理查德·贝斯哈特 / 阿尔多·西尔瓦尼 / 马切拉·罗韦纳 / 更多...,剧情,意大利,意大利语,1954-09-06(威尼斯电影节),108分钟,The Road,tt0047528,8.9,53484,54.4%,35.9%
1292720,https://movie.douban.com/subject/1292720/,阿甘正传 Forrest Gump,罗伯特·泽米吉斯,埃里克·罗思 / 温斯顿·格鲁姆,汤姆·汉克斯 / 罗宾·怀特 / 加里·辛尼斯 / 麦凯尔泰·威廉逊 / 莎莉·菲尔德 / 更多...,剧情 / 爱情,美国,英语,1994-06-23(洛杉矶首映) / 1994-07-06(美国),142分钟,福雷斯特·冈普,tt0109830,9.5,2435228,76.7%,20.0%
1292722,https://movie.douban.com/subject/1292722/,泰坦尼克号 Titanic (1997),詹姆斯·卡梅隆,詹姆斯·卡梅隆,莱昂纳多·迪卡普里奥 / 凯特·温斯莱特 / 比利·赞恩 / 凯西·贝茨 / 弗兰西丝·费舍 / 更多...,剧情 / 爱情 / 灾难,美国,英语 / 意大利语 / 德语 / 俄语,1998-04-03(中国大陆) / 2023-04-03(中国大陆重映) / 1997-11-01(东京电影节) / 1997-12-19(美国),194分钟 / 227分钟(白星版),铁达尼号(港/台),tt0120338,9.5,2504285,76.9%,19.9%
1292728,https://movie.douban.com/subject/1292728/,勇闯夺命岛 The Rock (1996),迈克尔·贝,大卫·韦斯伯格 / 道格拉斯·库克 / Mark Rosner,肖恩·康纳利 / 尼古拉斯·凯奇 / 艾德·哈里斯 / 约翰·斯宾塞 / 大卫·摩斯 / 更多...,动作 / 冒险,美国,英语,1996-06-07(美国),136分钟,石破天惊(港) / 绝地任务(台),tt0117500,8.6,270617,44.3%,43.2%
1292735,https://movie.douban.com/subject/1292735/,北方的纳努克 Nanook of the North (1922),罗伯特·弗拉哈迪,罗伯特·弗拉哈迪,Allakariallak / Nyla,纪录片,法国 / 美国,无对白,1922-06-11(美国),79分钟,,tt0013427,8.5,20009,39.2%,47.4%
1292737,https://movie.douban.com/subject/1292737/,小公主 The Little Princess (1939),沃尔特·朗 / 威廉·A·塞特尔,埃塞尔·希尔 / 弗朗西丝·霍奇森·伯内特 / 沃尔特·费里斯,秀兰·邓波儿 / 理查德·格林 / 安妮塔·露易丝 / Ian Hunter / 恺撒·罗摩洛,剧情 / 喜剧 / 歌舞 / 家庭,美国,英语 / 印地语,1939-03-10(美国),93分钟,小孤女 / 勇敢小公主 / La princesita / Petite princesse,tt0031580,8.4,15103,35.7%,48.9%
1292757,https://movie.douban.com/subject/1292757/,木偶奇遇记 Pinocchio (1940),诺曼·弗格森 / T·希 / 威尔弗雷德·杰克逊 / 杰克·金尼 / 汉密尔顿·卢斯科 / 更多...,卡洛·科洛迪 / 特德·西尔斯 / 奥托·英格兰德 / Webb Smith / 威廉·科特雷尔 / 更多...,Mel Blanc / Frankie Darro / Cliff Edwards / Dickie Jones,剧情 / 动画 / 音乐 / 奇幻,美国,英语,1940-02-07,88 分钟,匹诺曹,tt0032910,8.4,66672,36.5%,50.0%
1292760,https://movie.douban.com/subject/1292760/,贵妇失踪记 The Lady Vanishes (1938),阿尔弗雷德·希区柯克,西德尼·吉里亚特 / 弗兰克·劳恩德 / Ethel Lina White,玛格丽特·洛克伍德 / 迈克尔·雷德格瑞夫 / 保罗·卢卡斯 / 梅·惠蒂 / 西塞尔·帕克 / 更多...,喜剧 / 悬疑 / 惊悚,英国,英语 / 德语 / 法语 / 意大利语,1938-11-01(英国),96 分钟,失踪的女人 / 贵妇失踪案 / 失踪的贵妇,tt0030341,8.1,37022,27.0%,52.1%
1292769,https://movie.douban.com/subject/1292769/,世界末日 Armageddon (1998),迈克尔·贝,乔纳森·汉斯雷 / J·J·艾布拉姆斯 / 托尼·吉尔罗伊 / 肖恩·萨莱诺 / 罗伯特·罗伊·普尔,布鲁斯·威利斯 / 本·阿弗莱克 / 丽芙·泰勒 / 威廉·菲克纳 / 比利·鲍伯·松顿 / 更多...,科幻 / 灾难,美国,英语 / 俄语,1998-07-01(美国),151分钟 / 153分钟(导演剪辑版),绝世天劫(港) / 陨石大冲撞 / 最后决战 / 大决战,tt0120591,7.8,91169,22.3%,48.1%
1292772,https://movie.douban.com/subject/1292772/,喜剧之王 The King of Comedy (1982),马丁·斯科塞斯,保罗·D·齐默尔曼,罗伯特·德尼罗 / 杰瑞·刘易斯 / 戴安娜·阿伯特 / 桑德拉·伯恩哈德 / 艾德·赫利希 / 更多...,剧情 / 喜剧 / 犯罪,美国,英语,1982-12-18(冰岛) / 1983-02-18(美国部分上映),109 分钟,,tt0085794,8.5,26590,37.4%,49.8%
1292778,https://movie.douban.com/subject/1292778/,将军号 The General (1926),巴斯特·基顿 / 克莱德·布鲁克曼,巴斯特·基顿 / 克莱德·布鲁克曼,巴斯特·基顿 / 玛丽昂·马克 / 格伦·卡文德 / 吉姆·法利 / 弗雷德里克·弗鲁姆 / 更多...,剧情 / 喜剧 / 动作 / 战争 / 冒险,美国,无对白,1926-12-25(美国首映) / 1927-01-02(美国),67分钟 / 78分钟,将军号火车(港) / 将军 / General,tt0017925,9.1,36714,61.7%,31.7%
1292780,https://movie.douban.com/subject/1292780/,时光倒流七十年 Somewhere in Time (1980),吉诺特·兹瓦克,理查德·麦瑟森,克里斯托弗·里夫 / 简·西摩 / 克里斯托弗·普卢默 / 特雷莎·怀特 / 比尔·厄尔文 / 更多...,剧情 / 爱情 / 奇幻,美国,英语,1980-10-03,103分钟,似曾相识,tt0081534,7.8,55458,25.0%,43.1%
1292792,https://movie.douban.com/subject/1292792/,我自己的爱达荷 My Own Private Idaho (1991),格斯·范·桑特,格斯·范·桑特,瑞凡·菲尼克斯 / 基努·里维斯 / 詹姆斯·拉索 / 威廉·里克特 / 罗德尼·哈维 / 更多...,剧情 / 爱情 / 同性,美国,英语 / 意大利语 / 德语,1991-09-12,104 分钟,不羁的天空(港) / 男人的一半还是男人(台) / 我私人的爱达荷 / 属于我的爱达荷,tt0102494,8.3,75161,35.9%,44.9%
1292846,https://movie.douban.com/subject/1292846/,省港旗兵 (1984),麦当雄,陈欣健,陈敬 / 江龙 / 林国斌 / 林威 / 沈威 / 更多...,动作 / 犯罪,中国香港,粤语 / 英语 / 汉语普通话,1984-07-11(中国香港),100分钟(DVD版) / 106分钟(BD版),Long Arm of the Law,tt0088107,8,23510,24.3%,52.0%
1292849,https://movie.douban.com/subject/1292849/,拯救大兵瑞恩 Saving Private Ryan (1998),史蒂文·斯皮尔伯格,罗伯特·罗达特,汤姆·汉克斯 / 汤姆·塞兹摩尔 / 爱德华·伯恩斯 / 巴里·佩珀 / 亚当·戈德堡 / 更多...,剧情 / 战争,美国,英语 / 法语 / 德语 / 捷克语,1998-11-13(中国大陆) / 1998-07-24(美国),169分钟,雷霆救兵(港) / 抢救雷恩大兵(台) / 拯救大兵雷恩,tt0120815,9.1,727637,60.5%,32.6%
1292850,https://movie.douban.com/subject/1292850/,危情十日 Misery (1990),罗伯·莱纳,斯蒂芬·金 / 威廉·戈德曼,詹姆斯·肯恩 / 凯西·贝茨 / 理查德·法恩斯沃斯 / 弗朗西斯·斯特恩哈根 / 劳伦·白考尔 / 更多...,剧情 / 惊悚 / 犯罪,美国,英语,1990-11-30,107 分钟,苦难 / 米泽丽 / 米塞莉 / 战栗游戏 / 头号书迷,tt0100157,8.5,106604,36.9%,51.2%
1292895,https://movie.douban.com/subject/1292895/,精武英雄,陈嘉上,陈嘉上 / 叶广俭 / 林纪陶,李连杰 / 中山忍 / 钱小豪 / 蔡少芬 / 周比利 / 秦沛 / 仓田保昭 / 袁祥仁 / 楼学贤 / 高桥利道 / 谭淑梅 / 彭子晴 / 张浚鸿 / 李文标 / 林刚 / 麦咏麟 / 黄新 / 卢庆辉 / 刘思乐,剧情 / 动作,中国香港 / 中国大陆,英语 / 粤语 / 日语 / 汉语普通话,1994-12-22(中国香港),107分钟 / 98分钟(德国),Fist of Legend,tt0110200,8.7,169879,46.0%,42.9%
1292925,https://movie.douban.com/subject/1292925/,伴我同行 Stand by Me (1986),罗伯·莱纳,雷纳尔多·吉迪恩 / 布鲁斯·A·埃文斯 / 斯蒂芬·金,瑞凡·菲尼克斯 / 威尔·惠顿 / 科里·费尔德曼 / 杰瑞·奥康奈尔 / 约翰·库萨克 / 更多...,剧情 / 儿童 / 冒险,美国,英语,1986-08-08(美国),89分钟,站在我这边(台) / 与我常在 / 同仇敌忾,tt0092005,8.9,127315,54.9%,36.7%
1292943,https://movie.douban.com/subject/1292943/,光辉岁月 Remember the Titans (2000),鲍兹·亚金,格雷戈里·艾伦·霍华德,丹泽尔·华盛顿 / 威尔·帕顿 / 伍德·哈里斯 / 瑞恩·赫斯特 / 唐纳德·法森 / 更多...,剧情 / 传记 / 运动,美国,英语,2000-09-29(美国),113 分钟 / 120分钟(导演剪辑版),热血强人(港) / 冲锋陷阵(台) / 铭记泰坦,tt0210945,8.6,32127,42.5%,45.0%
1292950,https://movie.douban.com/subject/1292950/,新不了情 (1993),尔冬升,尔冬升,刘青云 / 袁咏仪 / 刘嘉玲 / 秦沛 / 冯宝宝 / 更多...,剧情 / 爱情,中国香港,粤语 / 汉语普通话 / 英语,1993-11-11(中国香港),98分钟,"真爱未了情 / Cest la vie, mon chéri / Endless Love",tt0111770,8.3,67148,32.5%,51.3%
1292962,https://movie.douban.com/subject/1292962/,黑金 (1997),麦当杰,麦当雄,刘德华 / 梁家辉 / 孙佳君 / 吴辰君 / 郭静纯 / 更多...,剧情 / 动作 / 犯罪,中国香港,粤语 / 汉语普通话 / 英语 / 闽南语,1997-12-23(中国香港),125分钟,情义之西西里岛 / Island of Greed / Hak gam,tt0156588,7.8,109254,22.7%,48.7%
1292965,https://movie.douban.com/subject/1292965/,不羁夜 Boogie Nights (1997),保罗·托马斯·安德森,保罗·托马斯·安德森,马克·沃尔伯格 / 路易斯·古兹曼 / 伯特·雷诺兹 / 朱丽安·摩尔 / 约翰·C·赖利 / 更多...,剧情 / 情色,美国,英语,1997-09-11(多伦多电影节) / 1997-10-10(美国),155分钟,一举成名 / 黄色片之夜 / 热舞之夜,tt0118749,7.6,31525,19.0%,46.4%
1292969,https://movie.douban.com/subject/1292969/,光荣之路 Paths of Glory (1957),斯坦利·库布里克,斯坦利·库布里克 / 卡尔德·威灵汉姆 / 吉姆·汤普森 / Humphrey Cobb,柯克·道格拉斯 / 拉尔夫·米克 / 阿道夫·门吉欧 / 乔治·麦克雷迪 / 韦恩·莫瑞斯 / 更多...,剧情 / 战争,美国,英语 / 德语 / 拉丁语,1957-12-20(英国) / 1957-12-25(美国),88分钟,,tt0050825,9.1,65278,62.6%,31.8%
1292973,https://movie.douban.com/subject/1292973/,小鸡快跑 Chicken Run (2000),彼得·洛伊德 / 尼克·帕克,彼得·洛伊德 / 尼克·帕克 / 凯瑞·柯克帕特里克 / 马克·伯顿 / 约翰·奥法雷尔,菲尔·丹尼尔斯 / 梅尔·吉布森 / 托尼·海加斯 / 简·霍洛克斯 / 米兰达·理查森 / 更多...,喜剧 / 动画 / 家庭,英国 / 美国 / 法国,英语 / 法语,2001-02-01(中国大陆) / 2000-06-30(英国),84分钟,咪走鸡(港) / 落跑鸡(台) / 酷鸡大逃亡 / 小鸡也暴动 / 跑路小鸡 / 小鸡大逃亡,tt0120630,7.7,102182,19.0%,48.0%
1292981,https://movie.douban.com/subject/1292981/,婚姻生活 Scener ur ett äktenskap (1973),英格玛·伯格曼,英格玛·伯格曼,丽芙·乌曼 / 厄兰·约瑟夫森 / 古内尔·林德布洛姆 / 毕比·安德松 / Wenche Foss / 更多...,剧情 / 爱情,瑞典,瑞典语,1973-04-11(瑞典) / 1974-09-21(美国),169分钟(电影版) / 299分钟(TV版),婚姻生活 电视剧版 / 婚姻场景 / 婚姻暗流 / 一场婚姻 / Scenes from a Marriage,tt0070644,9,33697,59.5%,31.4%
1292994,https://movie.douban.com/subject/1292994/,开罗紫玫瑰 The Purple Rose of Cairo (1985),伍迪·艾伦,伍迪·艾伦,米娅·法罗 / 杰夫·丹尼尔斯 / 丹尼·爱罗 / 欧文·梅茨曼 / Victoria Zussin / 更多...,喜剧 / 爱情 / 奇幻,美国,英语,1985-03-01,82 分钟,戏假情真(港) / 开罗的紫罗兰,tt0089853,8.8,73117,49.5%,41.3%
1293004,https://movie.douban.com/subject/1293004/,告别有情天 The Remains of the Day (1993),詹姆斯·伊沃里,鲁丝·普罗厄·贾布瓦拉 / 石黑一雄,安东尼·霍普金斯 / 艾玛·汤普森 / 詹姆斯·福克斯 / 克里斯托弗·里夫 / 休·格兰特 / 更多...,剧情 / 爱情,英国 / 美国,英语 / 德语 / 法语,1993-11-12(英国) / 1993-11-19(美国),134分钟,长日将尽(台) / 去日留痕 / 长日留痕,tt0107943,8.2,32451,30.1%,52.0%
1293013,https://movie.douban.com/subject/1293013/,独立日 Independence Day (1996),罗兰·艾默里奇,罗兰·艾默里奇 / 迪安·德夫林,威尔·史密斯 / 杰夫·高布伦 / 比尔·普尔曼 / 玛丽·麦克唐纳 / 贾德·赫希 / 更多...,动作 / 科幻 / 冒险 / 灾难,美国,英语,1996-07-02(加拿大) / 1996-07-03(美国),145分钟 / 154分钟(特别版),ID4星际终结者(台) / 天煞-地球反击战(港) / 地球捍卫战,tt0116629,8.1,317984,29.1%,48.5%
1293031,https://movie.douban.com/subject/1293031/,曼哈顿谋杀疑案 Manhattan Murder Mystery (1993),伍迪·艾伦,马歇尔·布瑞克曼 / 伍迪·艾伦,伍迪·艾伦 / 黛安·基顿 / 杰里·阿德勒 / 林恩·科恩 / 朗·瑞弗金 / 更多...,喜剧 / 悬疑,美国,英语,1993-08-18(美国),104分钟,曼哈顿神秘谋杀 / 曼克顿神秘谋杀案,tt0107507,8.2,15527,30.4%,50.3%
1293038,https://movie.douban.com/subject/1293038/,狗的生活 A Dog's Life (1918),查理·卓别林,查理·卓别林,查理·卓别林 / Bert Appling / 艾伯特·奥斯汀 / 亨利·伯格曼 / A.D. Blake / 更多...,喜剧 / 短片,美国,无对白,1918-04-14(美国),33分钟,狗的一生,tt0009018,8.7,6612,46.8%,42.5%
1293046,https://movie.douban.com/subject/1293046/,热泪伤痕 Dolores Claiborne (1995),泰勒·海克福德,斯蒂芬·金 / 托尼·吉尔罗伊,凯西·贝茨 / 克里斯托弗·普卢默 / 大卫·斯特雷泽恩 / 詹妮弗·杰森·李 / 朱迪·帕瑞福特 / 更多...,剧情 / 悬疑 / 惊悚,美国,英语,1996-08-01(中国香港) / 1995-03-24(美国),132 分钟,惊鸟,tt0109642,8.7,29733,47.6%,42.2%
1293050,https://movie.douban.com/subject/1293050/,永不妥协 Erin Brockovich (2000),史蒂文·索德伯格,苏珊娜·格兰特,朱莉娅·罗伯茨 / 大卫·布里斯宾 / 阿尔伯特·芬尼 / 维勒特·罗德里格斯 / 康查塔·费雷尔 / 更多...,剧情 / 传记,美国,英语,2000-03-17(加拿大),130分钟,伊人当自强(港) / 埃琳·布罗克维奇 / 阿莲正传,tt0195685,8.5,115316,38.2%,49.0%
1293071,https://movie.douban.com/subject/1293071/,野草莓 Smultronstället (1957),英格玛·伯格曼,英格玛·伯格曼,维克多·斯约斯特洛姆 / 毕比·安德松 / 英格丽·图林 / 古纳尔·布约恩施特兰德 / 尤兰·辛达尔 / 更多...,剧情 / 爱情 / 家庭,瑞典,瑞典语 / 拉丁语,1957-12-26(瑞典),91分钟,Wild Strawberries,tt0050986,8.8,93874,51.7%,38.5%
1293073,https://movie.douban.com/subject/1293073/,变蝇人 The Fly (1986),大卫·柯南伯格,大卫·柯南伯格 / 乔治·朗格兰 / 查尔斯·爱德华·波格,杰夫·高布伦 / 吉娜·戴维斯 / 约翰·盖兹 / 乔·波希尔 / 莱斯利·卡尔森 / 更多...,科幻 / 恐怖,美国 / 德国,英语,1986-08-15(美国),96分钟,魔蛹(港) / 变形人魔 / 苍蝇,tt0091064,7.4,50410,15.7%,46.3%
1293077,https://movie.douban.com/subject/1293077/,苏菲的抉择 Sophie's Choice (1982),艾伦·J·帕库拉,威廉·斯泰伦 / 艾伦·J·帕库拉,梅丽尔·斯特里普 / 凯文·克莱恩 / 彼特·麦尼科 / 丽塔·卡琳 / 斯蒂芬·D.纽曼 / 更多...,剧情 / 爱情,英国 / 美国,英语 / 波兰语 / 德语 / 法语 / 俄语,1982-12-08,150 分钟,索菲的抉择 / 苏菲亚的选择 / 苏菲的选择,tt0084707,8.4,29884,36.5%,47.5%
1293088,https://movie.douban.com/subject/1293088/,小鬼当家 Home Alone (1990),克里斯·哥伦布,约翰·休斯,麦考利·卡尔金 / 乔·佩西 / 丹尼尔·斯特恩 / 约翰·赫德 / 罗伯茨·布洛瑟姆 / 更多...,喜剧 / 家庭 / 犯罪,美国,英语,1990-11-16(美国),103分钟,宝贝智多星(港) / 独自在家,tt0099785,8.5,481546,37.6%,48.9%
1293098,https://movie.douban.com/subject/1293098/,小倩 (1997),陈伟文,徐克,林海峰 / 袁咏仪 / 杨采妮 / 黎瑞恩 / 葛民辉 / 更多...,喜剧 / 爱情 / 动画 / 奇幻,中国香港,粤语,1997-07-26(中国香港),84分钟,A Chinese Ghost Story: The Tsui Hark Animation,tt0125037,8.3,27771,37.8%,43.5%
1293105,https://movie.douban.com/subject/1293105/,蚀 L'eclisse (1962),米开朗基罗·安东尼奥尼,米开朗基罗·安东尼奥尼 / 托尼诺·格拉 / 埃利奥·巴托尼 / 奥蒂罗·奥蒂里,阿兰·德龙 / 莫妮卡·维蒂 / 弗朗西斯科·拉瓦尔 / 利亚·布里格诺娜 / 罗桑娜·罗里 / 更多...,剧情 / 爱情,意大利 / 法国,意大利语 / 英语,1962-04-12(意大利),126 分钟,欲海含羞花(台) / 情隔万重山 / Eclipse,tt0056736,8.3,28002,37.3%,45.4%
1293107,https://movie.douban.com/subject/1293107/,野良犬 (1949),黑泽明,菊岛隆三 / 黑泽明,三船敏郎 / 志村乔 / 淡路惠子 / 三好荣子 / 千石规子 / 更多...,剧情 / 犯罪,日本,日语,1949-10-17(日本),122分钟,追踪记(港) / Stray Dog,tt0041699,8.4,20210,34.7%,51.3%
1293118,https://movie.douban.com/subject/1293118/,龙争虎斗 Enter the Dragon (1973),罗伯特·高洛斯,Michael Allin,李小龙 / 石坚 / 茅瑛 / 约翰·萨克松 / 吉米·凯利 / 更多...,动作 / 犯罪,美国 / 中国香港,英语 / 粤语,1973-07-26,102分钟,,tt0070034,8.3,34851,36.6%,45.5%
1293120,https://movie.douban.com/subject/1293120/,小美人鱼 The Little Mermaid (1989),罗恩·克莱蒙兹 / 约翰·马斯克,约翰·马斯克 / 罗恩·克莱蒙兹,勒内·奥贝尔若努瓦 / 克里斯托弗·丹尼尔·巴恩斯 / 裘蒂·班森,爱情 / 动画 / 歌舞 / 奇幻,美国,英语 / 法语,2013-09-19(中国香港) / 1989-11-17(美国) / 2013-09-13(美国),83分钟,小鱼仙(港) / 小美人鱼3D版 / The Little Mermaid 3D,tt0097757,8.5,120591,38.7%,46.7%
1293124,https://movie.douban.com/subject/1293124/,惊情四百年 Dracula (1992),弗朗西斯·福特·科波拉,布莱姆·斯托克 / 詹姆士·V·哈特,加里·奥德曼 / 薇诺娜·瑞德 / 安东尼·霍普金斯 / 基努·里维斯 / 理查德·E·格兰特 / 更多...,爱情 / 恐怖 / 奇幻,英国 / 美国,英语 / 罗马尼亚语 / 希腊语 / 保加利亚语 / 拉丁语,1992-11-13(美国),128分钟,吸血僵尸惊情四百年(港) / 吸血鬼：真爱不死(台) / 德古拉 / 吸血鬼 / Bram Stoker's Dracula,tt0103874,7.7,179525,22.7%,44.9%
1293129,https://movie.douban.com/subject/1293129/,惊魂记2 Psycho II (1983),理查德·富兰克林,汤姆·霍兰德 / 罗伯特·布洛克,安东尼·博金斯 / 维拉·迈尔斯 / 梅格·提莉,悬疑 / 惊悚 / 恐怖,美国,英语,1983-06-03(美国),113分钟,触目惊心2,tt0086154,7.8,7765,22.3%,49.9%
1293142,https://movie.douban.com/subject/1293142/,新上海滩 新上海灘 (1996),潘文杰,邹凯光 / 潘文杰 / 邵丽琼,张国荣 / 刘德华 / 宁静 / 李蕙敏 / 吴兴国 / 更多...,动作 / 惊悚 / 犯罪,中国香港,粤语 / 汉语普通话 / 英语,1996-07-13(中国香港),96分钟,Shanghai Grand,tt0117619,7.7,59331,21.5%,45.0%
1293145,https://movie.douban.com/subject/1293145/,费城故事 Philadelphia (1993),乔纳森·戴米,罗恩·内斯万尼尔,汤姆·汉克斯 / 丹泽尔·华盛顿 / 罗伯塔·马克斯韦尔 / 巴兹·基尔曼 / 卡伦·芬利 / 更多...,剧情 / 同性,美国,英语,1993-12-22(美国),125分钟,费城,tt0107818,8.7,107071,45.4%,44.1%
1293146,https://movie.douban.com/subject/1293146/,豹 Il gattopardo (1963),卢基诺·维斯康蒂,苏索·切基·达米科 / 帕斯夸莱·费斯塔·康帕尼莱 / 恩里科·梅迪欧力 / 马西莫·弗兰乔萨 / 卢基诺·维斯康蒂,伯特·兰卡斯特 / 克劳迪娅·卡汀娜 / 阿兰·德龙 / 保罗·斯托帕 / 里娜·莫雷莉,剧情 / 爱情 / 历史 / 战争,意大利 / 法国,意大利语 / 拉丁语,1963-01-02(阿卡普尔科电影节) / 1963-03-29(意大利),195分钟(戛纳电影节) / 186分钟 / 162分钟(英语版),浩气盖山河(台) / The Leopard,tt0057091,8.7,20171,48.3%,38.6%
1293147,https://movie.douban.com/subject/1293147/,辣手神探 (1992),吴宇森,黄炳耀,周润发 / 梁朝伟 / 毛舜筠 / 陈欣健 / 黄秋生 / 更多...,剧情 / 动作 / 惊悚 / 犯罪,中国香港,粤语,1992-04-16,128分钟,枪神(台) / Hard-Boiled,tt0104684,7.9,45265,22.8%,50.2%
1293150,https://movie.douban.com/subject/1293150/,宾虚 Ben-Hur (1959),威廉·惠勒,卡尔·顿伯格 / 路易斯·华莱士,查尔顿·赫斯顿 / 杰克·霍金斯 / 哈雅·哈拉里特 / 史蒂芬·博伊德 / 休·格里夫斯 / 更多...,剧情 / 动作 / 历史 / 战争 / 冒险,美国,英语,1959-11-18(美国),213分钟 / 222分钟(无删减版),宾汉(台) / 宾虚传,tt0052618,8.7,41298,49.0%,39.3%
1293155,https://movie.douban.com/subject/1293155/,愤怒的公牛 Raging Bull (1980),马丁·斯科塞斯,杰克·拉莫塔 / Joseph Carter / 彼得·萨瓦奇 / 保罗·施拉德 / 麦迪克·马丁,罗伯特·德尼罗 / 凯西·莫拉蒂 / 乔·佩西 / 弗兰克·文森特 / 尼可拉斯·科拉山多 / 更多...,剧情 / 传记 / 运动,美国,英语,1980-11-14,129 分钟,狂牛(港) / 蛮牛(台),tt0081398,8.4,66837,39.4%,44.8%
1293156,https://movie.douban.com/subject/1293156/,处女泉 Jungfrukällan (1960),英格玛·伯格曼,乌拉·伊萨克松,马克斯·冯·叙多夫 / 贝吉塔·瓦尔堡 / 古内尔·林德布洛姆 / 贝吉塔·彼得松 / 阿克塞尔·迪贝里 / 更多...,剧情 / 犯罪,瑞典,瑞典语 / 德语,1960-02-08(瑞典),89分钟,The Virgin Spring,tt0053976,8.5,54264,40.6%,46.1%
1293171,https://movie.douban.com/subject/1293171/,入侵脑细胞 The Cell (2000),塔西姆·辛,马克·波托塞维奇,詹妮弗·洛佩兹 / 文斯·沃恩 / 文森特·多诺费奥 / 玛丽安娜·琼-巴普蒂斯特,科幻 / 惊悚 / 恐怖,美国 / 德国,英语,2000-08-17(美国),107分钟 / 109分钟(导演剪辑版),移魂追凶 / 死亡空间 / A Cela,tt0209958,7.6,73682,20.2%,46.6%
1293172,https://movie.douban.com/subject/1293172/,末代皇帝 The Last Emperor (1987),贝纳尔多·贝托鲁奇,贝纳尔多·贝托鲁奇 / 马克·派普罗,尊龙 / 陈冲 / 邬君梅 / 彼得·奥图尔 / 英若诚 / 更多...,剧情 / 传记 / 历史,英国 / 意大利 / 中国大陆 / 法国,英语 / 汉语普通话 / 日语,1987-10-04(东京国际电影节) / 1987-10-23(意大利),163分钟 / 218分钟(加长版),末代皇帝溥仪(港) / L'ultimo imperatore / Le dernier empereur,tt0093389,9.3,1031776,70.5%,25.1%
1293174,https://movie.douban.com/subject/1293174/,007之黑日危机 The World Is Not Enough (1999),迈克尔·艾普特,尼尔·珀维斯 / 罗伯特·韦德 / 布鲁斯·费尔斯坦 / 伊恩·弗莱明,皮尔斯·布鲁斯南 / 苏菲·玛索 / 罗伯特·卡莱尔 / 丹妮丝·理查兹 / 罗彼·考特拉尼 / 更多...,动作 / 惊悚 / 冒险,英国 / 美国,英语 / 俄语 / 西班牙语,1999-11-19(美国) / 1999-11-26(英国),129分钟,新铁金刚之黑日危机 / 纵横天下 / 黑日危机,tt0143145,7.6,57358,16.3%,49.5%
1293175,https://movie.douban.com/subject/1293175/,人生七部曲 The Meaning of Life (1983),特瑞·琼斯 / 特瑞·吉列姆,格雷厄姆·查普曼 / 约翰·克里斯 / 特瑞·吉列姆 / 艾瑞克·爱都 / 特瑞·琼斯 / 更多...,格雷厄姆·查普曼 / 约翰·克里斯 / 特瑞·吉列姆 / 艾瑞克·爱都 / 特瑞·琼斯 / 更多...,喜剧 / 歌舞,英国,英语,1983-07-07(英国),107分钟 / 112分钟(导演剪辑版),脱线一箩筐(台) / 万世魔星：生命的意义 / Monty Python's The Meaning of Life,tt0085959,8.2,9096,36.7%,41.9%
1293181,https://movie.douban.com/subject/1293181/,惊魂记 Psycho (1960),阿尔弗雷德·希区柯克,约瑟夫·斯蒂凡诺 / 罗伯特·布洛克,安东尼·博金斯 / 维拉·迈尔斯 / 约翰·加文 / 珍妮特·利 / 马丁·鲍尔萨姆 / 更多...,悬疑 / 惊悚 / 恐怖,美国,英语,1960-06-16(纽约首映) / 1960-09-08(美国),109分钟,精神病患者 / 触目惊心(港) / 精神病人,tt0054215,9,359794,59.0%,34.2%
1293182,https://movie.douban.com/subject/1293182/,十二怒汉 12 Angry Men (1957),西德尼·吕美特,雷金纳德·罗斯,亨利·方达 / 马丁·鲍尔萨姆 / 约翰·菲德勒 / 李·科布 / E.G.马绍尔 / 更多...,剧情,美国,英语,1957-04-10(美国),96分钟,12怒汉,tt0050083,9.4,581018,76.1%,20.6%
1293167,https://movie.douban.com/subject/1293167/,1293167,扬·德·邦特,格雷厄姆·约斯特,基努·里维斯 / 桑德拉·布洛克 / 丹尼斯·霍珀 / 乔·莫顿 / 杰夫·丹尼尔斯 / 阿兰·卢克 / 格伦·普拉默 / 丹尼尔·比利亚雷亚尔 / 贝丝·格兰特 / 乔丹·朗德 / 理查德·梅尔豪斯 / 派特里克·费斯克勒 / Patrick John Hurley / 安妮·奥沙利文 / 博斯塔尔 / 约翰·卡波迪斯 / 小托马斯·罗萨莱斯 / 詹姆斯·杜蒙特 / Antonio Mora / Mark Kriski / Dagny Hultgreen / 理查德·希夫 / 桑迪·马丁 / Jim Mapp / Loyda Ramos / 朱莉娅·维拉 / Randy Algoe / 维罗尼卡·卡维特 / 马克·戈登 / 克雷格·豪斯金 / J. David Jones / Christopher C. Murphy / 迈克尔·塔姆布洛 / Eddie Yansick,动作 / 惊悚 / 犯罪 / 冒险,美国,英语,1994-06-10(美国),116分钟,捍卫战警(台),tt0111257,8,134648,28.3%,53.6%
1293200,https://movie.douban.com/subject/1293200/,象人 The Elephant Man (1980),大卫·林奇,克里斯托弗·德沃雷 / 埃里克·伯格恩 / 大卫·林奇 / 弗雷德里克·特里夫斯 / 阿什利·蒙塔古,安东尼·霍普金斯 / 约翰·赫特 / 安妮·班克罗夫特 / 约翰·吉尔古德 / 温蒂·希勒 / 弗雷迪·琼斯 / 迈克尔·埃尔菲克 / 汉娜·高登 / 海伦·瑞安 / 约翰·斯坦丁 / 德克斯特·弗莱彻 / 莱斯莉·邓禄普 / 菲比·尼克尔斯,剧情 / 传记,美国,英语,1980-10-10(美国),124分钟,,tt0080678,8.3,39783,33.1%,50.3%
1293202,https://movie.douban.com/subject/1293202/,真心英雄 眞心英雄 (1998),杜琪峰,司徒锦源 / 游乃海,黎明 / 刘青云 / 梁艺龄 / 蒙嘉慧 / 林雪 / 更多...,剧情 / 动作 / 犯罪,中国香港,粤语,1998-09-30(中国香港),97分钟,A Hero Never Dies,tt0176809,7.8,27617,23.0%,46.6%
1293203,https://movie.douban.com/subject/1293203/,人鬼情未了 Ghost (1990),杰瑞·扎克,布鲁斯·乔尔·鲁宾,帕特里克·斯威兹 / 黛米·摩尔 / 托尼·戈德温 / 乌比·戈德堡,剧情 / 爱情 / 奇幻,美国,英语,1990-07-13,127 分钟,第六感生死恋(台) / 生死第六感 / 幽灵,tt0099653,8.3,225122,32.1%,50.4%
1293204,https://movie.douban.com/subject/1293204/,为黛西小姐开车 Driving Miss Daisy (1989),布鲁斯·贝尔斯福德,阿尔弗雷德·乌里,摩根·弗里曼 / 杰西卡·坦迪 / 丹·艾克罗伊德 / 帕蒂·卢波恩 / 埃丝特·罗尔 / 更多...,剧情 / 喜剧,美国,英语 / 希伯来语,1989-12-13,99分钟,温馨接送情(台) / 山水喜相逢(港) / 为戴茜小姐开车,tt0097239,8.3,53764,31.0%,52.9%
1293212,https://movie.douban.com/subject/1293212/,长大 Big (1988),潘妮·马歇尔,盖瑞·罗斯 / 安妮·斯皮尔伯格,汤姆·汉克斯 / 伊丽莎白·珀金斯 / 罗伯特·劳吉亚 / 约翰·赫德 / 杰瑞德·拉什顿 / 更多...,喜剧 / 爱情 / 奇幻,美国,英语,1988-06-03(美国),104 分钟 / 130分钟(加长版),飞越未来 / 飞进未来 / 飞向未来 / 飞越童真 / 嗨，我长大了 / 大人,tt0094737,8.2,26205,29.0%,51.5%
1293213,https://movie.douban.com/subject/1293213/,恶魔 Les Diaboliques (1955),亨利-乔治·克鲁佐,皮埃尔·布瓦洛 / 托马 纳尔瑟雅克 / 亨利-乔治·克鲁佐 / Jérôme Géronimi / René Masson / 更多...,西蒙·西涅莱 / 薇拉·克劳佐 / 保罗·默里斯 / 夏尔·瓦内尔 / 让·布罗沙尔 / 更多...,剧情 / 悬疑 / 惊悚 / 犯罪,法国,法语,1955-01-29,114分钟 / 92分钟(英国) / 116分钟(美国),浴室情杀案(港) / 像恶魔的女人 / 魔鬼双姝 / Diabolique,tt0046911,8.4,22477,35.1%,51.3%
1293219,https://movie.douban.com/subject/1293219/,雾都孤儿 Oliver! (1968),卡罗尔·里德,莱昂内尔·巴特 / 弗农·哈里斯 / 查尔斯·狄更斯,朗·穆迪 / 姗妮·沃利斯 / 奥列佛·里德 / 哈里·塞科姆 / 马克·莱斯特 / 更多...,剧情 / 歌舞 / 家庭 / 犯罪,英国,英语,1968-09-26,153 分钟,孤雏泪 / 奥利弗,tt0063385,8.3,12059,32.0%,50.8%
1293226,https://movie.douban.com/subject/1293226/,双重赔偿 Double Indemnity (1944),比利·怀尔德,比利·怀尔德 / 雷蒙德·钱德勒 / 詹姆斯·M·凯恩,弗莱德·麦克莫瑞 / 芭芭拉·斯坦威克 / 爱德华·罗宾逊 / 波特·霍尔 / 琼·希瑟 / 更多...,剧情 / 悬疑 / 惊悚 / 犯罪 / 黑色电影,美国,英语,1944-07-03(美国),107分钟,双重保险(台) / 双重生活 / 双倍赔偿,tt0036775,8.5,53312,37.5%,51.6%
1293234,https://movie.douban.com/subject/1293234/,第七封印 Det sjunde inseglet (1957),英格玛·伯格曼,英格玛·伯格曼,古纳尔·布约恩施特兰德 / 本特·埃切罗特 / 尼尔斯·波普 / 马克斯·冯·叙多夫 / 毕比·安德松 / 更多...,剧情 / 奇幻,瑞典,瑞典语 / 拉丁语,1957-02-16(瑞典),96分钟,The Seventh Seal,tt0050976,8.5,64084,45.0%,40.0%
1293236,https://movie.douban.com/subject/1293236/,"黑猫白猫 Црна мачка, бели мачор (1998)",埃米尔·库斯图里察,埃米尔·库斯图里察 / 戈尔丹·米希奇,斯尔詹·托多罗维奇 / 布兰卡·卡蒂奇 / 巴伊拉姆·瑟瓦丹 / 弗洛里安·艾登 / 柳比察·阿德若维奇 / 更多...,喜剧 / 爱情 / 音乐,南斯拉夫 / 法国 / 德国 / 奥地利 / 希腊,罗马尼语 / 塞尔维亚语 / 保加利亚语,1998-06-01(南斯拉夫联邦共和国),127分钟,"库斯图里卡的猫 / Crna macka, beli macor / Black Cat, White Cat",tt0118843,8.5,33565,40.6%,44.2%
1293237,https://movie.douban.com/subject/1293237/,变脸 (1995),吴天明,魏明伦,朱旭 / 周任莹 / 赵志刚 / 张瑞阳,剧情,中国大陆 / 中国香港,汉语普通话,1995-06-09(中国大陆),101分钟 / 91分钟(美国),面王 / 面具之王 / The King of Masks,tt0115669,9.1,67423,60.4%,33.7%
1293265,https://movie.douban.com/subject/1293265/,97古惑仔战无不胜 97古惑仔戰無不勝 (1997),刘伟强,文隽,郑伊健 / 陈小春 / 李嘉欣 / 莫文蔚 / 万梓良 / 更多...,剧情 / 动作,中国香港,粤语,1997-03-28,106 分钟,古惑仔4：战无不胜 / Young and Dangerous 4,tt0128907,7.6,87613,19.6%,45.1%
1293270,https://movie.douban.com/subject/1293270/,寻子遇仙记 The Kid (1921),查理·卓别林,查理·卓别林,查理·卓别林 / 卡尔·米勒 / 艾德娜·珀薇安丝 / 杰基·库根 / 艾伯特·奥斯汀 / 更多...,剧情 / 喜剧 / 家庭,美国,英语,1921-02-06(美国),68分钟,孤儿流浪记 / 弃儿的故事 / 我的孩子,tt0012349,9.2,50989,64.4%,30.6%
1293271,https://movie.douban.com/subject/1293271/,甜蜜的生活 La dolce vita (1960),费德里科·费里尼,费德里科·费里尼 / 恩尼奥·弗拉亚诺 / 图里奥·皮内利 / 布鲁内洛·龙迪 / 皮埃尔·保罗·帕索里尼,马塞洛·马斯楚安尼 / 安妮塔·艾克伯格 / 阿努克·艾梅 / 伊冯·弗奴克丝 / 玛加莉·诺埃尔 / 更多...,剧情 / 喜剧,意大利 / 法国,意大利语 / 英语 / 法语 / 德语,1960-02-04(意大利),174分钟,露滴牡丹开(港) / 生活的甜蜜(台) / 豪华生活 / The Sweet Life,tt0053779,8.6,40352,46.1%,39.6%
1293310,https://movie.douban.com/subject/1293310/,椿三十郎 (1962),黑泽明,菊岛隆三 / 小国英雄 / 黑泽明 / 山本周五郎,三船敏郎 / 仲代达矢 / 小林桂树 / 加山雄三 / 团令子 / 更多...,剧情 / 喜剧 / 动作 / 惊悚 / 犯罪,日本,日语,1962-01-01(日本),96分钟,大剑客 / 穿心剑 / 夺命剑 / Sanjuro,tt0056443,8.8,40949,50.4%,41.4%
1293315,https://movie.douban.com/subject/1293315/,阿郎的故事 (1989),杜琪峰,郑忠泰 / 吴文辉,周润发 / 张艾嘉 / 黄坤玄 / 吴孟达 / 王天林,剧情 / 家庭,中国香港,粤语,1989-03-16(中国香港) / 1991-04-20(日本),99分钟,又见阿郎(台) / All About Ah Long,tt0098694,8.5,128423,41.2%,44.8%
1293318,https://movie.douban.com/subject/1293318/,萤火虫之墓 火垂るの墓 (1988),高畑勋,高畑勋 / 野坂昭如,辰己努 / 白石绫乃 / 志乃原良子 / 山口朱美 / 端田宏三,剧情 / 动画 / 战争,日本,日语,1988-04-16(日本),89分钟,再见萤火虫(港) / 萤火挽歌 / 火帘之墓 / Hotaru no haka / Tombstone for Fireflies / Grave of the Fireflies / Tomb of the Fireflies,tt0095327,8.7,439013,53.3%,32.7%
1293323,https://movie.douban.com/subject/1293323/,大红灯笼高高挂 (1991),张艺谋,倪震 / 苏童,巩俐 / 马精武 / 何赛飞 / 曹翠芬 / 周琦 / 更多...,剧情,中国大陆 / 中国香港 / 中国台湾,汉语普通话,1991-09-10(威尼斯电影节) / 1991-12-18(意大利),125 分钟,Raise The Red Lantern / Épouses et concubines,tt0101640,8.8,378413,50.6%,41.2%
1293350,https://movie.douban.com/subject/1293350/,"两杆大烟枪 Lock, Stock and Two Smoking Barrels (1998)",盖·里奇,盖·里奇,杰森·弗莱明 / 德克斯特·弗莱彻 / 尼克·莫兰 / 杰森·斯坦森 / 斯蒂文·麦金托什 / 更多...,剧情 / 喜剧 / 犯罪,英国,英语,1998-08-28(英国),107分钟 / 115分钟(导演剪辑版),够姜四小强(港) / 两根枪管(台) / 两只老烟枪 / 魔高一丈 / 两杆老烟枪,tt0120735,9.1,680554,64.3%,29.0%
1293351,https://movie.douban.com/subject/1293351/,食神 (1996),周星驰 / 李力持,周星驰 / 谷德昭 / 劳文生 / 曾瑾昌,周星驰 / 莫文蔚 / 薛家燕 / 吴孟达 / 谷德昭 / 更多...,喜剧 / 动作,中国香港,粤语,2024-08-31(中国大陆) / 1996-12-21(中国香港),92分钟(中国大陆) / 95分钟,The God of Cookery,tt0116426,8.2,489463,31.9%,48.3%
1293353,https://movie.douban.com/subject/1293353/,小鬼当家2 Home Alone 2: Lost in New York (1992),克里斯·哥伦布,约翰·休斯,麦考利·卡尔金 / 乔·佩西 / 丹尼尔·斯特恩 / 凯瑟琳·奥哈拉 / 约翰·赫德 / 更多...,喜剧 / 家庭 / 犯罪,美国,英语,1992-11-20(美国),120分钟,宝贝智多星续集：玩转纽约(港) / 小鬼当家2：迷失纽约 / 小鬼当家2：纽约迷失记 / 独自在家2：迷失纽约 / 小鬼当家2：纽约失踪,tt0104431,8.2,208208,30.7%,50.5%
1293359,https://movie.douban.com/subject/1293359/,菊次郎的夏天 菊次郎の夏 (1999),北野武,北野武,北野武 / 关口雄介 / 岸本加世子 / 吉行和子 / 细川典江 / 更多...,剧情 / 喜剧,日本,日语,2020-09-25(中国大陆) / 1999-05-20(戛纳电影节) / 1999-06-05(日本),121分钟,菊次郎之夏 / Kikujirô no natsu / Kikujiro,tt0199683,8.9,677315,54.6%,35.7%
1293373,https://movie.douban.com/subject/1293373/,一级谋杀 Murder in the First (1995),马可·罗科,丹·戈登,克里斯蒂安·史莱特 / 凯文·贝肯 / 加里·奥德曼 / 艾伯丝·戴维兹 / 威廉·H·梅西 / 更多...,剧情 / 惊悚,法国 / 美国,英语,1995-01-20,123分钟,黑狱风云(台),tt0113870,8.6,11958,43.6%,43.1%
1293374,https://movie.douban.com/subject/1293374/,热天午后 Dog Day Afternoon (1975),西德尼·吕美特,弗兰克·皮尔森,阿尔·帕西诺 / 约翰·凯泽尔 / 查尔斯·德恩 / 克里斯·萨兰登 / 詹姆斯·布罗德里克 / 更多...,剧情 / 喜剧 / 犯罪,美国,英语,1975-09-21(美国),125 分钟 / 131分钟(芬兰),黄金万两(港) / 炎热的下午 / 狗日的下午(豆友译名) / 三伏天午后(豆友译名),tt0072890,8.7,121229,46.5%,43.1%
1293377,https://movie.douban.com/subject/1293377/,芳芳 Fanfan (1993),亚历山大·雅丁,亚历山大·雅丁,苏菲·玛索 / 文森特·佩雷斯 / 玛丽娜·德尔泰姆 / 布鲁诺·托德斯奇尼,喜剧 / 爱情,法国,法语,1993-06-16,87分钟,留住有情人 / Fanfan & Alexandre,tt0106866,8.1,92719,29.6%,47.9%
1293381,https://movie.douban.com/subject/1293381/,M就是凶手 M - Eine Stadt sucht einen Mörder (1931),弗里茨·朗,特娅·冯·哈堡 / 弗里茨·朗 / Egon Jacobsohn,彼得·洛 / 艾伦·维德曼 / 因格·兰德特 / 奥托·维尔尼克 / 西奥多·卢斯 / 更多...,剧情 / 惊悚 / 犯罪 / 黑色电影,德国,德语,1931-05-11(德国),111分钟,可诅咒的人 / 凶手就在我们中间 / 凶手M / 全城缉凶,tt0022100,8.2,34124,33.5%,47.8%
1293388,https://movie.douban.com/subject/1293388/,冬天的故事 Conte d'hiver (1992),埃里克·侯麦,埃里克·侯麦,夏洛特·韦里 / 弗里德里克·范登德里舍 / 米歇尔·瓦莱蒂 / 赫尔菲里克 / 让-克洛德·比埃特 / 更多...,剧情 / 爱情,法国,法语,1992-01-29(法国),114分钟,人间四季冬 / 冬天故事 / A Winter's Tale / A Tale of Winter,tt0104008,8.5,60425,39.0%,46.8%
1293391,https://movie.douban.com/subject/1293391/,孩子王 (1987),陈凯歌,陈凯歌 / 万之 / 阿城,谢园 / 杨学文 / 陈绍华 / 张彩梅 / 徐国庆 / 更多...,剧情,中国大陆,汉语普通话,1987(中国大陆) / 1989-03-17(中国大陆) / 1988(（戛纳电影节）法国),110分钟,King of the Children,tt0093133,8.3,43712,32.8%,49.6%
1293394,https://movie.douban.com/subject/1293394/,西部往事 C'era una volta il West (1968),赛尔乔·莱昂内,赛尔乔·多纳蒂 / 赛尔乔·莱昂内 / 达里奥·阿基多 / 贝纳尔多·贝托鲁奇 / 米基·诺克斯,克劳迪娅·卡汀娜 / 亨利·方达 / 杰森·罗巴兹 / 查尔斯·布朗森 / 加布里埃尔·费泽蒂 / 更多...,剧情 / 犯罪 / 西部,意大利 / 美国,英语,1968-12-20(意大利) / 1969-05-28(美国),165分钟 / 166分钟(修复版),狂沙十万里 / 万里狂沙万里仇 / Once Upon a Time in the West,tt0064116,8.7,66302,49.6%,38.0%
1293396,https://movie.douban.com/subject/1293396/,野战排 Platoon (1986),奥利佛·斯通,奥利佛·斯通,威廉·达福 / 查理·辛 / 汤姆·贝伦杰 / 凯斯·大卫 / 凯文·狄龙 / 更多...,剧情 / 动作 / 战争,美国 / 英国,英语 / 越南语,1986-12-19,120分钟,杀戮战场(港) / 前进高棉(台),tt0091763,8.2,50586,29.7%,53.2%
1293399,https://movie.douban.com/subject/1293399/,莫扎特传 Amadeus (1984),米洛斯·福尔曼,彼得·谢弗 / 兹德内克·马勒,F·默里·亚伯拉罕 / 汤姆·休斯克 / 伊丽莎白·贝里奇 / 罗伊·多特里斯 / 西蒙·卡洛 / 更多...,剧情 / 音乐 / 传记,美国 / 法国,英语 / 意大利语 / 拉丁语 / 德语 / 法语,1984-09-19(美国),160分钟 / 180分钟(导演剪辑版),阿玛迪斯(台) / 上帝的宠儿 / 阿玛多伊斯 / 莫札特传,tt0086879,8.7,103673,46.8%,41.3%
1293414,https://movie.douban.com/subject/1293414/,阮玲玉 (1991),关锦鹏,焦雄屏 / 邱刚健,张曼玉 / 梁家辉 / 秦汉 / 刘嘉玲 / 吴启华 / 更多...,剧情 / 爱情 / 传记,中国香港,粤语 / 汉语普通话 / 上海话,1991-11-29(中国台湾) / 1992-02-20(中国香港),121分钟 / 154分钟(导演剪辑版),Center Stage / Actress / Yuen Ling Yuk / The New China Woman,tt0102816,8.7,147069,44.4%,45.0%
1293422,https://movie.douban.com/subject/1293422/,监狱风云 監獄風雲 (1987),林岭东,南燕,周润发 / 梁家辉 / 何家驹 / 张耀扬 / 黄光亮 / 吴志雄 / 成奎安,剧情 / 动作 / 犯罪,中国香港,粤语,1987-11-13(中国香港),101分钟,Prison on Fire,tt0093304,8.4,146055,35.5%,50.7%
1293433,https://movie.douban.com/subject/1293433/,深海圆疑 Sphere (1998),巴瑞·莱文森,Stephen Hauser / 保罗·阿塔那斯奥,达斯汀·霍夫曼 / 莎朗·斯通 / 塞缪尔·杰克逊 / 彼德·考约特 / 列维·施瑞博尔 / 更多...,科幻 / 悬疑 / 惊悚 / 恐怖,美国,英语,1998-02-13,134 分钟,地动天惊 / 球体 / 天体,tt0120184,7,14937,11.6%,37.6%
1293448,https://movie.douban.com/subject/1293448/,鬼玩人2 Evil Dead II (1987),山姆·雷米,山姆·雷米 / 斯科特·斯皮格尔,布鲁斯·坎贝尔 / Sarah Berry / 丹·希克斯 / 凯茜·韦斯利·德帕瓦,喜剧 / 恐怖,美国,英语,1987-03-13(美国),84分钟,尸变 2,tt0092991,7.3,14581,17.1%,39.0%
1293455,https://movie.douban.com/subject/1293455/,永恒和一日 Μία αιωνιότητα και μία μέρα (1998),西奥·安哲罗普洛斯,西奥·安哲罗普洛斯 / 托尼诺·格拉 / 帕特罗斯·马可瑞斯 / 乔治·席尔瓦尼,布鲁诺·冈茨 / 伊莎贝拉·雷纳德 / 法布里齐奥·本蒂沃利奥 / 阿希莱亚斯·斯凯维斯 / Lazaros Andreou / 更多...,剧情,法国 / 意大利 / 希腊 / 德国,希腊语 / 英语 / 意大利语,1998-05-23(戛纳电影节),137分钟,一生何求(港) / 永远的一天(台) / 永远与一天 / 永恒的一日 / 永恒的一天 / 比永远多一天 / Eternity and a Day,tt0156794,9.1,54635,63.2%,28.7%
1293456,https://movie.douban.com/subject/1293456/,莫里斯 Maurice (1987),詹姆斯·伊沃里,基特·赫斯基思-哈维 / 詹姆斯·伊沃里 / E·M·福斯特,詹姆斯·维尔比 / 休·格兰特 / 鲁珀特·格雷夫斯 / 丹霍姆·艾略特 / 西蒙·卡洛 / 更多...,剧情 / 爱情 / 同性,英国,英语,1987-09-05(威尼斯电影节) / 1987-09-18(美国),140分钟,情难禁(港) / 墨利斯的情人(台) / 莫里斯的情人 / 莫瑞斯,tt0093512,8.8,104244,51.4%,38.6%
1293460,https://movie.douban.com/subject/1293460/,雨中曲 Singin' in the Rain (1952),斯坦利·多南 / 吉恩·凯利,贝蒂·康登 / 阿多夫·格林,吉恩·凯利 / 唐纳德·奥康纳 / 黛比·雷诺斯 / 简·哈根 / 米勒德·米切尔 / 更多...,喜剧 / 爱情 / 歌舞,美国,英语,1952-04-11(美国),103分钟,万花嬉春(港/台) / 雨中情 / 百花嬉春,tt0045152,9.1,271492,63.3%,30.2%
1293466,https://movie.douban.com/subject/1293466/,卡蜜儿·克劳岱尔 Camille Claudel (1988),布鲁诺·努坦,布鲁诺·努坦 / 玛丽莲‧戈登 / 米萨‧泰拉米,伊莎贝尔·阿佳妮 / 热拉尔·德帕迪约 / 玛德琳尼·罗宾森 / 洛朗·格雷维尔 / 菲利普·克利夫诺 / 更多...,剧情 / 爱情 / 传记 / 历史,法国,法语,1988-12-07(法国),175分钟(法国),罗丹的情人(港) / 罗丹与卡蜜儿(台) / 卡米耶克劳代尔 / 卡蜜儿克劳戴尔 / 卡米耶·克洛岱尔,tt0094828,8.2,32098,29.8%,50.2%
1293470,https://movie.douban.com/subject/1293470/,透明人 Hollow Man (2000),保罗·范霍文,盖瑞·斯科特·汤普森 / 安德鲁·W·马洛,伊丽莎白·苏 / 凯文·贝肯 / 乔什·布洛林 / 金·迪肯斯 / 格雷戈·格伦伯格 / 更多...,科幻 / 惊悚 / 恐怖,美国 / 德国,英语,2000-08-04,112 分钟 / 119 分钟(导演剪辑版),透明人魔(港) / 隐形人 / 空心人,tt0164052,6.8,67851,8.1%,33.3%
1293471,https://movie.douban.com/subject/1293471/,夺宝奇兵3 Indiana Jones and the Last Crusade (1989),史蒂文·斯皮尔伯格,杰弗里·鲍姆 / 乔治·卢卡斯 / 门诺·迈依杰斯 / 菲利普·考夫曼,哈里森·福特 / 肖恩·康纳利 / 丹霍姆·艾略特 / 艾莉森·杜迪 / 约翰·瑞斯-戴维斯 / 更多...,剧情 / 动作 / 奇幻 / 冒险,美国,英语 / 德语 / 希腊语 / 阿拉伯语,1989-05-24(美国),127分钟,印地安纳・琼斯和最后的十字军 / 夺宝奇兵3：圣战奇兵 / 圣战奇兵 / 印地安纳・琼斯之圣战奇兵,tt0097576,8.3,83755,32.0%,50.7%
1293475,https://movie.douban.com/subject/1293475/,黄飞鸿之二：男儿当自强 黃飛鴻之二男兒當自強 (1992),徐克,徐克 / 张炭 / 陈天璇,李连杰 / 关之琳 / 甄子丹 / 莫少聪 / 姜大卫 / 更多...,剧情 / 动作 / 爱情 / 武侠 / 古装,中国香港,粤语 / 汉语普通话 / 英语,1992-04-16,113分钟 / 126分钟(台湾版),黄飞鸿2 / 黄飞鸿之男儿当自强 / Once Upon a Time in China II,tt0105839,8.3,160804,31.9%,51.7%
1293492,https://movie.douban.com/subject/1293492/,战舰波将金号 Броненосец Потёмкин (1925),谢尔盖·爱森斯坦,谢尔盖·爱森斯坦,亚历山大·安东诺夫 / 弗拉迪米尔·巴斯基 / 格里高利·亚历山德罗夫,剧情 / 历史 / 战争,苏联,无对白,1925-12-24(苏联),75分钟,波特金号战舰(港) / 波坦金战舰(台) / 战舰波将金 / 波特兰战舰 / Battleship Potemkin / Potemkin / Bronenosets Potemkin / The Armored Cruiser Potemkin,tt0015648,8.7,35408,46.7%,42.1%
1293515,https://movie.douban.com/subject/1293515/,极度深寒 Deep Rising (1998),斯蒂芬·索莫斯,斯蒂芬·索莫斯,特里特·威廉斯 / 法米克·詹森 / 安东尼·希尔德 / 凯文·J·奥康纳 / 韦斯·斯塔迪 / 更多...,动作 / 科幻 / 恐怖,美国 / 加拿大,英语 / 韩语,1998-01-30,106分钟,怪从深海来 / 深海拦截：大海怪 / 大海怪 / 深海浮出,tt0118956,7.6,83289,18.1%,46.2%
1293527,https://movie.douban.com/subject/1293527/,美国X档案 American History X (1998),托尼·凯耶,戴维·麦克纳,爱德华·诺顿 / 爱德华·福隆 / 比佛莉·德安姬罗 / 艾弗利·布鲁克斯,剧情 / 犯罪,美国,英语,1998-10-30,119 分钟,野兽良民(港) / 美国历史档案 / 美国X历史,tt0120586,8.4,108906,38.2%,47.3%
1293530,https://movie.douban.com/subject/1293530/,角斗士 Gladiator (2000),雷德利·斯科特,大卫·弗兰佐尼 / 约翰·洛根 / 威廉姆·尼克尔森,罗素·克劳 / 华金·菲尼克斯 / 康妮·尼尔森 / 奥列佛·里德 / 理查德·哈里斯 / 更多...,剧情 / 动作 / 冒险,美国 / 英国 / 马耳他 / 摩洛哥,英语,2000-05-05(美国),155分钟 / 171分钟(加长版),帝国骄雄(港) / 神鬼战士(台) / 鬼神战士,tt0172495,8.6,262560,42.8%,44.3%
1293531,https://movie.douban.com/subject/1293531/,第五元素 The Fifth Element (1997),吕克·贝松,吕克·贝松 / 罗伯特·马克·卡门,布鲁斯·威利斯 / 加里·奥德曼 / 米拉·乔沃维奇 / 克里斯·塔克 / 伊安·霍姆 / 更多...,动作 / 科幻 / 冒险,法国 / 英国 / 美国,英语 / 瑞典语 / 德语 / 阿拉伯语 / 古埃及语,1997-05-07(法国),126分钟,Le Cinquième Élément / The 5th Element,tt0119116,8,218898,27.8%,48.0%
1293537,https://movie.douban.com/subject/1293537/,空军一号 Air Force One (1997),沃尔夫冈·彼德森,安德鲁·W·马洛,哈里森·福特 / 加里·奥德曼 / 格伦·克洛斯 / 温迪·古逊 / 利塞尔·马修斯 / 更多...,剧情 / 动作 / 惊悚,美国 / 德国,英语 / 俄语,1997-07-21(加州洛杉矶世纪城首映) / 1997-07-25(美国),124分钟,AFO,tt0118571,7.5,77198,15.9%,48.7%
1293555,https://movie.douban.com/subject/1293555/,电子情书 You've Got Mail (1998),诺拉·艾芙隆,迪莉娅·艾芙隆 / 诺拉·艾芙隆,汤姆·汉克斯 / 梅格·瑞恩 / 凯蒂·萨戈纳 / 格雷戈·金尼尔 / 帕克·波西,喜剧 / 爱情,美国,英语,1998-12-18,119分钟,网上情缘(港) / 网络之爱 / 网络爱情 / 有你的信 / E-mail情缘,tt0128853,7.9,111518,22.7%,49.0%
1293566,https://movie.douban.com/subject/1293566/,不可饶恕 Unforgiven (1992),克林特·伊斯特伍德,大卫·韦伯·皮普尔斯,克林特·伊斯特伍德 / 吉恩·哈克曼 / 摩根·弗里曼 / 理查德·哈里斯 / 杰姆·沃尔福特 / 更多...,剧情 / 西部,美国,英语,1992-08-03(美国),131分钟,豪情盖天(港) / 杀无赦(台) / 不被饶恕的人 / The Cut Whore Killings / The William Munny Killings,tt0105695,8.5,87689,39.2%,47.5%
1293572,https://movie.douban.com/subject/1293572/,2010 (1984),彼得·海姆斯,亚瑟·克拉克 / 彼得·海姆斯,罗伊·谢德 / 约翰·利思戈 / 海伦·米伦 / 鲍勃·巴拉班 / 凯尔·杜拉 / 更多...,科幻 / 悬疑 / 惊悚 / 冒险,美国,英语 / 俄语,1984-12-07,116 分钟,2010威震太阳神 / 2010太空漫游 / 2010超时空出击 / 2010: The Year We Make Contact,tt0086837,8,19402,27.9%,47.9%
1293582,https://movie.douban.com/subject/1293582/,猎人之夜 The Night of the Hunter (1955),查尔斯·劳顿,大卫·格拉布 / 詹姆斯·艾吉 / 查尔斯·劳顿,罗伯特·米彻姆 / 谢利·温特斯 / 丽莲·吉许 / 詹姆斯·格利森 / 伊馥林·瓦登 / 更多...,惊悚 / 犯罪 / 黑色电影,美国,英语,1955-09-29,92 分钟,猎人的夜晚 / 暗夜寻宝 / 雾夜惊魂,tt0048424,8,12967,27.3%,47.9%
1293590,https://movie.douban.com/subject/1293590/,欲望号街车 A Streetcar Named Desire (1951),伊利亚·卡赞,田纳西·威廉斯 / 奥斯卡·索尔,费雯·丽 / 马龙·白兰度 / 金·亨特 / 卡尔·莫尔登 / 鲁迪·邦德 / 更多...,剧情,美国,英语 / 西班牙语 / 法语,1951-09-18(加州首映) / 1951-09(威尼斯电影节),122分钟 / 125分钟,欲海奇女子(港) / 欲望街车(台),tt0044081,8.4,54904,38.6%,46.4%
1293596,https://movie.douban.com/subject/1293596/,离开拉斯维加斯 Leaving Las Vegas (1995),迈克·菲吉斯,约翰·奥布莱恩 / 迈克·菲吉斯,尼古拉斯·凯奇 / 伊丽莎白·苏 / 朱利安·山德斯 / 理查德·刘易斯 / 斯蒂文·韦伯 / 更多...,剧情 / 爱情,美国,英语 / 俄语,1995-10-27,111分钟,远离赌城(台) / 两颗绝望的心 / 远离拉斯维加斯 / 逃离拉斯维加斯,tt0113627,8,39975,30.0%,45.7%
1293620,https://movie.douban.com/subject/1293620/,不设限通缉 Running on Empty (1988),西德尼·吕美特,妮奧美·芳娜,克里斯汀·拉蒂 / 瑞凡·菲尼克斯 / 玛莎·普林顿 / 贾德·赫希 / 乔纳斯·阿布里,剧情 / 音乐 / 犯罪,美国,英语,1988-09-09,116 分钟,空转 / 凭空跃进 / 一事无成,tt0096018,8.6,7024,42.8%,43.5%
1293626,https://movie.douban.com/subject/1293626/,最长的一天 The Longest Day (1962),肯·安纳金 / 安德鲁·马顿 / 伯恩哈德·维基 / 达里尔·F·扎努克,科尼利厄斯·瑞恩 / 罗曼·加里 / 詹姆斯·琼斯 / David Pursall / Jack Seddon,理查德·伯顿 / 肖恩·康纳利 / 亨利·方达 / 约翰·韦恩 / 莱德·巴顿斯,剧情 / 动作 / 历史 / 战争,美国,英语 / 德语 / 法语,1962-10-04,178 分钟,碧血长天(港) / 最长的一日,tt0056197,8.5,15943,41.4%,45.5%
1293632,https://movie.douban.com/subject/1293632/,春天的故事 Conte de printemps (1990),埃里克·侯麦,埃里克·侯麦,安娜·特塞德雷 / 休格·奎斯特 / 弗洛朗丝·达雷尔 / 露易丝.贝内特 / 索菲.罗宾 / 更多...,剧情 / 喜剧 / 爱情,法国,法语,1990-04-04,108分钟,人间四季：春 / A Tale of Springtime,tt0097106,8.4,92334,32.5%,53.7%
1293643,https://movie.douban.com/subject/1293643/,蝴蝶君 M. Butterfly (1993),大卫·柯南伯格,黄哲伦,杰瑞米·艾恩斯 / 尊龙 / 芭芭拉·苏科瓦 / 伊恩·理查森 / 安娜贝尔·莱文顿 / 更多...,剧情 / 爱情 / 同性,美国 / 加拿大,英语 / 汉语普通话 / 法语 / 意大利语 / 粤语,1993-09-09,101分钟,,tt0107468,8.4,92205,39.5%,44.9%
1293658,https://movie.douban.com/subject/1293658/,奇谋妙计五福星 奇謀妙計五福星 (1983),洪金宝,洪金宝 / 黄炳耀,洪金宝 / 吴耀汉 / 冯淬帆 / 岑建勋 / 秦祥林 / 更多...,喜剧 / 动作 / 犯罪,中国香港,粤语,1983-07-07,108 分钟,Winners and Sinners / Five Lucky Stars,tt0086605,7.9,48950,23.9%,49.2%
1293663,https://movie.douban.com/subject/1293663/,天国与地狱 天国と地獄 (1963),黑泽明,小国英雄 / 菊岛隆三 / 久板荣二郎 / 黑泽明 / 伊万·亨特,三船敏郎 / 仲代达矢 / 香川京子 / 三桥达也 / 木村功 / 更多...,剧情 / 犯罪,日本,日语,1963-03-01(日本),143分钟,Tengoku to jigoku / High and Low,tt0057565,8.8,26186,51.9%,39.8%
1293683,https://movie.douban.com/subject/1293683/,艾德·伍德 Ed Wood,蒂姆·波顿,Rudolph Grey / 斯科特·亚历山大 / 拉里·卡拉斯泽斯基,约翰尼·德普 / 马丁·兰道 / 莎拉·杰茜卡·帕克 / 帕特丽夏·阿奎特 / 杰弗里·琼斯 / 更多...,剧情 / 喜剧 / 传记,美国,英语,1994-09-23(美国),127分钟,艾活传(港) / 艾得伍德 / 爱在好莱坞的日子 / 埃德·伍德,tt0109707,8.2,28315,30.8%,49.6%
1293692,https://movie.douban.com/subject/1293692/,十诫 The Ten Commandments (1956),塞西尔·B·戴米尔,埃涅阿斯·麦肯济 / 小杰西·拉斯基 / Jack Gariss / 弗雷德里克·弗兰克,查尔顿·赫斯顿 / 尤·伯连纳 / 安妮·巴克斯特 / 爱德华·罗宾逊 / 伊冯娜·德·卡洛 / 更多...,剧情 / 历史 / 冒险,美国,英语,1956-10-05(美国),220分钟,,tt0049833,8.3,14099,36.3%,45.3%
1293702,https://movie.douban.com/subject/1293702/,侏罗纪公园2：失落的世界 The Lost World: Jurassic Park (1997),史蒂文·斯皮尔伯格,迈克尔·克莱顿 / 大卫·凯普,杰夫·高布伦 / 朱丽安·摩尔 / 皮特·波斯尔思韦特 / 艾利斯·霍华德 / 理查德·阿滕伯勒 / 更多...,动作 / 科幻 / 惊悚 / 冒险,美国,英语 / 西班牙语,1997-08-07(中国大陆) / 1997-05-19(洛杉矶首映) / 1997-05-23(美国),129分钟,失落的世界：侏罗纪公园 / 迷失世界 / 侏罗纪公园II 迷失世界 / 侏罗纪公园2,tt0119567,7.6,173338,18.4%,46.8%
1293708,https://movie.douban.com/subject/1293708/,她比烟花寂寞 Hilary and Jackie (1998),安南德·图克尔,弗兰克·科特雷尔·博伊斯,艾米丽·沃森 / 瑞切尔·格里菲斯 / 詹姆斯·弗莱恩 / 大卫·莫瑞瑟 / 查尔斯·丹斯 / 更多...,剧情 / 音乐 / 传记,英国,英语,1998-09-05(威尼斯电影节) / 1999-01-22(英国),121分钟,无情荒地有琴天(台) / 狂恋大提琴 / 希拉里与杰基 / 希拉莉和积琪琳 / 中断的琴声,tt0150915,8.2,126841,33.7%,47.2%
1293718,https://movie.douban.com/subject/1293718/,亚当斯一家 The Addams Family (1991),巴里·索南菲尔德,查尔斯·亚当斯 / 卡罗琳·汤普森 / 拉瑞·威尔森,安杰丽卡·休斯顿 / 劳尔·胡里亚 / 克里斯托弗·洛伊德 / 丹·哈达亚 / 伊莉莎白·威尔森 / 更多...,喜剧 / 家庭 / 奇幻,美国,英语 / 意大利语 / 法语,1991-11-22,100分钟,阿达一族 / 爱登士家庭(港),tt0101272,8.5,112756,42.5%,43.4%
1293731,https://movie.douban.com/subject/1293731/,忠奸人 Donnie Brasco (1997),迈克·内威尔,保罗·阿塔那斯奥,阿尔·帕西诺 / 约翰尼·德普 / 迈克尔·马德森 / 布鲁诺·柯比 / 詹姆斯·拉索 / 更多...,剧情 / 传记 / 犯罪,美国,英语,1997-02-28,127 分钟 / 147 分钟(extended cut),惊天爆(台) / 绝地危机,tt0119008,8.2,56507,29.9%,50.0%
1293732,https://movie.douban.com/subject/1293732/,福星高照 (1985),洪金宝,黄炳耀,洪金宝 / 成龙 / 元彪 / 胡慧中 / 吴耀汉 / 更多...,喜剧 / 动作,中国香港,粤语,1985-02-10,USA: 96 分钟,五福星系列Ⅱ：福星高照 / My Lucky Stars / Fuk sing go jiu,tt0089177,7.6,35889,19.2%,43.4%
1293749,https://movie.douban.com/subject/1293749/,生活多美好 It's a Wonderful Life (1946),弗兰克·卡普拉,弗朗西丝·古德里奇 / 艾伯特·哈克特 / 弗兰克·卡普拉 / 乔·斯沃林 / 菲利普·范多伦·斯特恩 / 更多...,詹姆斯·斯图尔特 / 唐娜·里德 / 莱昂纳尔·巴里摩尔 / 托马斯·米切尔 / 亨利·崔佛斯 / 更多...,剧情 / 爱情 / 奇幻,美国,英语 / 法语,1946-12-20(纽约首映),130分钟,莫负少年头(港) / 风云人物(台) / 美满人生(澳) / 美好人生 / 哀乐人生 / 美好生活 / Frank Capra's It's a Wonderful Life,tt0038650,9.2,119939,68.5%,25.4%
1293753,https://movie.douban.com/subject/1293753/,十月的天空 October Sky (1999),乔·庄斯顿,小霍默·H·希卡姆 / 刘易斯·科利克,杰克·吉伦哈尔 / 克里斯·库珀 / 劳拉·邓恩 / 克里斯·欧文 / 威廉姆·李·斯科特 / 更多...,剧情 / 家庭 / 传记,美国,英语,1999-02-19(美国),108分钟,飞一般梦想 / 火箭男孩 / 十月天,tt0132477,8.7,52721,46.5%,43.3%
1293755,https://movie.douban.com/subject/1293755/,驱魔人 The Exorcist (1973),威廉·弗莱德金,威廉·皮特·布拉蒂,艾伦·伯斯汀 / 马克斯·冯·叙多夫 / 李·科布 / 吉蒂·温 / 杰克·麦高恩 / 更多...,恐怖,美国,英语 / 拉丁语 / 希腊语 / 法语 / 德语 / 阿拉伯语 / 库尔德语,1973-12-26(美国),122 分钟 / 132分钟(导演剪辑版),大法师(台),tt0070047,7.7,92145,21.3%,45.9%
1293764,https://movie.douban.com/subject/1293764/,与狼共舞 Dances with Wolves (1990),凯文·科斯特纳,迈克尔·布莱克,凯文·科斯特纳 / 玛丽·麦克唐纳 / 格雷厄姆·格林 / 罗德尼·格兰特 / 弗洛伊德·怀斯特曼 / 更多...,剧情 / 西部 / 冒险,美国 / 英国,英语 / 波尼语 / 拉科塔语,1990-11-09(美国),181分钟 / 234分钟(加长版) / 236分钟(路演版),,tt0099348,8.9,90288,56.1%,35.4%
1293765,https://movie.douban.com/subject/1293765/,白发魔女传 白髮魔女傳 (1993),于仁泰,胡大为 / 于仁泰 / 邓碧燕 / 林纪陶 / 梁羽生,张国荣 / 林青霞 / 吴镇宇 / 吕少玲 / 蓝洁瑛 / 更多...,动作 / 爱情 / 奇幻 / 冒险 / 武侠 / 古装,中国香港,粤语,1993-08-26(中国香港),89分钟,狼女 / The Bride with White Hair,tt0106342,7.7,95195,21.4%,47.6%
1293767,https://movie.douban.com/subject/1293767/,金色池塘 On Golden Pond (1981),马克·雷戴尔,厄内斯特·汤普森,凯瑟琳·赫本 / 亨利·方达 / 简·方达 / 道格·麦克昂 / 达布尼·柯尔曼 / 更多...,剧情 / 家庭,英国 / 美国,英语,1981-12-04(美国),109 分钟,金池塘 / La maison du lac / Am goldenen See,tt0082846,8.7,30848,48.3%,41.0%
1293770,https://movie.douban.com/subject/1293770/,猎杀U-571 U-571 (2000),乔纳森·莫斯托,乔纳森·莫斯托 / Sam Montgomery / 大卫·阿耶,马修·麦康纳 / 比尔·帕克斯顿 / 哈威·凯特尔 / 乔恩·邦·乔维 / 大卫·凯斯 / 更多...,剧情 / 动作 / 战争,法国 / 美国,英语 / 德语,2000-04-21,116 分钟,深海任务U-571 / U-571风暴,tt0141926,8.1,62192,28.0%,52.7%
1293776,https://movie.douban.com/subject/1293776/,女友的男友 L'ami de mon amie (1987),埃里克·侯麦,埃里克·侯麦,艾曼纽·肖莱 / 索菲雷诺瓦 / 安妮-劳蕾 默里 / 艾瑞克维耶拉尔 / 法郎考斯艾瑞克金德伦,喜剧 / 爱情,法国,法语,1987-08-26(法国),103分钟,女朋友的男朋友 / 男朋友女朋友 / My Girlfriend's Boyfriend / Boyfriends and Girlfriends,tt0092550,8.5,45289,37.5%,49.2%
1293778,https://movie.douban.com/subject/1293778/,科学怪人 Mary Shelley's Frankenstein,肯尼思·布拉纳,玛丽·雪莱 / 斯特凡女士,罗伯特·德尼罗 / 肯尼思·布拉纳 / 汤姆·休斯克 / 海伦娜·伯翰·卡特 / 艾丹·奎因 / 更多...,剧情 / 爱情 / 科幻 / 恐怖,美国 / 日本 / 法国,英语,1994-11-04(美国),123分钟,玛丽·雪莱的弗兰肯斯坦 / 玛丽·雪莱之科学怪人 / 科学怪人之再生情狂 / 弗兰肯斯坦 / Frankenstein,tt0109836,7.7,14840,20.4%,48.7%
1293783,https://movie.douban.com/subject/1293783/,圣女贞德蒙难记 La Passion de Jeanne d'Arc (1928),卡尔·西奥多·德莱叶,卡尔·西奥多·德莱叶 / Joseph Delteil,玛利亚·法奥康涅蒂 / 安德烈·贝利 / 莫里斯·舒茨 / 安托南·阿尔托 / 米歇尔·西蒙 / 更多...,剧情 / 传记 / 历史 / 犯罪,法国,无对白,1928-04-21(丹麦) / 1928-10-25(法国),110分钟,圣女贞德 / 圣女贞德的激情 / 圣女贞德受难记 / The Passion of Joan of Arc,tt0019254,8.7,19140,48.7%,38.0%
1293785,https://movie.douban.com/subject/1293785/,阿波罗13号 Apollo 13 (1995),朗·霍华德,小威廉·保尔斯 / 阿尔·赖纳特 / 吉姆·洛威尔 / 杰弗里·克卢格,汤姆·汉克斯 / 比尔·帕克斯顿 / 凯文·贝肯 / 艾德·哈里斯 / 加里·辛尼斯 / 更多...,剧情 / 历史 / 冒险,美国,英语,1995-06-30,140 分钟,太阳神13号(港) / 阿波罗十三,tt0112384,8.1,40729,26.8%,52.8%
1293792,https://movie.douban.com/subject/1293792/,异形2 Aliens (1986),詹姆斯·卡梅隆,詹姆斯·卡梅隆 / 大卫·吉勒 / 沃尔特·希尔 / 丹·欧班农 / 罗纳德·舒塞特,西格妮·韦弗 / 凯莉·赫恩 / 迈克尔·比恩 / 保罗·雷瑟 / 兰斯·亨利克森 / 更多...,动作 / 科幻 / 惊悚 / 冒险,美国 / 英国,英语,1986-07-18(美国),137分钟 / 154分钟(1992年特别版),异形Ⅱ / 异形续集,tt0090605,8.1,199811,29.1%,50.0%
1293799,https://movie.douban.com/subject/1293799/,壮志凌云 Top Gun (1986),托尼·斯科特,吉姆·卡什 / 小杰克·埃普斯 / 埃胡德·约纳,汤姆·克鲁斯 / 凯莉·麦吉利斯 / 方·基默 / 安东尼·爱德华兹 / 汤姆·斯凯里特 / 更多...,剧情 / 动作,美国,英语,1986-05-16(美国) / 2013-02-08(美国),109分钟 / 111分钟(3D版),捍卫战士(台) / 壮志凌云 3D,tt0092099,7.6,123305,19.8%,45.8%
1293818,https://movie.douban.com/subject/1293818/,钢琴课 The Piano (1993),简·坎皮恩,简·坎皮恩,霍利·亨特 / 哈威·凯特尔 / 山姆·尼尔 / 安娜·帕奎因 / 克利夫·柯蒂斯 / 更多...,剧情 / 爱情 / 音乐,新西兰 / 澳大利亚 / 法国,英语 / 英国手语 / 毛利语,1993-05-17(戛纳电影节) / 1993-05-19(法国) / 1993-08-05(澳大利亚),121分钟,钢琴别恋(港) / 钢琴师和她的情人(台) / 奇情孽恋 / Piano,tt0107822,8.1,100633,29.3%,48.6%
1293820,https://movie.douban.com/subject/1293820/,巴比龙 Papillon (1973),富兰克林·沙夫纳,达尔顿·特朗勃 / 洛伦佐·森普尔 / 亨利·查理尔 / 威廉·戈德曼,史蒂夫·麦奎因 / 达斯汀·霍夫曼 / 维克托·乔里 / 唐·戈登 / 安东尼·泽比 / 更多...,剧情 / 传记 / 犯罪,法国 / 美国,英语 / 西班牙语,1973-12-16(美国),151分钟,恶魔岛 / 巴比笼 / 蝴蝶,tt0070511,8.7,17894,49.0%,40.0%
1293823,https://movie.douban.com/subject/1293823/,妙想天开 Brazil (1985),特瑞·吉列姆,特瑞·吉列姆 / 汤姆·斯托帕德 / 查尔斯·麦肯恩 / 查尔斯·阿尔弗森,乔纳森·普雷斯 / 罗伯特·德尼罗 / 凯瑟琳·海蒙德 / 伊安·霍姆 / 鲍勃·霍斯金斯 / 更多...,剧情 / 科幻,英国 / 美国,英语,1985-02-22(英国),132分钟 / 94分钟(美国剪辑版) / 142分钟(导演剪辑版),巴西 / 异想天开,tt0088846,8.1,22091,34.5%,42.2%
1293824,https://movie.douban.com/subject/1293824/,蝴蝶梦 Rebecca (1940),阿尔弗雷德·希区柯克,达芙妮·杜穆里埃 / 罗伯特·E·舍伍德 / 琼·哈里森 / 菲利普·麦克唐纳 / 迈克尔·霍根,劳伦斯·奥利弗 / 琼·芳登 / 乔治·桑德斯 / 朱迪丝·安德森 / 奈杰尔·布鲁斯 / 更多...,剧情 / 爱情 / 悬疑,美国,英语,1940-03-21(迈阿密首映) / 1940-04-12(美国),130分钟,丽贝卡 / 蝴蝶春梦 / 瑞贝卡,tt0032976,8.3,110036,33.4%,51.1%
1293825,https://movie.douban.com/subject/1293825/,漂亮女人 Pretty Woman (1990),盖瑞·马歇尔,J·F·劳顿,理查·基尔 / 朱莉娅·罗伯茨 / 拉尔夫·贝拉米 / 杰森·亚历山大 / 劳拉·圣吉亚科莫 / 更多...,喜剧 / 爱情,美国,英语,1990-03-23(美国),119分钟,风月俏佳人(港) / 麻雀变凤凰(台),tt0100405,7.9,152423,25.1%,49.4%
1293834,https://movie.douban.com/subject/1293834/,超级无敌掌门狗：引鹅入室 Wallace & Gromit: The Wrong Trousers (1993),尼克·帕克,鲍勃·贝克 / 尼克·帕克 / Brian Sibley,彼得·萨利斯,喜剧 / 动画 / 短片,英国,英语,1993-12-03(美国) / 1993-12-26(英国),30分钟,酷狗宝贝2：引鹅入室 / 超级无敌掌门狗：着错裤(港) / 超级无敌掌门狗之神奇太空衣 / 华莱士与葛罗米特：神奇太空衣 / 不合适的裤子 / 裤入歧途 / Wallace and Gromit in The Wrong Trousers,tt0108598,8.9,17175,54.4%,37.4%
1293838,https://movie.douban.com/subject/1293838/,星球大战 Star Wars (1977),乔治·卢卡斯,乔治·卢卡斯,哈里森·福特 / 马克·哈米尔 / 凯丽·费雪 / 彼得·库欣 / 亚历克·吉尼斯 / 更多...,动作 / 科幻 / 冒险,美国,英语,1977-05-25(美国),121分钟 / 125分钟(特别版),星球大战第四集：新希望 / 星际大战四部曲：曙光乍现 / 星际大战 / Star Wars: Episode IV - A New Hope,tt0076759,8.5,162057,40.6%,44.5%
1293839,https://movie.douban.com/subject/1293839/,罗马假日 Roman Holiday (1953),威廉·惠勒,达尔顿·特朗勃 / 伊安·麦克莱伦·亨特 / 约翰·戴顿,奥黛丽·赫本 / 格利高里·派克 / 埃迪·艾伯特 / 哈特利·鲍尔 / 哈考特·威廉姆斯 / 更多...,剧情 / 喜剧 / 爱情,美国,英语 / 意大利语 / 德语,1953-08-20(威尼斯电影节) / 1953-09-02(美国),118分钟,金枝玉叶(港) / 罗马假期(台) / 罗马的假日,tt0046250,9.1,1051037,60.8%,32.4%
1293841,https://movie.douban.com/subject/1293841/,倒扣的王牌 Ace in the Hole (1951),比利·怀尔德,比利·怀尔德 / 莱赛尔·萨缪尔斯 / 沃尔特·纽曼,柯克·道格拉斯 / 简·斯特林 / 罗伯特·亚瑟 / 波特·霍尔 / 弗兰克·卡迪 / 更多...,剧情 / 黑色电影,美国,英语 / 拉丁语,1951-06-29,111 分钟,生葬古丘坟(港) / 洞里乾坤(台) / 秘藏的王牌 / 洞中王牌 / 扑克王 / The Big Carnival,tt0043338,8.7,22153,44.9%,46.0%
1293846,https://movie.douban.com/subject/1293846/,西力传 Zelig (1983),伍迪·艾伦,伍迪·艾伦,伍迪·艾伦 / 米娅·法罗 / 帕特里克霍根 / John Buckwalter / 马文恰特诺弗 / 更多...,喜剧 / 奇幻,美国,英语 / 德语,1983-07-15,79分钟,变色龙 / 泽利格 / Identity Crisis and Its Relationship to Personality Disorder / The Cat's Pyjamas,tt0086637,8.9,38193,55.0%,35.7%
1293847,https://movie.douban.com/subject/1293847/,生之欲 生きる (1952),黑泽明,黑泽明 / 桥本忍 / 小国英雄,志村乔 / 日守新一 / 田中春男 / 千秋实 / 小田切美喜 / 更多...,剧情,日本,日语,1952-10-09(日本),143分钟,流芳颂(港) / 活下去 / To Live / Living / Ikiru,tt0044741,9.3,56155,70.0%,24.7%
1293852,https://movie.douban.com/subject/1293852/,罗斯玛丽的婴儿 Rosemary's Baby (1968),罗曼·波兰斯基,艾拉·莱文 / 罗曼·波兰斯基,米娅·法罗 / 约翰·卡萨韦蒂斯 / 鲁思·戈登 / 西德尼·布莱克默 / 莫里斯·埃文斯 / 更多...,剧情 / 恐怖,美国,英语,1968-06-12,136分钟,魔鬼怪婴(港) / 失婴记(台) / 魔鬼圣婴 / 罗丝玛丽的婴儿,tt0063522,8.2,89838,32.5%,49.2%
1293861,https://movie.douban.com/subject/1293861/,油炸绿番茄 Fried Green Tomatoes (1991),乔恩·阿维奈,卡萝尔·索别斯基 / 范妮·弗拉格,凯西·贝茨 / 杰西卡·坦迪 / 玛丽-露易丝·帕克 / 玛丽·斯图尔特·马斯特森,剧情,美国,英语,1991-12-27(美国),130分钟 / 137分钟(extended version),笑傲同行,tt0101921,8.8,74981,51.6%,38.8%
1293863,https://movie.douban.com/subject/1293863/,钢铁巨人 The Iron Giant (1999),布拉德·伯德,蒂姆·麦肯莱斯 / 布拉德·伯德 / 特德·休斯,艾力·马伦斯奥 / 范·迪塞尔 / 小哈里·康尼克 / 詹妮弗·安妮斯顿 / 克里斯托弗·麦克唐纳 / 更多...,喜剧 / 动作 / 科幻 / 动画 / 冒险,美国,英语,1999-08-06(美国),86分钟 / 89分钟(蓝光版),铁巨人(台) / 大铁人(港),tt0129167,8.6,33376,42.8%,44.0%
1293867,https://movie.douban.com/subject/1293867/,和平饭店 和平飯店 (1995),韦家辉,韦家辉,周润发 / 叶童 / 秦豪 / 刘洵 / 吴倩莲 / 更多...,动作 / 西部,中国香港,粤语,1995-04-12,89 分钟,老板的故事 / Peace Hotel / Wo ping fan dim,tt0113292,7.6,74535,18.6%,48.9%
1293868,https://movie.douban.com/subject/1293868/,龙凤配 Sabrina (1954),比利·怀尔德,比利·怀尔德 / 萨缪尔·A·泰勒 / 恩斯特·莱赫曼,亨弗莱·鲍嘉 / 奥黛丽·赫本 / 威廉·霍尔登 / 沃尔特·汉普顿 / 约翰·威廉姆斯 / 更多...,剧情 / 喜剧 / 爱情,美国,英语 / 法语,1954-09-09(伦敦首映) / 1954-10-15(美国),113分钟,萨比里娜 / Sabrina Fair,tt0047437,7.7,45388,21.8%,46.7%
1293889,https://movie.douban.com/subject/1293889/,唐人街 Chinatown (1974),罗曼·波兰斯基,罗伯特·汤 / 罗曼·波兰斯基,杰克·尼科尔森 / 费·唐纳薇 / 约翰·休斯顿 / 戴安·拉德 / 罗曼·波兰斯基,剧情 / 悬疑 / 惊悚 / 犯罪,美国,英语 / 粤语 / 西班牙语,1974-06-20(美国),130分钟,,tt0071315,8.4,74704,36.4%,48.9%
1293893,https://movie.douban.com/subject/1293893/,化身博士 Dr. Jekyll and Mr. Hyde (1931),鲁本·马莫利安,Percy Heath / 罗伯特·路易斯·史蒂文森 / Samuel Hoffenstein,弗雷德里克·马奇 / 米利亚姆·霍普金斯 / 罗丝·霍巴德 / 福尔摩斯·赫伯特,剧情 / 科幻 / 恐怖,美国,英语,1931-12-31(纽约首映),98 分钟 / 96 分钟(TCM print),,tt0022835,8.1,3892,26.3%,53.9%
1293908,https://movie.douban.com/subject/1293908/,城市之光 City Lights (1931),查理·卓别林,查理·卓别林,查理·卓别林 / 弗吉尼亚·切瑞尔 / 佛罗伦斯·李 / 亨利·伯格曼 / 珍·哈露,剧情 / 喜剧 / 爱情,美国,英语,1931-01-30(洛杉矶首映) / 1931-03-07(美国),87分钟,City Lights: A Comedy Romance in Pantomime / Lichter der Großstadt,tt0021749,9.3,174728,70.4%,25.1%
1293909,https://movie.douban.com/subject/1293909/,从海底出击 Das Boot (1981),沃尔夫冈·彼德森,沃尔夫冈·彼德森 / 洛塔尔·G·布赫海姆,尤尔根·普洛斯诺 / 赫贝特·格勒内梅厄 / Klaus Wennemann / Jan Fedder / 拉尔夫·瑞克特 / 更多...,剧情 / 历史 / 战争 / 冒险,西德,德语 / 英语 / 法语,1981-09-17(西德),149分钟(剧场版) / 209分钟(导演剪辑版) / 293分钟(未剪辑版),潜水艇 / 潜艇风暴 / 特种任务 / 特殊任务 / 紧急下潜 / U潜艇96 / 从海底出发 / 船 / The Boat,tt0082096,9.1,51570,61.7%,30.3%
1293917,https://movie.douban.com/subject/1293917/,尽善尽美 As Good as It Gets (1997),詹姆斯·L·布鲁克斯,马克·安德勒斯 / 詹姆斯·L·布鲁克斯,杰克·尼科尔森 / 海伦·亨特 / 格雷戈·金尼尔 / 小库珀·古丁 / 斯基特·乌尔里奇 / 更多...,剧情 / 喜剧 / 爱情,美国,英语,1997-12-06(美国加利福尼亚韦斯特伍德首映) / 1997-12-25(美国),139分钟,猫屎先生(港) / 爱在心头口难开(台) / 人生就是这样 / 渐入佳境 / 恋爱小说家,tt0119822,8.2,39421,31.4%,48.7%
1293925,https://movie.douban.com/subject/1293925/,橡皮头 Eraserhead (1977),大卫·林奇,大卫·林奇,杰克·南斯 / 夏洛特·斯图尔特 / 珍妮·贝茨 / 朱迪思·罗伯茨 / 杰克·菲斯克 / 更多...,恐怖 / 奇幻,美国,英语,1977-09-28,89 分钟,擦纸胶头(港) / 怪头人,tt0074486,7.8,25676,26.6%,44.7%
1293926,https://movie.douban.com/subject/1293926/,看得见风景的房间 A Room with a View (1985),詹姆斯·伊沃里,鲁丝·普罗厄·贾布瓦拉 / E·M·福斯特,玛吉·史密斯 / 海伦娜·伯翰·卡特 / 丹霍姆·艾略特 / 朱利安·山德斯 / 西蒙·卡洛 / 更多...,剧情 / 喜剧 / 爱情,英国,英语 / 意大利语,1985-12-13(皇家电影专场) / 1986-03-07(美国) / 1986-04-11(英国),117分钟,翡冷翠之恋(港) / 窗外有蓝天(台),tt0091867,7.7,58455,19.7%,47.8%
1293929,https://movie.douban.com/subject/1293929/,廊桥遗梦 The Bridges of Madison County (1995),克林特·伊斯特伍德,理查德·拉·格拉文斯 / 罗伯特·杰姆斯·沃勒,克林特·伊斯特伍德 / 梅丽尔·斯特里普 / 安妮·科利 / 维克多·斯勒扎克 / 吉姆·海尼 / 更多...,剧情 / 爱情,美国,英语,1995-06-02(美国),135分钟,麦迪逊之桥(港/台),tt0112579,8.8,272695,50.9%,37.7%
1293934,https://movie.douban.com/subject/1293934/,爱国者 The Patriot (2000),罗兰·艾默里奇,罗伯特·罗达特,梅尔·吉布森 / 希斯·莱杰 / 乔莉·理查德森 / 詹森·艾萨克 / 克里斯·库珀 / 更多...,剧情 / 动作 / 战争,美国 / 德国,英语,2000-06-28(美国),165分钟 / 175分钟(加长版),孤军雄心(港) / 决战时刻(台),tt0187393,8.1,39581,30.2%,49.3%
1293936,https://movie.douban.com/subject/1293936/,杀手 The Killing (1956),斯坦利·库布里克,斯坦利·库布里克 / 吉姆·汤普森,斯特林·海登 / 柯琳·格蕾 / 文斯·爱德华兹 / 杰伊·C·弗利朋 / 特·德·科若 / 更多...,惊悚 / 犯罪 / 黑色电影,美国,英语,1956-05-19(纽约首映) / 1956-06-06(美国),85分钟,杀戮 / 致命 / 火拼黑地狱(港),tt0049406,8.6,42145,40.3%,49.5%
1293941,https://movie.douban.com/subject/1293941/,奇迹 奇蹟 (1989),成龙,成龙 / 邓景生,成龙 / 梅艳芳 / 归亚蕾 / 柯俊雄 / 午马 / 更多...,剧情 / 喜剧 / 动作 / 犯罪,中国香港,粤语 / 英语,1989-06-15(中国香港),127分钟,替身的传说 / Mr. Canton and Lady Rose / The Canton Godfather / Black Dragon / Miracles,tt0098019,8.1,53363,30.0%,49.2%
1293945,https://movie.douban.com/subject/1293945/,爱与死 Love and Death (1975),伍迪·艾伦,伍迪·艾伦,伍迪·艾伦 / 黛安·基顿 / 乔治·阿代 / 埃德蒙·阿尔迪松 / 费奥多尔·阿特金 / 更多...,喜剧 / 战争,美国,英语,1975-06-10(美国),85分钟,,tt0073312,8.4,18708,38.3%,46.8%
1293963,https://movie.douban.com/subject/1293963/,午后之爱 L'amour l'après-midi (1972),埃里克·侯麦,埃里克·侯麦,贝尔纳·维尔莱 / 祖祖 / 弗朗索瓦丝·韦尔莱 / 丹尼尔·塞卡尔迪 / 玛尔维娜·佩内 / 更多...,剧情 / 爱情,法国,法语,1972-09-01(法国),97 分钟,下午的爱情 / 契洛埃在下午 / Chloe in the Afternoon / Love in the Afternoon,tt0068205,8.3,26734,31.7%,53.6%
1293964,https://movie.douban.com/subject/1293964/,魂断蓝桥 Waterloo Bridge (1940),茂文·勒鲁瓦,塞缪尔·N·贝尔曼 / 汉斯·拉莫 / 乔治·弗罗斯切尔 / 罗伯特·E·舍伍德,费雯·丽 / 罗伯特·泰勒 / 露塞尔·沃特森 / 弗吉尼亚·菲尔德 / 玛丽亚·彭斯卡娅 / 更多...,剧情 / 爱情 / 战争,美国,英语 / 法语,1940-05-17(美国),108分钟,滑铁卢桥 / 断桥残梦,tt0033238,8.8,312853,50.5%,39.7%
1293973,https://movie.douban.com/subject/1293973/,爱德华大夫 Spellbound (1945),阿尔弗雷德·希区柯克,本·赫克特 / 约翰·帕尔默 / 希拉里·圣乔治·桑德斯 / 安格斯·麦克费尔 / 梅·E·罗姆,英格丽·褒曼 / 格利高里·派克 / 迈克尔·契诃夫 / 里奥.G.卡罗尔 / 朗达·弗莱明 / 更多...,爱情 / 悬疑 / 黑色电影,美国,英语,1945-12-28(美国),111 分钟 / 118分钟 / 95分钟(加拿大),意乱情迷 / 爱德华医生,tt0038109,8.3,75520,32.2%,51.4%
1293989,https://movie.douban.com/subject/1293989/,十二怒汉 12 Angry Men (1997),威廉·弗莱德金,雷金纳德·罗斯,考特尼·万斯 / 奥西·戴维斯 / 乔治·C·斯科特 / 阿明·缪勒-斯塔尔 / 道林·海伍德 / 更多...,剧情 / 犯罪,美国,英语,1997-08-17,117分钟,,tt0118528,9.3,43421,69.7%,25.4%
1293993,https://movie.douban.com/subject/1293993/,小公主 A Little Princess (1995),阿方索·卡隆,弗朗西丝·霍奇森·伯内特 / 理查德·拉·格拉文斯 / Elizabeth Chandler,利塞尔·马修斯 / 伊莲诺·布罗 / 利亚姆·坎宁安 / 拉丝蒂·休默 / 阿瑟·马利特 / 更多...,剧情 / 奇幻,美国,英语 / 法语,1995-05-10(美国),97分钟,,tt0113670,8.4,40105,40.2%,43.2%
1294007,https://movie.douban.com/subject/1294007/,我的父亲母亲 (1999),张艺谋,鲍十,章子怡 / 郑昊 / 孙红雷 / 李滨 / 嵇波 / 更多...,剧情 / 爱情,中国大陆,汉语普通话,1999-10-16(中国大陆) / 2000-02-15(柏林电影节),89分钟,The Road Home / My Father and Mother,tt0235060,8.2,155325,32.2%,48.6%
1294011,https://movie.douban.com/subject/1294011/,黄飞鸿之四：王者之风 黃飛鴻之四王者之風 (1993),元彬,徐克 / 邓碧燕,赵文卓 / 王静莹 / 莫少聪 / 熊欣欣 / 周比利 / 更多...,动作 / 武侠 / 古装,中国大陆 / 中国香港,粤语 / 汉语普通话,1993-06-10(中国香港),102分钟,黄飞鸿之王者之风 / Once Upon a Time in China IV,tt0107162,7.3,36457,13.8%,41.2%
1294019,https://movie.douban.com/subject/1294019/,监狱风云2：逃犯 監獄風雲II逃犯 (1991),林岭东,南燕,周润发 / 陈松勇 / 胡耀宗 / 于莉 / 黄光亮 / 更多...,剧情 / 动作 / 犯罪,中国香港,粤语,1991-06-22,113分钟,监狱风云2 / Prison on Fire II,tt0103044,7.9,47886,23.1%,50.2%
1294037,https://movie.douban.com/subject/1294037/,未来水世界 Waterworld (1995),凯文·雷诺兹,Peter Rader / 大卫·杜西,凯文·科斯特纳 / 珍妮·特里普尔霍恩 / 哈伊姆·杰拉菲 / 瑞克·阿维莱斯 / 杰克·科勒尔 / 更多...,动作 / 科幻 / 惊悚 / 冒险,美国,英语,1995-07-28(美国),135分钟 / 176分钟(美国电视版),水世界,tt0114898,7.6,94916,19.6%,44.9%
1294038,https://movie.douban.com/subject/1294038/,流星语 流星語 (1999),张之亮,邓汉强,张国荣 / 叶靖岚 / 狄龙 / 吴家丽 / 琦琦 / 更多...,剧情 / 喜剧,中国香港,粤语,1999-10-14(中国香港),110分钟,The Kid,tt0223603,8.5,18798,43.8%,39.8%
1294039,https://movie.douban.com/subject/1294039/,绿光 Le rayon vert (1986),埃里克·侯麦,玛丽·里维埃 / 埃里克·侯麦,玛丽·里维埃 / 阿米拉・舍玛赫 / 西尔维・里什 / María Luisa García / Basile Gervaise / 更多...,剧情 / 爱情,法国,法语,1986-08-29(美国) / 1986-09-03(法国),99分钟,众里寻他千百度 / 绿色光芒 / Summer / The Green Ray,tt0091830,8.1,49185,30.3%,48.5%
1294047,https://movie.douban.com/subject/1294047/,凡尔杜先生 Monsieur Verdoux (1947),查理·卓别林,查理·卓别林 / 奥逊·威尔斯,查理·卓别林 / 马迪·科雷尔 / 艾莉森·罗丹 / 罗伯特·刘易斯 / 玛莎·雷伊 / 更多...,剧情 / 喜剧 / 犯罪,美国,英语,1947-04-11,124分钟,华度先生 / 杀人狂时代 / 杀人的喜剧 / 杀人喜剧 / A Comedy of Murders / The Ladykiller,tt0039631,8.7,13381,48.4%,41.1%
1294092,https://movie.douban.com/subject/1294092/,恐惧吞噬灵魂 Angst essen Seele auf (1974),赖纳·维尔纳·法斯宾德,赖纳·维尔纳·法斯宾德,布里吉特·米拉 / 埃尔·赫迪·本·萨利姆 / 伊尔姆·赫尔曼 / 埃尔玛·卡洛瓦 / 玛吉特·西莫 / 更多...,剧情 / 爱情,西德,德语 / 阿拉伯语,1974-03-05(西德),93分钟,恐惧蚀人生 / 恐惧吞噬心灵 / Ali: Fear Eats the Soul,tt0071141,8.5,22481,36.5%,51.0%
1294123,https://movie.douban.com/subject/1294123/,鬼新娘 (1987),黎大炜 / 黄泰来,萧若元,钟楚红 / 周润发 / 王小凤 / 叶德娴,剧情 / 喜剧 / 惊悚 / 恐怖,中国香港,粤语,1987-10-15,88 分钟,Spiritual Love,tt0089238,6.9,8893,11.4%,28.6%
1294136,https://movie.douban.com/subject/1294136/,天鹅绒金矿 Velvet Goldmine (1998),托德·海因斯,詹姆斯·莱昂斯 / 托德·海因斯,伊万·麦克格雷格 / 乔纳森·莱斯·梅耶斯 / 克里斯蒂安·贝尔 / 托妮·科莱特 / 艾迪·伊扎德 / 更多...,剧情 / 同性 / 音乐,英国 / 美国,英语 / 法语,1998-11-06,118分钟,紫醉金迷(港) / 丝绒金矿 / 纸醉金迷,tt0120879,8.4,70949,40.1%,41.1%
1294138,https://movie.douban.com/subject/1294138/,敲开天堂的门 Knockin' on Heaven's Door (1997),托马斯·雅恩,托马斯·雅恩 / 蒂尔·施威格,蒂尔·施威格 / 扬·约瑟夫·利费斯 / 蒂埃里·范·维凡客 / 莫里兹·布雷多 / 休伯·史塔普 / 更多...,剧情 / 喜剧 / 动作 / 犯罪,德国,德语 / 英语,1997-02-20(德国),87分钟,战龙闯天关 / 末路叹世界 / 敲开天堂门 / 扣响上帝之门 / 敲开天堂之门,tt0119472,8.4,18495,41.1%,41.1%
1294140,https://movie.douban.com/subject/1294140/,秋天的故事 Conte d'automne (1998),埃里克·侯麦,埃里克·侯麦,玛丽·里维埃 / 碧翠丝·罗曼德 / 艾莉西亚·波特尔 / 阿兰·利博 / 迪迪埃·桑德尔 / 更多...,剧情 / 爱情,法国,法语,1998-09-07(威尼斯电影节) / 1998-09-23(法国),112分钟,人间四季之秋天的故事 / Autumn Tale / A Tale of Autumn,tt0137439,8.5,66411,39.1%,48.9%
1294181,https://movie.douban.com/subject/1294181/,大佬 Brother (2000),北野武,北野武,北野武 / 欧玛·艾普斯 / 真木藏人 / 加藤雅也 / 寺岛进 / 更多...,剧情 / 惊悚 / 犯罪,日本 / 英国 / 美国,英语 / 日语 / 意大利语 / 西班牙语,2000-09-09(威尼斯电影节) / 2001-01-27(日本),114分钟,四海兄弟 / 兄弟,tt0222851,8.4,51303,37.8%,46.8%
1294240,https://movie.douban.com/subject/1294240/,教父3 The Godfather: Part III (1990),弗朗西斯·福特·科波拉,马里奥·普佐 / 弗朗西斯·福特·科波拉,阿尔·帕西诺 / 黛安·基顿 / 塔莉娅·夏尔 / 安迪·加西亚 / 伊莱·瓦拉赫 / 更多...,剧情 / 犯罪,美国,英语 / 意大利语 / 德语 / 拉丁语,1990-12-25(美国),162分钟 / 170分钟 / 157分钟(导演剪辑版),"教父第三集 / 教父 III / 马里奥·普佐的教父终章：迈克·柯里昂之死 / Mario Puzo’s The Godfather, Coda: The Death of Michael Corleone",tt0099674,9,435847,60.2%,31.8%
1294244,https://movie.douban.com/subject/1294244/,绅士爱美人 Gentlemen Prefer Blondes (1953),霍华德·霍克斯,查尔斯·莱德勒 / 约瑟夫·菲尔兹 / 安尼塔·卢斯,简·拉塞尔 / 玛丽莲·梦露 / 查尔斯·科本 / 埃利奥特·里德 / 托米·努南 / 更多...,剧情 / 喜剧 / 爱情 / 歌舞,美国,英语 / 法语,1953-07-01(美国),91 分钟,绅士喜爱金发女郎 / 绅士爱淑女 / Howard Hawks' Gentlemen Prefer Blondes,tt0045810,8,13225,26.3%,48.1%
1294252,https://movie.douban.com/subject/1294252/,雾中风景 Τοπίο στην ομίχλη (1988),西奥·安哲罗普洛斯,萨纳西斯·瓦尔蒂诺斯 / 西奥·安哲罗普洛斯 / 托尼诺·格拉,米哈利斯·齐克 / 塔尼娅·帕拉依奥罗葛 / 斯特拉托斯·楚措格卢 / 伊娃·科塔曼尼多 / 阿利基·耶奥古利 / 更多...,剧情,希腊 / 法国 / 意大利,希腊语,1988-08-31(威尼斯电影节) / 1988-09-10(希腊),127分钟,Landscape in the Mist,tt0096288,8.9,60333,57.8%,32.8%
1294262,https://movie.douban.com/subject/1294262/,的士速递 Taxi (1998),吉拉尔·皮雷,吕克·贝松,萨米·纳塞利 / 玛丽昂·歌迪亚 / 弗雷德里克·迪芬塔尔 / Manuela Gourary / 艾玛·韦克伦德,喜剧 / 动作 / 犯罪,法国,法语 / 德语 / 韩语 / 葡萄牙语,1998-04-08(法国),89分钟,终极杀阵(台) / 出租车司机 / 的士速逮,tt0152930,7.9,94025,22.3%,51.2%
1294300,https://movie.douban.com/subject/1294300/,曼哈顿 Manhattan (1979),伍迪·艾伦,马歇尔·布瑞克曼 / 伍迪·艾伦,黛安·基顿 / 梅丽尔·斯特里普 / 伍迪·艾伦 / 迈克尔·墨菲 / 玛瑞儿·海明威,剧情 / 喜剧 / 爱情,美国,英语,1979-04-25,96 分钟,曼克顿,tt0079522,8.3,47698,33.3%,50.0%
1294315,https://movie.douban.com/subject/1294315/,捆着我，绑着我 ¡Átame! (1989),佩德罗·阿莫多瓦,佩德罗·阿莫多瓦,维多利亚·阿夫里尔 / 安东尼奥·班德拉斯 / 洛莱斯·莱昂 / 玛丽亚·巴兰科 / 萝西·德·帕尔马 / 更多...,剧情 / 喜剧 / 爱情 / 情色 / 犯罪,西班牙,西班牙语,1989-12-12(西班牙),101分钟,捆着我，困着我(港/台) / Tie Me Up ! Tie Me Down !,tt0101026,7.4,30282,15.9%,45.5%
1294323,https://movie.douban.com/subject/1294323/,第一滴血 First Blood (1982),特德·科特切夫,迈克尔·科佐尔 / 威廉·沙克海姆 / 西尔维斯特·史泰龙,西尔维斯特·史泰龙 / 理查德·克里纳 / 布莱恩·丹内利 / 比尔·麦金尼 / 杰克·斯塔雷特 / 更多...,剧情 / 动作 / 冒险,美国,英语,1982-10-22,93分钟,兰博 / Rambo: First Blood,tt0083944,8.3,104589,34.4%,49.7%
1294362,https://movie.douban.com/subject/1294362/,星球大战前传1：幽灵的威胁 Star Wars: Episode I - The Phantom Menace (1999),乔治·卢卡斯,乔治·卢卡斯,连姆·尼森 / 伊万·麦克格雷格 / 娜塔莉·波特曼 / 杰克·洛伊德 / 伊恩·麦克迪阿梅德 / 更多...,动作 / 科幻 / 冒险,美国,英语,1999-11-05(中国大陆) / 1999-05-19(美国) / 2012-02-10(美国),136分钟,星球大战第一集：幽灵的威胁 / 星球大战前传I：魅影危机(港) / 星际大战首部曲：威胁潜伏(台) / 星战前传之魅影危机,tt0120915,8.3,139004,33.5%,47.7%
1294366,https://movie.douban.com/subject/1294366/,霹雳五号 Short Circuit (1986),约翰·班德汉姆,S·S·威尔逊 / 布伦特·马多克,艾丽·西蒂 / 斯蒂夫·古根伯格 / 费舍·史蒂芬斯 / 奥斯汀·潘德尔顿 / G.W.拜利 / 更多...,喜剧 / 科幻 / 家庭,美国,英语,1986-05-09,98 分钟,机器人5号 / 机器人五号,tt0091949,8.6,14945,44.8%,41.3%
1294371,https://movie.douban.com/subject/1294371/,摩登时代 Modern Times (1936),查理·卓别林,查理·卓别林,查理·卓别林 / 宝莲·高黛 / 亨利·伯格曼 / 蒂尼·桑福德 / 切斯特·康克林 / 更多...,剧情 / 喜剧 / 爱情,美国,英语,1936-02-25(美国),87分钟,The Masses / Les Temps modernes,tt0027977,9.3,348889,70.9%,24.9%
1294408,https://movie.douban.com/subject/1294408/,音乐之声 The Sound of Music (1965),罗伯特·怀斯,乔治·胡达勒克 / 霍华德·林赛 / 拉塞尔·克劳斯 / 恩斯特·莱赫曼 / 玛丽亚·冯·特拉普,朱莉·安德鲁斯 / 克里斯托弗·普卢默 / 埃琳诺·帕克 / 理查德·海顿 / 佩吉·伍德 / 更多...,剧情 / 爱情 / 歌舞 / 传记,美国,英语 / 德语,1965-03-02(美国),174分钟,仙乐飘飘处处闻(港) / 真善美(台) / 一个叛逆修女的故事,tt0059742,9.1,686594,62.8%,30.7%
1294417,https://movie.douban.com/subject/1294417/,笑傲江湖2：东方不败 笑傲江湖II東方不敗 (1992),程小东,徐克 / 邓碧燕 / 陈天璇,李连杰 / 林青霞 / 关之琳 / 李嘉欣 / 李子雄 / 更多...,剧情 / 爱情 / 武侠 / 古装,中国香港,粤语,2026(中国大陆) / 1992-06-26(中国香港),107分钟,笑傲江湖之东方不败 / Swordsman 2,tt0103295,8.5,238209,40.7%,45.8%
1294421,https://movie.douban.com/subject/1294421/,伊万的童年 Иваново детство (1962),安德烈·塔可夫斯基 / 爱德华·阿巴洛夫,安德烈·康查洛夫斯基 / 安德烈·塔可夫斯基 / 米哈伊尔·帕帕瓦 / 弗拉基米尔·博戈莫诺夫,尼古拉·布尔里亚耶夫 / 瓦连京·祖布科夫 / 叶甫盖尼·扎里科夫 / 斯捷潘·克雷洛夫 / 尼古拉·格林科 / 更多...,剧情 / 战争,苏联,俄语 / 德语,1962-04-06(苏联),95分钟,伊凡的少年时代(台) / 伊凡的童年 / 伊凡的童年时代 / Ivanovo detstvo / Ivan's Childhood,tt0056111,8.8,55458,51.0%,40.6%
1294433,https://movie.douban.com/subject/1294433/,秋刀鱼之味 秋刀魚の味 (1962),小津安二郎,野田高梧 / 小津安二郎,笠智众 / 岩下志麻 / 冈田茉莉子 / 佐田启二 / 三上真一郎 / 更多...,剧情 / 家庭,日本,日语,1962-11-18(日本),113分钟,一个秋天的下午 / 秋刀鱼的味道 / An Autumn Afternoon / The Taste of Saury / Sanma no aji,tt0056444,8.6,53174,44.9%,43.8%
1294438,https://movie.douban.com/subject/1294438/,假面 Persona (1966),英格玛·伯格曼,英格玛·伯格曼,毕比·安德松 / 丽芙·乌曼 / 玛格丽塔·克罗克 / 古纳尔·布约恩施特兰德 / 约根·林德斯特伦,剧情 / 惊悚,瑞典,瑞典语 / 英语,1966-10-18(瑞典),85分钟,性格 / 人物,tt0060827,8.8,44879,52.9%,35.2%
1294461,https://movie.douban.com/subject/1294461/,仙履奇缘 Cinderella (1950),克莱德·杰洛尼米 / 威尔弗雷德·杰克逊 / 汉密尔顿·卢斯科,比尔·皮特 / 厄尔德曼·彭纳 / 特德·西尔斯 / 夏尔·佩罗,艾琳·伍兹 / 艾莉诺·阿德里 / 薇娜·费尔顿,爱情 / 动画 / 歌舞 / 奇幻,美国,英语,1950-03-04(美国),74分钟,灰姑娘 / 辛德瑞拉,tt0042332,8.5,82544,38.6%,46.9%
1294488,https://movie.douban.com/subject/1294488/,少年黄飞鸿之铁马骝 少年黃飛鴻之鐵馬騮 (1993),袁和平,邓碧燕 / 刘大木 / 徐克,甄子丹 / 王静莹 / 于荣光 / 李辉 / 曾思敏 / 更多...,喜剧 / 动作 / 犯罪 / 武侠 / 古装,中国香港,粤语,1993-09-03,90 分钟 / USA: 85 分钟,少年黄飞鸿之铁猴子(台) / Iron Monkey,tt0108148,7.7,29282,19.4%,49.2%
1294490,https://movie.douban.com/subject/1294490/,上帝也疯狂2 The Gods Must Be Crazy II (1989),加美·尤伊斯,加美·尤伊斯,历苏 / Lena Farugia / Hans Strydom,喜剧,南非 / 博茨瓦纳,英语 / 南非荷兰语 / Ungwatsi,1989-07-26,98 分钟,上帝也疯狂续集 / 上帝一定发疯了 (下) / 众神也疯狂 (下) / 逃脱死亡,tt0097443,8.8,61329,52.0%,36.9%
1294497,https://movie.douban.com/subject/1294497/,飓风 The Hurricane (1999),诺曼·杰威森,Armyan Bernstein / Dan Gordon,丹泽尔·华盛顿 / 维斯勒·夏农 / 黛博拉·卡拉·安格 / 列维·施瑞博尔 / 约翰·汉纳,剧情 / 传记 / 运动,美国,英语,1999-12-14(美国),146分钟,捍卫正义 / 黑罪风云 / 黑色飓风,tt0174856,8.4,16432,38.0%,47.2%
1294503,https://movie.douban.com/subject/1294503/,紫色 The Color Purple (1985),史蒂文·斯皮尔伯格,门诺·迈依杰斯 / 艾丽斯·沃克,丹尼·格洛弗 / 乌比·戈德堡 / 玛格丽特·艾弗瑞 / 奥普拉·温弗瑞 / 威拉德·E·普 / 更多...,剧情,美国,英语,1985-12-18(美国),154分钟,紫色姊妹花,tt0088939,8.7,45494,47.5%,41.5%
1294540,https://movie.douban.com/subject/1294540/,你那边几点 你那邊幾點 (2001),蔡明亮,蔡明亮 / 杨璧莹,李康生 / 陈湘琪 / 陆弈静 / 苗天 / 叶童 / 更多...,剧情 / 爱情,法国 / 中国台湾,英语 / 法语 / 汉语普通话 / 台语,2001-09-26,116 分钟,你那边几点？ / What Time Is It There? / 7 to 400 Blows,tt0269746,8,20265,26.5%,49.5%
1294561,https://movie.douban.com/subject/1294561/,太极张三丰 太極張三豐 (1993),袁和平,叶广俭,李连杰 / 杨紫琼 / 钱小豪 / 袁洁莹 / 袁祥仁 / 更多...,喜剧 / 动作 / 武侠 / 古装,中国香港 / 中国大陆,粤语 / 汉语普通话,1993-11-18(中国香港),96分钟,The Tai-chi Master / Twin Warriors / Tai ji: Zhang San Feng,tt0108281,8.1,200331,28.9%,50.3%
1294562,https://movie.douban.com/subject/1294562/,虎！虎！虎！ Tora! Tora! Tora! (1970),理查德·弗莱彻 / 深作欣二 / 舛田利雄,拉里·福里斯特 / 小国英雄 / 菊岛隆三 / 戈登·W·普兰格 / 拉迪斯拉斯·法拉戈 / 更多...,马丁·鲍尔萨姆 / 山村聪 / 杰森·罗巴兹 / 约瑟夫·科顿 / 三桥达也 / 更多...,剧情 / 历史 / 战争,日本 / 美国,英语 / 日语,1970-09-23(美国),145分钟 / 149分钟(加长版),偷袭珍珠港,tt0066473,8.4,33108,34.5%,51.2%
1294565,https://movie.douban.com/subject/1294565/,五至七时的克莱奥 Cléo de 5 à 7 (1962),阿涅斯·瓦尔达,阿涅斯·瓦尔达,科琳娜·马尔尚 / 安托万·布尔塞耶 / 多米妮克·达夫雷 / 多萝泰·布兰克 / 米歇尔·勒格朗 / 更多...,剧情 / 喜剧 / 音乐,法国 / 意大利,法语,1962-04-11(法国),90 分钟,五至七时的奇奥 / 五至七时的克利奥 / 五点到七点的克莱奥 / 克莱欧的五到七 / 克莱奥的五点到七点 / 5点到7点的克莱奥 / Cleo from 5 to 7,tt0055852,8.7,40579,44.2%,45.9%
1294570,https://movie.douban.com/subject/1294570/,爱情短片 Krótki film o miłości (1988),克日什托夫·基耶斯洛夫斯基,克日什托夫·基耶斯洛夫斯基 / 克日什托夫·皮耶谢维奇,格拉日娜·沙波沃夫斯卡 / 奥拉夫·卢巴申科 / 斯特凡尼亚·伊文斯卡 / 比奥迪·玛查里卡 / 阿图尔·巴奇斯 / 更多...,剧情 / 爱情,波兰,波兰语 / 葡萄牙语,1988-10-21(波兰),88分钟,情路长短调(台) / 关于爱情的短片 / 情诫 / A Short Film About Love,tt0095467,8.7,36465,50.3%,38.1%
1294573,https://movie.douban.com/subject/1294573/,尤里西斯的凝视 Το βλέμμα του Οδυσσέα (1995),西奥·安哲罗普洛斯,西奥·安哲罗普洛斯 / 托尼诺·格拉 / 帕特罗斯·马可瑞斯 / 乔治·席尔瓦尼 / Kaii Tsitseli / 更多...,哈威·凯特尔 / 厄兰·约瑟夫森 / 玛雅·摩根斯特恩 / 萨纳西斯·韦戈斯 / Giorgos Mihalakopoulos / 更多...,剧情 / 历史 / 战争,希腊 / 法国 / 意大利 / 德国 / 英国 / 南斯拉夫 / 罗马尼亚 / 阿尔巴尼亚 / 波黑,英语 / 希腊语 / 保加利亚语 / 阿尔巴尼亚语 / 塞尔维亚语 / 罗马尼亚语 / 库尔德语 / 马其顿语 / 德语,1995-05-24(戛纳电影节),176 分钟,尤里西斯的生命之旅 / 尤里西斯之旅 / 尤利西斯的凝望 / 尤利西斯的凝视 / Ulysses' Gaze,tt0114863,9,15622,60.3%,30.9%
1294584,https://movie.douban.com/subject/1294584/,雌雄大盗 Bonnie and Clyde (1967),阿瑟·佩恩,大卫·纽曼 / 罗伯特·本顿 / 罗伯特·汤,沃伦·比蒂 / 费·唐纳薇 / 迈克尔·波拉德 / 吉恩·哈克曼 / 埃斯特尔·帕森斯 / 更多...,动作 / 传记 / 犯罪,美国,英语,1967-08-13(美国),111分钟,我俩没有明天(台) / 邦妮和克莱德 / 抢钱夫妻,tt0061418,8.2,56351,29.8%,51.9%
1294638,https://movie.douban.com/subject/1294638/,E.T.外星人 E.T. the Extra-Terrestrial (1982),史蒂文·斯皮尔伯格,梅丽莎·马西森,亨利·托马斯 / 迪·沃伦斯 / 罗伯特·麦克纳夫顿 / 德鲁·巴里摩尔 / 彼德·考约特,剧情 / 科幻,美国,英语,2002-06-20(中国大陆) / 1982-05-26(戛纳电影节) / 1982-06-11(美国),115分钟 / 120分钟(加长版),外星人E.T. / 外星人 / ET / E.T. the Extra-Terrestrial / A Boy's Life,tt0083866,8.6,356039,42.7%,44.6%
1294639,https://movie.douban.com/subject/1294639/,勇敢的心 Braveheart (1995),梅尔·吉布森,兰道尔·华莱士,梅尔·吉布森 / 苏菲·玛索 / 布莱恩·考克斯 / 詹姆斯·科兹莫 / 辛·劳洛 / 更多...,剧情 / 动作 / 传记 / 历史 / 战争,美国,英语 / 法语 / 拉丁语 / 苏格兰盖尔语,1995-05-18(西雅图电影节) / 1995-05-24(美国),178分钟,惊世未了缘(港) / 梅尔吉勃逊之英雄本色(台),tt0112573,8.9,608037,56.3%,34.1%
1294689,https://movie.douban.com/subject/1294689/,中央舞台 Center Stage (2000),尼古拉斯·希特纳,Carol Heikkinen,彼得·盖勒 / Ilia Kulik / 佐伊·索尔达娜 / 阿曼达·舒尔 / Susan May / 更多...,剧情 / 歌舞,美国,英语,2000-05-12,115 分钟,舞国英雄谱(台) / 舞国英雄传 / 中心舞台 / 舞台中心,tt0210616,8.2,9347,30.7%,48.8%
1294693,https://movie.douban.com/subject/1294693/,荆轲刺秦王 (1998),陈凯歌,陈凯歌 / 王培公,巩俐 / 张丰毅 / 李雪健 / 王志文 / 孙周 / 更多...,剧情 / 历史 / 古装,中国大陆 / 日本 / 法国,汉语普通话,1998-10-08(中国大陆),162分钟 / 169分钟(日本),始皇帝暗杀 / 刺秦 / The Emperor And The Assassin,tt0162866,8.2,95497,34.7%,45.2%
1294699,https://movie.douban.com/subject/1294699/,午夜狂奔 Midnight Run (1988),马丁·布莱斯特,乔治·加洛,罗伯特·德尼罗 / 查尔斯·格罗丁 / 亚非特·科托 / 约翰·阿什顿 / 丹尼斯·法里纳 / 更多...,喜剧 / 动作 / 犯罪 / 冒险,美国,英语,1988-07-20(美国),126 分钟,,tt0095631,8.7,51067,44.5%,44.5%
1294732,https://movie.douban.com/subject/1294732/,老师不是人 The Faculty (1998),罗伯特·罗德里格兹,凯文·威廉姆森,乔丹娜·布鲁斯特 / 克里·杜瓦尔 / 劳拉·哈里斯 / 乔什·哈奈特 / 肖恩·海托西 / 更多...,科幻 / 悬疑 / 惊悚 / 恐怖,美国,英语,1998-12-25(美国),104分钟,夺命高校 / 异种教师 / 异种教师Feelers,tt0133751,6.9,20607,9.9%,34.9%
1294753,https://movie.douban.com/subject/1294753/,追梦赤子心 Rudy (1993),大卫·安斯鲍夫,安吉罗·皮佐,西恩·奥斯汀 / 乔恩·费儒 / 尼德·巴蒂 / 查尔斯·达顿 / 莉莉·泰勒 / 更多...,剧情 / 传记 / 运动,美国,英语,1993-09-18(多伦多电影节) / 1993-10-13(美国),114分钟 / 127分钟(导演剪辑版),豪情好家伙 / 鲁迪传奇,tt0108002,8.7,68505,50.2%,38.1%
1294756,https://movie.douban.com/subject/1294756/,历劫佳人 Touch of Evil (1958),奥逊·威尔斯,奥逊·威尔斯 / 惠特·马斯特森,查尔顿·赫斯顿 / 珍妮特·利 / 奥逊·威尔斯 / 约瑟夫·卡利亚 / 阿基姆·坦米罗夫 / 更多...,惊悚 / 犯罪 / 黑色电影,美国,英语 / 西班牙语,1958-04-23(美国),95分钟(剧场版) / 108分钟(加长版) / 111分钟(重剪版),狂野生死恋 / 历劫名花 / 邪恶的接触 / 邪恶之触 / 恶之触,tt0052311,8,12865,26.9%,50.0%
1294766,https://movie.douban.com/subject/1294766/,泰山 Tarzan (1999),克里斯·巴克 / 凯文·利玛,泰布·墨菲 / 鲍勃·祖迪克 / 诺尼·怀特 / 斯蒂芬·安德森 / Carole Holliday / 更多...,布耐恩·布莱塞得 / 格伦·克洛斯 / 明妮·德里弗 / 托尼·戈德温 / 奈杰尔·霍桑 / 更多...,剧情 / 动画 / 家庭 / 冒险,美国,英语,1999-06-18(美国),88分钟,人猿泰山 / Tarzán,tt0120855,7.8,111943,19.8%,49.7%
1294781,https://movie.douban.com/subject/1294781/,卡比利亚之夜 Le notti di Cabiria (1957),费德里科·费里尼,费德里科·费里尼 / 恩尼奥·弗拉亚诺 / 图里奥·皮内利 / 皮埃尔·保罗·帕索里尼 / 布鲁内洛·龙迪,朱丽叶塔·马西纳 / 弗朗索瓦·佩里埃 / 弗兰卡·马尔齐 / 多里安·格雷 / 阿尔多·西尔瓦尼 / 更多...,剧情,意大利 / 法国,意大利语,1957-05-11(戛纳电影节) / 1957-10-03(意大利),110分钟 / 117分钟(修复版),花街春梦(港) / 卡比莉亚之夜(台) / 她在黑夜中 / 卡比里亚之夜 / 一个女人的夜晚 / Nights of Cabiria,tt0050783,9.1,51028,62.4%,31.1%
1294789,https://movie.douban.com/subject/1294789/,第九道门 The Ninth Gate (1999),罗曼·波兰斯基,阿图罗·佩雷斯–雷维特 / 约翰·布朗约翰 / 恩里克·乌尔维苏 / 罗曼·波兰斯基,约翰尼·德普 / 弗兰克·兰格拉 / 莉娜·奥琳 / 艾玛纽尔·塞尼耶 / 芭芭拉·杰夫德 / 更多...,剧情 / 悬疑 / 惊悚 / 恐怖 / 奇幻,法国 / 西班牙 / 美国,英语 / 法语 / 拉丁语 / 葡萄牙语 / 西班牙语,1999-08-25,133 分钟,魔鬼手记 / 鬼上门,tt0142688,7.3,48219,14.8%,40.6%
1294791,https://movie.douban.com/subject/1294791/,机器战警 RoboCop (1987),保罗·范霍文,爱德华·诺麦尔 / 迈克尔·迈纳,彼得·威勒 / 南茜·艾伦 / 丹·奥赫里奇 / 罗尼·考克斯 / 米盖尔·弗尔 / 更多...,剧情 / 动作 / 科幻 / 惊悚 / 犯罪,美国,英语,1987-07-17(美国),102分钟 / 78分钟(德国版) / 91分钟(芬兰版) / 98分钟(挪威版),铁甲威龙(港) / 机器战警(台) / 机械战警 / 威龙争雄 / 死而复生,tt0093870,7.8,51974,21.2%,50.5%
1294825,https://movie.douban.com/subject/1294825/,无辜的人 The Innocents (1961),杰克·克莱顿,亨利·詹姆斯 / 约翰·莫蒂默 / 威廉姆·阿奇博尔德 / 杜鲁门·卡波特,黛博拉·蔻儿 / 彼得·温贾德 / 梅格斯·詹金斯 / 迈克尔·雷德格瑞夫 / 马丁·史蒂芬斯 / 更多...,惊悚 / 恐怖,英国 / 美国,英语,1961-11-24(英国),99分钟,无罪的人,tt0055018,7.8,5935,19.7%,53.2%
1294827,https://movie.douban.com/subject/1294827/,蜘蛛巢城 蜘蛛巣城 (1957),黑泽明,小国英雄 / 桥本忍 / 菊岛隆三 / 黑泽明,三船敏郎 / 山田五十铃 / 志村乔 / 久保明 / 太刀川宽 / 更多...,剧情 / 历史,日本,日语,1957-01-15(日本),110分钟,蛛网宫堡 / 神箭杀霸王 / Throne of Blood,tt0050613,8.5,39207,38.6%,49.2%
1294833,https://movie.douban.com/subject/1294833/,花木兰 Mulan (1998),巴里·库克 / 托尼·班克罗夫特,萧丽塔 / 克里斯·桑德斯,温明娜 / 艾迪·墨菲 / 黄荣亮 / 哈维·费斯特恩 / 米盖尔·弗尔 / 更多...,剧情 / 动画 / 家庭 / 冒险,美国,英语,1998-06-19(美国),88分钟,木兰 / China Doll / The Legend of Mulan,tt0120762,8,270096,27.0%,48.4%
1294853,https://movie.douban.com/subject/1294853/,色戒 Samsara (2002),宾·纳伦,宾·纳伦 / 蒂姆·贝克,古桑 / 钟丽缇 / Neelesha BaVora / Lhakpa Tsering / Tenzin Tashi / 更多...,剧情 / 爱情 / 情色,意大利 / 法国 / 印度 / 德国 / 瑞士,藏语 / 拉达克语 / 印地语,2002-04-30(法国),138分钟,轮回,tt0196069,7.5,23851,23.4%,37.9%
1294940,https://movie.douban.com/subject/1294940/,复仇在我 復讐するは我にあり (1979),今村昌平,马场当 / 佐木隆三,绪形拳 / 三国连太郎 / 日向铃子 / 倍赏美津子 / 根岸季衣 / 更多...,剧情 / 犯罪,日本,日语 / 英语,1979-04-21(日本),140分钟,我要复仇 / Vengeance Is Mine,tt0079182,8.5,17400,39.3%,46.5%
1294941,https://movie.douban.com/subject/1294941/,大白鲨 Jaws (1975),史蒂文·斯皮尔伯格,彼得·本奇利 / 卡尔·哥特列布,罗伊·谢德 / 罗伯特·肖 / 理查德·德莱福斯 / 洛兰·加里 / 莫瑞·汉密尔顿 / 更多...,剧情 / 惊悚 / 冒险,美国,英语,2026-05-15(中国大陆) / 1975-06-20(美国),124 分钟 / 130分钟(美国电视版),Stillness in the Water / Hajen,tt0073195,7.8,128262,19.7%,53.2%
1294948,https://movie.douban.com/subject/1294948/,憨豆先生的大灾难 Bean (1997),梅尔·史密斯,理查德·柯蒂斯 / 罗温·艾金森 / 罗宾·德里斯科尔,罗温·艾金森 / 彼特·麦尼科 / 约翰·米尔斯 / 伯特·雷诺兹 / 约翰尼·盖尔克奇 / 更多...,喜剧,英国 / 美国,英语,1997-08-01(英国),89分钟,憨豆先生 / 豆豆秀 / 比恩先生 / Bean: The Ultimate Disaster Movie,tt0118689,8.3,74329,33.8%,47.3%
1294958,https://movie.douban.com/subject/1294958/,桂河大桥 The Bridge on the River Kwai (1957),大卫·里恩,迈克尔·威尔逊 / 卡尔·福尔曼,威廉·霍尔登 / 亚历克·吉尼斯 / 杰克·霍金斯 / 早川雪洲 / 詹姆斯·唐纳德 / 更多...,剧情 / 历史 / 战争,英国 / 美国,英语 / 日语 / 泰语,1957-10-02(英国),161分钟,桂河桥,tt0050212,8.4,30546,36.8%,48.8%
1294963,https://movie.douban.com/subject/1294963/,一个都不能少 (1999),张艺谋,施祥生,魏敏芝 / 张慧科 / 田正达 / 高恩满 / 孙志梅 / 更多...,剧情,中国大陆,晋语 / 汉语普通话,1999-09-07(威尼斯电影节),106 分钟,Not One Less / 一个也不能少,tt0209189,7.8,144357,20.7%,50.7%
1294990,https://movie.douban.com/subject/1294990/,勇敢者的游戏 Jumanji (1995),乔·庄斯顿,乔纳森·汉斯雷 / 格雷格·泰勒 / 吉姆·斯特兰 / 克里斯·范·奥斯伯格,罗宾·威廉姆斯 / 乔纳森·海德 / 克尔斯滕·邓斯特 / 布莱德利·皮尔斯 / 派翠西娅·克拉克森 / 更多...,动作 / 奇幻 / 冒险,美国,英语,1995-12-15(美国),104分钟,逃出魔幻纪(港) / 野蛮游戏(台) / 勇敢人的游戏 / 逃出侏曼纪 / 勇敢者游戏,tt0113497,8.2,146755,31.7%,50.3%
1294991,https://movie.douban.com/subject/1294991/,精武门 精武門 (1972),罗维,罗维 / 倪匡,李小龙 / 苗可秀 / 田俊 / 田丰,剧情 / 动作 / 爱情 / 惊悚,中国香港,粤语 / 英语,1972-03-22(中国香港),107分钟,Fist of Fury,tt0068767,8.5,51693,42.6%,43.4%
1295025,https://movie.douban.com/subject/1295025/,艾美的世界 Amy (1997),纳迪娅·塔斯,大卫·帕克,艾拉娜·德·罗玛 / 瑞切尔·格里菲斯 / 本·门德尔森 / 凯瑞·阿姆斯特朗 / 威廉·扎帕 / 更多...,剧情 / 音乐,澳大利亚,英语,1997-09-12,104分钟,艾米的世界,tt0118614,8.5,6311,42.0%,43.7%
1295038,https://movie.douban.com/subject/1295038/,哈利·波特与魔法石 Harry Potter and the Sorcerer's Stone (2001),克里斯·哥伦布,史蒂夫·克洛夫斯 / J·K·罗琳,丹尼尔·雷德克里夫 / 艾玛·沃森 / 鲁伯特·格林特 / 艾伦·瑞克曼 / 玛吉·史密斯 / 更多...,奇幻 / 冒险,美国 / 英国,英语,2002-01-26(中国大陆) / 2020-08-14(中国大陆重映) / 2024-10-11(中国大陆重映) / 2001-11-04(英国首映) / 2001-11-16(美国),152分钟 / 159分钟(加长版),哈利波特1：神秘的魔法石(港/台) / 哈1 / Harry Potter and the Philosopher's Stone,tt0241527,9.2,1427245,66.2%,27.8%
1295045,https://movie.douban.com/subject/1295045/,天才瑞普利 The Talented Mr. Ripley (1999),安东尼·明格拉,帕特里西亚·海史密斯 / 安东尼·明格拉,马特·达蒙 / 格温妮斯·帕特洛 / 裘德·洛 / 凯特·布兰切特 / 菲利普·塞默·霍夫曼 / 更多...,剧情 / 惊悚 / 犯罪,美国,英语 / 意大利语,1999-12-25(美国),139分钟,心计(港) / 天才雷普利(台) / 天才里普雷先生 / 美男心计 / 天才先生瑞普利,tt0134119,8.3,194909,32.2%,51.5%
1295064,https://movie.douban.com/subject/1295064/,城市猎人 城市獵人 (1993),王晶,王晶,成龙 / 王祖贤 / 邱淑贞 / 后藤久美子 / 单立文 / 更多...,喜剧 / 动作 / 爱情,中国香港 / 日本,粤语,1993-01-16(中国香港) / 1993-03-20(日本),100分钟,City Hunter / Sing si lip yan,tt0103950,7.8,136723,23.9%,46.2%
1295070,https://movie.douban.com/subject/1295070/,布朗克斯的故事 A Bronx Tale (1993),罗伯特·德尼罗,查兹·帕尔明特瑞,罗伯特·德尼罗 / 查兹·帕尔明特瑞 / 李洛·布兰卡托 / 弗朗西斯·卡普拉 / 泰罗尔·希克斯 / 更多...,剧情 / 犯罪,美国,英语 / 意大利语,1993-09-09(威尼斯电影节) / 1993-10-01(美国),121 分钟,四海情深 / 不一样的童年,tt0106489,8.8,31308,50.7%,40.1%
1295106,https://movie.douban.com/subject/1295106/,鼠胆龙威 鼠膽龍威 (1995),王晶,王晶,李连杰 / 张学友 / 邱淑贞 / 曹查理 / 周比利 / 更多...,喜剧 / 动作 / 犯罪,中国香港,粤语 / 汉语普通话 / 英语,1995-07-01(中国香港),101分钟,High Risk / Meltdown / Terror en Hong Kong,tt0114437,7.5,58090,15.7%,45.4%
1295116,https://movie.douban.com/subject/1295116/,西线无战事 All Quiet on the Western Front (1930),刘易斯·迈尔斯通,埃里希·玛利亚·雷马克 / 马克斯韦尔·安德森 / 乔治·艾博特 / 德尔·安德鲁斯 / C·加德纳·苏利文 / 更多...,路易斯·沃海姆 / 刘·艾尔斯 / 约翰·雷 / 阿诺德·露西 / 本·亚历山大 / 更多...,剧情 / 动作 / 历史 / 战争,美国,英语 / 法语 / 德语 / 拉丁语,1930-04-21(美国),133分钟(修复有声版) / 152分钟,,tt0020629,9,34527,57.4%,34.5%
1295120,https://movie.douban.com/subject/1295120/,风语者 Windtalkers (2002),吴宇森,约翰·赖斯 / 乔·巴特尔,尼古拉斯·凯奇 / 亚当·比奇 / 彼得·斯特曼 / 诺亚·艾默里奇 / 马克·鲁法洛 / 更多...,动作 / 历史 / 战争,美国,英语 / 纳瓦霍语 / 日语,2002-06-14(美国),134分钟 / 153分钟(导演剪辑版),烈血追风(港) / 猎风行动(台) / 风语战士 / 追风战士 / 风斗士,tt0245562,7.7,90893,18.3%,50.2%
1295229,https://movie.douban.com/subject/1295229/,木乃伊 The Mummy (1999),斯蒂芬·索莫斯,斯蒂芬·索莫斯 / 劳埃德·丰维耶勒 / 凯文·贾尔 / 约翰·L·鲍尔德斯顿 / 尼纳·威尔科克斯·普特南 / 更多...,布兰登·费舍 / 蕾切尔·薇兹 / 约翰·汉纳 / 阿诺德·沃斯洛 / 凯文·J·奥康纳 / 更多...,剧情 / 动作 / 奇幻 / 冒险,美国,英语 / 古埃及语 / 阿拉伯语 / 汉语普通话 / 希伯来语 / 匈牙利语,1999-04-16(葡萄牙) / 1999-05-07(美国),125分钟,盗墓迷城(港) / 神鬼传奇(台),tt0120616,7.9,216452,23.1%,52.5%
1295242,https://movie.douban.com/subject/1295242/,精灵鼠小弟 Stuart Little (1999),罗伯·明可夫,M·奈特·沙马兰 / 格雷戈·布鲁克,迈克尔·J·福克斯 / 吉娜·戴维斯 / 休·劳瑞 / 乔纳森·利普尼基 / 内森·连恩,喜剧 / 家庭 / 奇幻 / 冒险,美国 / 德国,英语 / 荷兰语,2000-02-16(中国大陆) / 1999-12-05(美国首映),84分钟,一家之鼠超力仔(港) / 一家之鼠(台) / 一家之鼠小史都华,tt0164912,7.8,152366,20.0%,50.7%
1295250,https://movie.douban.com/subject/1295250/,X战警 X-Men (2000),布莱恩·辛格,汤姆·德桑托 / 布莱恩·辛格 / 大卫·海特,休·杰克曼 / 帕特里克·斯图尔特 / 伊恩·麦克莱恩 / 法米克·詹森 / 詹姆斯·麦斯登 / 更多...,动作 / 科幻,美国 / 加拿大,英语,2000-07-14(美国),104分钟,变种特攻(港),tt0120903,7.8,303459,20.5%,51.7%
1295255,https://movie.douban.com/subject/1295255/,圣血 Santa sangre (1989),亚历桑德罗·佐杜洛夫斯基,亚历桑德罗·佐杜洛夫斯基 / 罗伯托·莱奥尼 / 克劳迪奥·阿亨托,阿克塞尔·佐杜洛夫斯基 / 布兰卡·格拉 / 盖·斯托克维尔 / 塞尔玛·蒂克索 / 亚当·佐杜洛夫斯基 / 更多...,剧情 / 恐怖 / 奇幻,墨西哥 / 意大利,英语,1989-05,123 分钟 / 120 分钟(cut version),Holy Blood,tt0098253,8.6,15420,48.1%,37.0%
1295260,https://movie.douban.com/subject/1295260/,好人寥寥 A Few Good Men (1992),罗伯·莱纳,艾伦·索金,汤姆·克鲁斯 / 杰克·尼科尔森 / 黛米·摩尔 / 凯文·贝肯 / 基弗·萨瑟兰 / 更多...,剧情 / 惊悚,美国,英语 / 法语,1992-12-11,138 分钟,义海雄风(港) / 军官与魔鬼(台) / 军人机密 / 义海雄心,tt0104257,8.1,18709,25.5%,53.4%
1295276,https://movie.douban.com/subject/1295276/,录影带谋杀案 Videodrome (1983),大卫·柯南伯格,大卫·柯南伯格,詹姆斯·伍兹 / 索尼娅·史密茨 / 黛布拉·哈里 / 彼得·德沃斯基 / 莱斯利·卡尔森 / 更多...,科幻 / 悬疑 / 惊悚 / 恐怖,加拿大,英语,1983-02-04(加拿大),89分钟,猛鬼勾魂 / Zonekiller / 录像带谋杀案,tt0086541,7.4,13915,16.3%,45.0%
1295280,https://movie.douban.com/subject/1295280/,黑衣人2 Men in Black II (2002),巴里·索南菲尔德,劳威尔·坎宁安 / 罗伯特·戈登 / 巴里·法纳罗,威尔·史密斯 / 汤米·李·琼斯 / 约翰尼·诺克斯维尔 / 罗莎里奥·道森 / 雷普·汤恩 / 更多...,喜剧 / 动作 / 科幻,美国,英语,2002-07-03,88 分钟,MIB星际战警2(台) / 黑超特警组2(港) / 黑超特警2 / MIB II,tt0120912,7.8,238060,20.5%,50.1%
1295281,https://movie.douban.com/subject/1295281/,洛奇2 Rocky II (1979),西尔维斯特·史泰龙,西尔维斯特·史泰龙,西尔维斯特·史泰龙 / 塔莉娅·夏尔 / 伯特·杨 / 卡尔·韦瑟斯 / 布吉斯·梅迪斯,剧情 / 运动,美国,英语 / 意大利语,1979-06-15(美国),119 分钟,洛奇续集 / 洛基第二集 / Rocky 2,tt0079817,8.5,25064,39.3%,45.6%
1295284,https://movie.douban.com/subject/1295284/,星月童话 星月童話 (1999),李仁港,罗志良 / 青柳祐美子 / 陈淑贤 / 杨倩玲,张国荣 / 常盘贵子 / 杨紫琼 / 廖启智 / 李香琴 / 更多...,剧情 / 爱情 / 惊悚,中国香港 / 日本,粤语 / 日语 / 普通话,2025-06-14(中国大陆) / 1999-04-01(中国香港),106分钟,Moonlight Express,tt0202478,8.2,72564,33.8%,44.3%
1295287,https://movie.douban.com/subject/1295287/,党同伐异 Intolerance: Love's Struggle Throughout the Ages (1916),大卫·格里菲斯,大卫·格里菲斯 / 沃尔特·惠特曼,丽莲·吉许 / 梅·马什 / 罗伯特·哈伦 / F.A.特纳 / 萨姆·德·格拉斯 / 更多...,剧情 / 爱情 / 历史,美国,英语,1916-09-05(美国),167分钟,不可思议(港) / 忍无可忍(台) / 偏见的故事 / Intolerance,tt0006864,8.7,13766,50.2%,37.1%
1295295,https://movie.douban.com/subject/1295295/,独领风骚 Clueless (1995),艾米·海克林,艾米·海克林,艾丽西亚·希尔维斯通 / 斯黛西·达什 / 布莱特妮·墨菲 / 保罗·路德 / 唐纳德·法森 / 更多...,喜剧 / 爱情,美国,英语 / 西班牙语,1995-07-19(美国),97 分钟,叻女掌門人(港) / 倩女掌门人 / 无影无踪,tt0112697,7.7,51274,23.5%,43.2%
1295318,https://movie.douban.com/subject/1295318/,大话王 Liar Liar (1997),汤姆·沙迪亚克,保罗·瓜伊 / 史蒂夫·玛佐,金·凯瑞 / 毛拉·蒂尔内 / 贾斯汀·库珀 / 加利·艾尔维斯 / 詹妮弗·提莉,喜剧 / 奇幻,美国,英语,1997-03-18(美国),87分钟,王牌大骗子(台) / 说谎者 / Menteur menteur / Bugiardo bugiardo,tt0119528,7.8,91217,20.2%,50.7%
1295340,https://movie.douban.com/subject/1295340/,小鬼当家3 Home Alone 3 (1997),拉加·高斯内尔,约翰·休斯,亚历克斯·D·林兹 / 奥莱克·克鲁帕 / 莱亚·吉斯特德 / 林尼·冯·多伦 / 斯嘉丽·约翰逊,喜剧 / 家庭 / 犯罪,美国,英语 / 波兰语,1997-12-12,102 分钟,宝贝智多星3(港) / 小鬼当家3：坏消息(台) / 智多星3：智擒四大癫王 / 独自在家3,tt0119303,7.8,100870,23.6%,46.7%
1295374,https://movie.douban.com/subject/1295374/,金玉满堂 金玉滿堂 (1995),徐克,吴文辉 / 郑忠泰 / 徐克 / 阮继志,张国荣 / 袁咏仪 / 钟镇涛 / 赵文卓 / 罗家英 / 更多...,喜剧 / 爱情,中国香港,粤语,1995-01-28(中国香港),106分钟,满汉全席 / The Chinese Feast / Gam yuk moon tong,tt0113475,8.2,115889,31.2%,47.2%
1295384,https://movie.douban.com/subject/1295384/,星河战队 Starship Troopers (1997),保罗·范霍文,爱德华·诺麦尔 / 罗伯特·A·海因莱因,卡斯帕·范·迪恩 / 迪娜·迈耶 / 丹妮丝·理查兹 / 杰克·布塞 / 尼尔·帕特里克·哈里斯 / 更多...,动作 / 科幻 / 惊悚 / 冒险,美国,英语,1997-11-07,129 分钟,星舰战将(台) / 太空战士 / 星河舰队 / 人虫大战 / 星船伞兵,tt0120201,8,118487,26.3%,48.7%
1295399,https://movie.douban.com/subject/1295399/,七武士 七人の侍 (1954),黑泽明,黑泽明 / 桥本忍 / 小国英雄,三船敏郎 / 志村乔 / 津岛惠子 / 岛崎雪子 / 藤原釜足 / 更多...,剧情 / 动作 / 冒险,日本,日语,1954-04-26(日本),207分钟 / 160分钟(国际版) / 150分钟(英国初版) / 190分钟(英国1991重映版) / 141分钟(美国初版) / 203分钟(美国重映版),七侠四义(港) / 七剑客(港) / The Seven Samurai / Shichinin no samurai,tt0047478,9.3,237913,71.5%,23.2%
1295409,https://movie.douban.com/subject/1295409/,纵横四海 縱橫四海 (1991),吴宇森,吴宇森 / 高志森 / 秦小珍,周润发 / 张国荣 / 钟楚红 / 朱江 / 曾江 / 更多...,剧情 / 喜剧 / 动作 / 犯罪,中国香港,粤语 / 汉语普通话 / 客家话 / 英语 / 法语,2026-05-03(中国大陆) / 1991-02-02(中国香港),109分钟,Once a Thief,tt0101020,8.8,491004,51.7%,37.7%
1295437,https://movie.douban.com/subject/1295437/,春天不是读书天 Ferris Bueller's Day Off (1986),约翰·休斯,约翰·休斯,马修·布罗德里克 / 阿兰·卢克 / 米娅·萨拉 / 杰弗里·琼斯 / 詹妮弗·格雷 / 更多...,喜剧,美国,英语,1986-06-11(美国),103 分钟,跷课天才(台) / 咪走堂(港) / 鬼头天兵,tt0091042,8,63350,28.8%,46.4%
1295451,https://movie.douban.com/subject/1295451/,第三人 The Third Man (1949),卡罗尔·里德,格雷厄姆·格林 / 奥逊·威尔斯 / 亚历山大·柯达 / 卡罗尔·里德,约瑟夫·科顿 / 阿莉达·瓦利 / 奥逊·威尔斯 / 特瑞沃·霍华德 / 伯纳德·李 / 更多...,悬疑 / 惊悚 / 黑色电影,英国,英语 / 德语 / 俄语,1949-09-03,105分钟,黑狱亡魂(港) / 第三个人 / 第三者 / The 3rd Man,tt0041959,8.1,27846,29.5%,50.1%
1295452,https://movie.douban.com/subject/1295452/,子弹横飞百老汇 Bullets Over Broadway,伍迪·艾伦,伍迪·艾伦 / 道格拉斯·麦克格兰斯,约翰·库萨克 / 黛安·韦斯特 / 詹妮弗·提莉 / 查兹·帕尔明特瑞 / 玛丽-露易丝·帕克 / 更多...,喜剧 / 犯罪,美国,英语,1994-09-06(威尼斯电影节) / 1995-02-24(美国),98 分钟,子弹穿过百老汇 / 百老汇上空的子弹,tt0109348,8.5,33318,38.5%,48.4%
1295460,https://movie.douban.com/subject/1295460/,性爱宝典 Everything You Always Wanted to Know About Sex * But Were Afraid to Ask (1972),伍迪·艾伦,大卫·鲁本 / 伍迪·艾伦,伍迪·艾伦 / 约翰·卡拉丁 / 托尼·霍尔特 / 杰克·巴里 / 娄·雅可比 / 更多...,喜剧 / 情色,美国,英语 / 意大利语,1972-08-06,88 分钟,情欲奇谈 / Everything You Always Wanted to Know About Sex,tt0068555,7.9,27396,25.2%,49.7%
1295485,https://movie.douban.com/subject/1295485/,方世玉续集 (1993),元奎,陈建忠 / 刘镇伟,李连杰 / 萧芳芳 / 李嘉欣 / 郭蔼明 / 元奎 / 更多...,喜剧 / 动作 / 武侠 / 古装,中国香港 / 中国大陆,粤语 / 汉语普通话,1993-07-30(中国香港),95分钟,方世玉2：万夫莫敌 / 方世玉续集：谁与争锋 / 功夫皇帝II：万夫莫敌(台) / Fong Sai Yuk II / The Legend II / The Legend of Fong Sai Yuk 2,tt0106937,7.9,92813,22.4%,51.7%
1295518,https://movie.douban.com/subject/1295518/,可爱的动物 Animals Are Beautiful People (1974),加美·尤伊斯,加美·尤伊斯,历苏,喜剧 / 纪录片,南非,英语,1974-01-31(南非),92 分钟,美好的人民,tt0071143,9.5,6756,77.6%,18.7%
1295578,https://movie.douban.com/subject/1295578/,活死人黎明 Dawn of the Dead (1978),乔治·A·罗梅罗,乔治·A·罗梅罗,David Emge / 肯·佛瑞 / 斯科特·H·雷宁格 / 盖伦·罗斯 / David Crawford,动作 / 恐怖,意大利 / 美国,英语 / 西班牙语,1978-09-02(意大利),127分钟 / 139分钟(导演剪辑版) / 155分钟(完整版),死亡黎明 / 僵尸的黎明 / 生人勿近 / George A. Romero's Dawn of the Dead / Zombie: Dawn of the Dead / Zombies / Zombi,tt0077402,7.3,11243,16.5%,41.4%
1295586,https://movie.douban.com/subject/1295586/,黄昏双镖客 Per qualche dollaro in più (1965),赛尔乔·莱昂内,赛尔乔·莱昂内 / 富尔维奥·莫尔塞拉 / 卢恰诺·温琴佐尼,克林特·伊斯特伍德 / 李·范·克里夫 / 吉安·马里亚·沃隆特 / 马里奥·布雷加 / 路易吉·皮斯蒂利 / 更多...,西部,意大利 / 西班牙 / 西德,意大利语 / 英语,1965-12-18(意大利),132分钟,独行侠江湖伏霸(港) / 金钱与仇恨 / 赏金杀手 / 为钱卖命 / 为了更多的几块钱 / For a Few Dollars More,tt0059578,8.9,64065,52.7%,39.9%
1295614,https://movie.douban.com/subject/1295614/,士兵之歌 Баллада о солдате (1959),格利高利·丘赫莱依,格利高利·丘赫莱依 / 瓦伦丁·埃佐霍夫,弗拉迪米尔·伊瓦绍夫 / 然娜·普罗霍连科 / 安东宁娜·马克西莫娃 / 尼古拉·克留奇科夫 / 叶甫盖尼·乌尔班斯基 / 更多...,剧情 / 爱情 / 战争,苏联,俄语,1959-12-01(苏联),88分钟,士兵叙事曲 / Ballad of a Soldier,tt0052600,9.1,18704,62.5%,31.0%
1295629,https://movie.douban.com/subject/1295629/,杀手阿一 殺し屋1 (2001),三池崇史,佐藤佐吉 / 山本英夫,浅野忠信 / 大森南朋 / 冢本晋也 / 孙佳君 / 寺岛进 / 更多...,剧情 / 喜剧 / 动作 / 惊悚 / 恐怖 / 犯罪,日本,日语 / 粤语 / 英语,2001-09-14(多伦多电影节) / 2001-12-22(日本),129分钟,Ichi The Killer / Koroshiya 1 / Koroshiya ichi,tt0296042,7.5,47722,22.4%,40.3%
1295644,https://movie.douban.com/subject/1295644/,这个杀手不太冷 Léon,吕克·贝松,吕克·贝松,让·雷诺 / 娜塔莉·波特曼 / 加里·奥德曼 / 丹尼·爱罗 / 彼得·阿佩尔 / 更多...,剧情 / 动作 / 犯罪,法国 / 美国,英语 / 意大利语 / 法语,2024-11-01(中国大陆) / 1994-09-14(法国),133分钟(中国大陆) / 110分钟(剧场版),终极追杀令(台) / 杀手莱昂 / 杀手里昂 / Leon / Leon: The Professional,tt0110413,9.4,2556729,72.8%,23.0%
1295646,https://movie.douban.com/subject/1295646/,大独裁者 The Great Dictator (1940),查理·卓别林,查理·卓别林,查理·卓别林 / 杰克·奥克 / 雷金纳德·加德纳 / 亨利·丹尼尔 / 比利·吉尔伯特 / 更多...,剧情 / 喜剧 / 战争,美国,英语 / 世界语,1940-10-15,125 分钟,The Dictator / El gran dictador,tt0032553,9.2,91725,66.3%,27.9%
1295656,https://movie.douban.com/subject/1295656/,潜行者 Сталкер (1979),安德烈·塔可夫斯基,安德烈·塔可夫斯基 / 阿尔卡季·斯特鲁加茨基 / 鲍里斯·斯特鲁加茨基,亚历山大·凯伊达诺夫斯基 / 阿丽萨·弗雷因德利赫 / 安纳托利·索洛尼岑 / 尼古拉·格林科 / 纳塔利娅·阿布拉莫娃 / 更多...,剧情 / 科幻 / 悬疑,苏联,俄语,1979-05-25(苏联) / 1980-05-13(戛纳电影节),162分钟,Stalker,tt0079944,8.8,44769,56.8%,30.5%
1295684,https://movie.douban.com/subject/1295684/,一夜风流 It Happened One Night (1934),弗兰克·卡普拉,罗伯特·里斯金 / 塞缪尔·霍普金斯·亚当斯,克拉克·盖博 / 克劳黛·考尔白 / 沃尔特·康诺利 / 罗斯科·卡恩茨 / 詹姆森·托马斯 / 更多...,喜剧 / 爱情,美国,英语,1934-02-22(美国),105 分钟,Night Bus / Es geschah in einer Nacht,tt0025316,8.8,68501,51.2%,39.8%
1295686,https://movie.douban.com/subject/1295686/,盗火线 Heat (1995),迈克尔·曼,迈克尔·曼,阿尔·帕西诺 / 罗伯特·德尼罗 / 方·基默 / 乔恩·沃伊特 / 汤姆·塞兹摩尔 / 更多...,剧情 / 动作 / 惊悚 / 犯罪,美国,英语 / 西班牙语,1995-12-15(美国),170分钟,烈火悍将(台) / 热力 / 穷追不舍 / 狂热,tt0113277,8.6,157664,43.6%,42.7%
1295728,https://movie.douban.com/subject/1295728/,早餐俱乐部 The Breakfast Club (1985),约翰·休斯,约翰·休斯,艾米利奥·艾斯特维兹 / 安东尼·迈克尔·豪尔 / 约翰·卡普洛斯 / 贾德·尼尔森 / 莫利·林沃德 / 更多...,剧情 / 喜剧,美国,英语,1985-02-07,97 分钟,,tt0088847,7.9,34876,28.1%,45.1%
1295742,https://movie.douban.com/subject/1295742/,洛奇 Rocky (1976),约翰·G·艾维尔森,西尔维斯特·史泰龙,西尔维斯特·史泰龙 / 塔莉娅·夏尔 / 伯特·杨 / 卡尔·韦瑟斯 / 布吉斯·梅迪斯,剧情 / 爱情 / 运动,美国,英语,1976-12-03(美国),120分钟,洛基,tt0075148,8.8,79497,49.2%,40.6%
1295753,https://movie.douban.com/subject/1295753/,日出 Sunrise: A Song of Two Humans (1927),F·W·茂瑙,卡尔·梅育 / 赫尔曼·苏德尔曼 / 凯瑟琳·希利克 / H·H·考德威尔,乔治·奥布莱恩 / 珍妮·盖诺 / 玛格丽特·利文斯顿 / 波蒂尔·罗辛 / J·法瑞尔·麦克唐纳 / 更多...,剧情 / 爱情,美国,英语,1927-11-04,94分钟 / 106分钟(德国),日出：两个人的爱情之歌 / Sunrise,tt0018455,8.7,20584,48.2%,40.8%
1295812,https://movie.douban.com/subject/1295812/,砂之女 砂の女 (1964),敕使河原宏,安部公房 / Eiko Yoshida,冈田英次 / 岸田今日子 / 三井弘次 / 伊藤弘子 / 矢野宣 / 更多...,剧情 / 惊悚,日本,日语,1964-02-15(日本),147分钟,沙之女 / Suna no onna / Woman in the Dunes,tt0058625,8.6,16594,43.7%,43.2%
1295815,https://movie.douban.com/subject/1295815/,那年夏天，宁静的海 あの夏、いちばん静かな海。 (1991),北野武,北野武,真木藏人 / 大岛弘子 / 河原萨布 / 藤原稔三 / 寺岛进 / 更多...,剧情 / 喜剧 / 爱情,日本,日语,1991-10-19(日本),101分钟,那年夏天最宁静的海 / 夏日，在寂静的海边 / A Scene at the Sea,tt0103704,8.6,115753,44.0%,43.3%
1295820,https://movie.douban.com/subject/1295820/,狂凶记 Frenzy (1972),阿尔弗雷德·希区柯克,安东尼·沙弗尼 / Arthur La Bern,乔·芬奇 / 巴里·福斯特 / 芭芭拉·雷吉-亨特 / 安娜·玛西 / 亚历克·马克温 / 更多...,惊悚 / 犯罪,英国,英语,1972-05-25(英国),116 分钟,夺命狂凶 / 狂乱,tt0068611,7.9,27320,21.6%,53.0%
1295824,https://movie.douban.com/subject/1295824/,洛奇5 Rocky V (1990),约翰·G·艾维尔森,西尔维斯特·史泰龙,西尔维斯特·史泰龙 / 塔莉娅·夏尔 / 伯特·杨 / 塞奇·史泰龙 / 布吉斯·梅迪斯 / 更多...,剧情 / 运动,美国,英语,1990-11-16(美国),104分钟,洛奇 5,tt0100507,8,15205,31.2%,42.8%
1295833,https://movie.douban.com/subject/1295833/,猫的协奏曲 The Cat Concerto (1947),约瑟夫·巴伯拉 / 威廉·汉纳,约瑟夫·巴伯拉 / 威廉·汉纳,未知,喜剧 / 动画 / 短片 / 音乐 / 家庭,美国,英语,1947-04-26(美国),8分钟,,tt0039251,9.3,7081,72.7%,22.0%
1295834,https://movie.douban.com/subject/1295834/,极度空间 They Live (1988),约翰·卡朋特,雷伊·尼尔森 / 约翰·卡朋特,罗迪·派彭 / 凯斯·大卫 / 梅格·福斯特 / 乔治·“巴克”·弗劳尔 / 皮特·杰森 / 更多...,动作 / 科幻 / 恐怖,美国,英语,1988-11-04(美国),93 分钟,X光人,tt0096256,7.4,12289,16.3%,43.6%
1295865,https://movie.douban.com/subject/1295865/,燃情岁月 Legends of the Fall,爱德华·兹威克,威廉·D·威特利夫 / 吉姆·哈里森 / 苏珊·希利迪,布拉德·皮特 / 安东尼·霍普金斯 / 艾丹·奎因 / 朱莉娅·奥蒙德 / 亨利·托马斯 / 更多...,剧情 / 爱情 / 战争 / 西部,美国,英语 / 科尼什语,1994-12-16(美国),133分钟,秋日传奇 / 真爱一世情(台) / Legends of the Autumn,tt0110322,8.7,320721,51.0%,36.5%
1295870,https://movie.douban.com/subject/1295870/,全面回忆 Total Recall (1990),保罗·范霍文,菲利普·迪克 / 罗纳德·舒塞特 / 丹·欧班农 / Jon Povill / 加里·戈德曼,阿诺·施瓦辛格 / 雷切尔·蒂科汀 / 莎朗·斯通 / 罗尼·考克斯 / 迈克尔·艾恩塞德 / 更多...,动作 / 科幻 / 惊悚 / 冒险,美国,英语,1990-06-01(美国),113分钟,宇宙威龙(港) / 魔鬼总动员(台),tt0100802,7.8,43847,20.0%,53.1%
1295872,https://movie.douban.com/subject/1295872/,西北偏北 North by Northwest (1959),阿尔弗雷德·希区柯克,恩斯特·莱赫曼,加里·格兰特 / 爱娃·玛丽·森特 / 詹姆斯·梅森 / 洁茜·罗伊丝·兰迪斯 / 里奥.G.卡罗尔 / 更多...,悬疑 / 惊悚 / 冒险,美国,英语 / 法语,1959-07-17(美国),136分钟,夺魄惊魂(港) / 北西北(台) / 谍影疑云 / 北偏北,tt0053125,8.3,126768,31.4%,52.3%
1295873,https://movie.douban.com/subject/1295873/,偷自行车的人 Ladri di biciclette (1948),维托里奥·德西卡,切萨雷·扎瓦蒂尼 / 奥雷斯特·比安科利 / 苏索·切基·达米科 / 维托里奥·德西卡 / 阿道夫·弗兰奇 / 更多...,兰贝托·马乔拉尼 / 恩佐·斯泰奥拉 / 莉安拉·卡雷尔 / 吉诺·萨尔塔梅伦达 / 福斯托·圭尔佐尼 / 更多...,剧情 / 犯罪,意大利,意大利语,1948-11-24(意大利),89分钟 / 80分钟(DVD),单车失窃记(台) / 单车窃贼 / The Bicycle Thieves,tt0040522,9.1,123624,61.9%,32.6%
1295933,https://movie.douban.com/subject/1295933/,僵尸先生 殭屍先生 (1985),刘观伟,黄鹰 / 司徒卓汉 / 黄炳耀,林正英 / 许冠英 / 钱小豪 / 李赛凤 / 楼南光 / 更多...,喜剧 / 动作 / 奇幻,中国香港,粤语,1985-11-07,96 分钟,暂时停止呼吸(台) / 霊幻道士(日) / Mr. Vampire,tt0089371,8.5,110810,41.0%,45.1%
1295942,https://movie.douban.com/subject/1295942/,畸形人 Freaks (1932),托德·布朗宁,托德·罗宾斯,华莱士·福特 / 丽拉·海厄姆斯 / 奥尔加·巴古拉诺娃,剧情 / 恐怖,美国,英语,1932-02-20,64 分钟,畸型人 / 畸零人 / 怪物团(日) / The Monster Show,tt0022913,7.9,8831,23.5%,49.3%
1296008,https://movie.douban.com/subject/1296008/,鬼作秀 Creepshow (1982),乔治·A·罗梅罗,斯蒂芬·金,哈尔·霍尔布鲁克 / 莱斯利·尼尔森 / 阿德里安娜·巴比欧 / E.G.马绍尔 / 艾德·哈里斯 / 更多...,喜剧 / 恐怖 / 奇幻,美国,英语,1982-11-12,120 分钟,,tt0083767,7.3,9526,17.0%,39.3%
1296011,https://movie.douban.com/subject/1296011/,红番区 紅番區 (1995),唐季礼,马美萍 / 邓景生,成龙 / 梅艳芳 / 叶芳华 / 董骠 / 马克·阿克斯 / 更多...,喜剧 / 动作 / 犯罪,中国香港,粤语 / 英语,1995-01-29(中国大陆) / 1995-01-21(中国香港) / 1996-02-23(美国),106分钟 / 90分钟(美国),Rumble in the Bronx / Red Bronx / Hung faan keoi,tt0113326,7.8,120254,21.4%,49.7%
1296015,https://movie.douban.com/subject/1296015/,运转手之恋 運転手之恋 (2000),张华坤 / 陈以文,苏照彬,宫泽理惠 / 屈中恒 / 太保 / 戴立忍 / 蔡灿得,喜剧 / 爱情,中国台湾,汉语普通话 / 闽南语,2000-11-11(中国台湾),94分钟,The Cabbie,tt0265107,8.2,41303,29.3%,51.7%
1296026,https://movie.douban.com/subject/1296026/,见鬼 見鬼 (2002),彭发 / 彭顺,许月珍 / 彭发 / 彭顺,李心洁 / 周俊伟 / 卢巧音 / 澄江·露吉娜侬 / 方展发 / 更多...,剧情 / 惊悚 / 恐怖,中国香港 / 新加坡,粤语 / 泰语 / 普通话 / 英语 / 客家语,2002-05-09(中国香港),99分钟,The Eye,tt0325655,7.3,47450,13.4%,43.1%
1296030,https://movie.douban.com/subject/1296030/,天外魔花 Invasion of the Body Snatchers (1956),唐·希格尔,丹尼尔·梅因沃林,凯文·麦卡锡 / 达娜·温特 / 拉里·盖茨 / 金·多诺万 / 卡罗琳·琼斯,科幻 / 惊悚 / 恐怖,美国,英语,1956-02-05,80 分钟,夺尸者入侵(台) / 人体异形 / 人体入侵者 / 盗墓者,tt0049366,7.8,5800,17.8%,57.1%
1296078,https://movie.douban.com/subject/1296078/,断头谷 Sleepy Hollow (1999),蒂姆·波顿,华盛顿·欧文 / 凯文·雅格 / 安德鲁·凯文·沃克,约翰尼·德普 / 克里斯蒂娜·里奇 / 米兰达·理查森 / 迈克尔·刚本 / 卡斯帕·范·迪恩 / 更多...,悬疑 / 恐怖 / 奇幻,美国 / 德国 / 英国,英语 / 拉丁语,1999-11-19(美国),105分钟,无头骑士 / 无头睡谷 / 睡谷传奇 / 寂静山谷,tt0162661,7.6,130256,18.7%,48.3%
1296141,https://movie.douban.com/subject/1296141/,控方证人 Witness for the Prosecution (1957),比利·怀尔德,比利·怀尔德 / 哈里·库尼兹 / 劳伦斯·B·马库斯,泰隆·鲍华 / 玛琳·黛德丽 / 查尔斯·劳顿 / 埃尔莎·兰彻斯特 / 约翰·威廉姆斯 / 更多...,剧情 / 悬疑 / 惊悚 / 犯罪,美国,英语 / 德语,2025-12-05(中国大陆) / 1957-12-17(美国),116分钟,雄才伟略 / 情妇,tt0051201,9.6,746491,82.0%,16.1%
1296282,https://movie.douban.com/subject/1296282/,歌厅 Cabaret (1972),鲍勃·福斯,乔·麦斯特洛夫 / 约翰·范·德鲁登 / 克里斯托弗·艾什伍德 / 杰伊·普莱森·艾伦,丽莎·明内利 / 麦克尔·约克 / 赫尔穆特·格里姆 / 乔尔·格雷 / 弗里茨·维伯 / 更多...,剧情 / 爱情 / 歌舞,美国,英语 / 德语 / 希伯来语 / 法语,1972-02-13(美国),124分钟,酒吧间 / 酒店,tt0068327,8.8,16348,53.1%,36.5%
1296334,https://movie.douban.com/subject/1296334/,滚滚红尘 滾滾紅塵 (1990),严浩,严浩 / 三毛,林青霞 / 秦汉 / 张曼玉 / 吴耀汉 / 顾美华 / 更多...,爱情 / 战争,中国香港 / 中国台湾,汉语普通话,1990-11-23(中国香港),94分钟,Red Dust,tt0099719,8.1,57477,28.4%,49.0%
1296339,https://movie.douban.com/subject/1296339/,爱在黎明破晓前 Before Sunrise (1995),理查德·林克莱特,理查德·林克莱特 / 金·克里桑,伊桑·霍克 / 朱莉·德尔佩 / 安德莉亚·埃克特 / 汉诺·波西尔 / 卡尔·布拉克施魏格尔 / 更多...,剧情 / 爱情,美国 / 奥地利 / 瑞士,英语 / 德语 / 法语,1995-01-27(美国),101分钟,情留半天(港) / 爱在黎明破晓时(台) / 日出之前,tt0112471,8.8,807530,54.4%,34.4%
1296359,https://movie.douban.com/subject/1296359/,我恨你的十件事 10 Things I Hate About You (1999),吉尔·约格尔,凯伦·麦卡勒 / 克尔斯滕·史密斯 / 威廉·莎士比亚,希斯·莱杰 / 朱丽娅·斯蒂尔斯 / 约瑟夫·高登-莱维特 / 拉丽莎·奥蕾尼克 / 大卫·克朗姆霍茨 / 更多...,剧情 / 喜剧 / 爱情,美国,英语 / 法语,1999-03-31(美国),97分钟,对面的恶女看过来 / 恋爱新世纪 / 十宗罪 / 十个我恨你的理由 / 我恨你的10件事 / 我最恨你的十件事情,tt0147800,7.9,62811,25.1%,45.7%
1296360,https://movie.douban.com/subject/1296360/,凶兆 The Omen (1976),理查德·唐纳,大卫·斯勒茨,格利高里·派克 / 丽·莱米克 / 大卫·沃纳 / 比莉·怀特劳 / 哈维·史蒂芬斯 / 更多...,悬疑 / 恐怖,英国 / 美国,英语 / 拉丁语 / 意大利语,1976-06-25(美国),111分钟,天魔,tt0075005,7.4,9429,14.3%,48.8%
1296384,https://movie.douban.com/subject/1296384/,1296384,大卫·芬奇,约翰·布兰卡托 / 迈克尔·费里斯,迈克尔·道格拉斯 / 西恩·潘 / 黛博拉·卡拉·安格 / 詹姆斯·瑞布霍恩 / 卡罗尔·贝克,剧情 / 悬疑 / 惊悚,美国,英语 / 粤语 / 德语,1997-09-03(纽约首映) / 1997-09-12(美国),129分钟,致命游戏(台) / 游戏 / 生日历险,tt0119174,8,118381,21.6%,45.6%
1296535,https://movie.douban.com/subject/1296535/,幽灵船 Ghost Ship (2002),史蒂芬·贝克,约翰·波罗,加布里埃尔·伯恩 / 朱丽安娜·玛格丽丝 / 朗·埃达德 / 戴斯蒙德·哈灵顿 / 艾赛亚·华盛顿 / 更多...,悬疑 / 惊悚 / 恐怖,美国 / 澳大利亚,英语 / 意大利语,2002-10-25(美国),91分钟,鬼船 / 吓破胆,tt0288477,7,48536,10.1%,35.3%
1296538,https://movie.douban.com/subject/1296538/,小飞侠 Peter Pan (1953),克莱德·杰洛尼米 / 威尔弗雷德·杰克逊 / 汉密尔顿·卢斯科,詹姆斯·巴里 / 特德·西尔斯 / 厄尔德曼·彭纳 / 比尔·皮特 / 温斯顿·希布勒 / 更多...,鲍比·德里斯科尔 / 凯瑟琳·博蒙特 / 汉斯·康拉德 / 比尔·汤普森 / 希瑟·安吉尔 / 更多...,动画 / 歌舞 / 奇幻 / 冒险,美国,英语 / 美国手语,1953-02-05(美国),77分钟,彼得·潘,tt0046183,8.3,35644,36.7%,45.3%
1296557,https://movie.douban.com/subject/1296557/,投奔怒海 (1982),许鞍华,邱刚健,林子祥 / 缪骞人 / 马斯晨 / 刘德华 / 奇梦石 / 更多...,剧情,中国香港,粤语 / 日语 / 法语 / 越南语,1982-10-13,109 分钟,Boat People,tt0084807,8.5,32223,38.7%,48.2%
1296573,https://movie.douban.com/subject/1296573/,小孤儿 The Little Orphan (1949),约瑟夫·巴伯拉 / 威廉·汉纳,约瑟夫·巴伯拉 / 威廉·汉纳,未知,喜剧 / 动画 / 短片 / 家庭,美国,英语,1949-04-30,8 分钟,,tt0041592,9.2,5357,66.6%,26.1%
1296623,https://movie.douban.com/subject/1296623/,两个只能活一个 兩個只能活一個 (1997),游达志,韦家辉,金城武 / 李若彤 / 卞宇民 / 赵志诚 / 蔡枫华 / 更多...,剧情 / 犯罪,中国香港,粤语,1997-05-10(中国香港),89 分钟,The Odd One Dies,tt0119818,7.7,27260,20.6%,46.4%
1296629,https://movie.douban.com/subject/1296629/,倩女幽魂2：人间道 倩女幽魂II 人間道 (1990),程小东,梁耀明 / 林纪陶 / 刘大木,张国荣 / 王祖贤 / 张学友 / 午马 / 李子雄 / 更多...,爱情 / 奇幻 / 武侠 / 古装,中国香港,粤语,1990-07-13(中国香港),104 分钟,倩女幽魂2 / A Chinese Ghost Story II,tt0100625,8.1,216404,30.4%,48.1%
1296636,https://movie.douban.com/subject/1296636/,小马王 Spirit: Stallion of the Cimarron (2002),凯利·阿斯博瑞 / 罗娜·库克,约翰·福斯克 / 迈克尔·勒克,马特·达蒙 / 詹姆斯·克伦威尔 / 理查德·麦克格纳格尔 / 马特·莱文 / 查尔斯·纳佩尔 / 更多...,爱情 / 动画 / 西部 / 冒险,美国,英语,2002-05-24(美国),83分钟 / 86分钟(西班牙),小马精灵 / Spirit,tt0166813,8.6,27841,47.5%,38.6%
1296646,https://movie.douban.com/subject/1296646/,诺斯费拉图：夜晚的幽灵 Nosferatu: Phantom der Nacht (1979),沃纳·赫尔佐格,沃纳·赫尔佐格 / Tom Shachtman / Martje Grohmann,克劳斯·金斯基 / 伊莎贝尔·阿佳妮 / 布鲁诺·冈茨 / 洛朗·托坡尔 / 瓦尔特·拉登加斯特 / 更多...,恐怖 / 奇幻,法国 / 西德,德语 / 英语,1979-01-17(法国),107分钟,吸血僵尸(港) / 吸血鬼(台) / 魔鬼诺斯法雷图 / Nosferatu: Phantom of the Night / Nosferatu the Vampyre,tt0079641,7.7,9725,20.4%,48.6%
1296659,https://movie.douban.com/subject/1296659/,舞台春秋 Limelight (1952),查理·卓别林,查理·卓别林,查理·卓别林 / 巴斯特·基顿 / 克莱尔·布鲁姆 / 奈杰尔·布鲁斯 / 西德尼·卓别林,剧情 / 喜剧 / 爱情 / 音乐,美国,英语,1952-10-16(英国),137 分钟 / USA: 141 分钟(initial release) / UK: 147 分钟(London premiere),舞台生涯,tt0044837,8.9,11166,55.3%,34.7%
1296666,https://movie.douban.com/subject/1296666/,回到未来3 Back to the Future Part III (1990),罗伯特·泽米吉斯,鲍勃·盖尔 / 罗伯特·泽米吉斯,迈克尔·J·福克斯 / 克里斯托弗·洛伊德 / 玛丽·斯汀伯根 / 托马斯·F·威尔森 / 莉·汤普森 / 更多...,喜剧 / 科幻 / 西部 / 冒险,美国,英语,1990-05-25(美国),118分钟,回到未来第三集,tt0099088,8.6,116445,44.4%,42.8%
1296669,https://movie.douban.com/subject/1296669/,"罗马，不设防的城市 Roma, città aperta (1945)",罗伯托·罗西里尼,赛尔乔·阿米德伊 / 费德里科·费里尼 / 罗伯托·罗西里尼 / 阿尔贝托·孔西利奥,阿尔多·法布里齐 / 安娜·马尼亚尼 / 马塞洛·巴格利埃罗 / 维托·安尼基亚里科 / 南多·布鲁诺 / 更多...,剧情 / 惊悚 / 战争,意大利,意大利语 / 德语 / 拉丁语,1945-09-24(罗马电影节) / 1945-10-08(意大利),103分钟,"不设防城市(港/台) / 罗马不设防 / Rome, Open City",tt0038890,8.1,20831,26.7%,54.4%
1296693,https://movie.douban.com/subject/1296693/,醉拳 (1978),袁和平,袁和平 / 萧龙,成龙 / 黄正利 / 袁小田 / 石天 / 冯敬文,喜剧 / 动作,中国香港,粤语,1978-10-05,111 分钟,Drunken Monkey in the Tiger's Eyes / Drunken Master,tt0080179,7.8,88105,20.7%,51.0%
1296697,https://movie.douban.com/subject/1296697/,人猿星球 Planet of the Apes (1968),富兰克林·沙夫纳,迈克尔·威尔逊 / 罗德·塞林 / 皮埃尔·布尔,查尔顿·赫斯顿 / 罗迪·麦克道尔 / 金·亨特 / 莫里斯·埃文斯 / 詹姆斯·惠特摩 / 更多...,科幻 / 悬疑 / 冒险,美国,英语,1968-02-08,112 分钟 / Argentina: 115 分钟 / Spain: 107 分钟(DVD edition),猿人袭地球(港) / 决战猩球 / 浩劫余生 / Monkey Planet,tt0063442,8.3,43160,32.2%,50.5%
1296700,https://movie.douban.com/subject/1296700/,地狱无门 地獄無門 (1980),徐克,司徒卓汉 / 徐克,徐少强 / 高雄 / 黄锦燊 / 胡大为 / 韩国材,喜剧 / 动作 / 惊悚 / 恐怖 / 奇幻 / 冒险 / 武侠,中国香港,粤语,1980-04-02,86分钟,杀出地狱门 / We're Going to Eat You,tt0080636,7.3,10135,15.3%,42.8%
1296703,https://movie.douban.com/subject/1296703/,楢山节考 楢山節考 (1983),今村昌平,今村昌平 / 深泽七郎,绪形拳 / 坂本澄子 / 左顿平 / 竹城明 / 小泽昭一 / 更多...,剧情 / 家庭,日本,日语,1983-04-29(日本),131分钟,The Ballad of Narayama,tt0084390,9,70751,59.2%,32.9%
1296717,https://movie.douban.com/subject/1296717/,夺宝奇兵 Raiders of the Lost Ark (1981),史蒂文·斯皮尔伯格,劳伦斯·卡斯丹 / 乔治·卢卡斯 / 菲利普·考夫曼,哈里森·福特 / 凯伦·阿兰 / 保罗·弗里曼 / 罗纳德·莱西 / 约翰·瑞斯-戴维斯 / 更多...,动作 / 冒险,美国,英语 / 德语 / 希伯来语 / 西班牙语 / 阿拉伯语 / 尼泊尔语,1981-06-12(美国),115分钟,法柜奇兵 / 夺宝奇兵：法柜奇兵 / 印地安纳・琼斯之夺宝奇兵 / Indiana Jones and the Raiders of the Lost Ark,tt0082971,7.9,115664,23.5%,49.7%
1296736,https://movie.douban.com/subject/1296736/,钢琴家 The Pianist (2002),罗曼·波兰斯基,罗纳德·哈伍德,阿德里安·布罗迪 / 托马斯·克莱舒曼 / 艾米莉娅·福克斯 / 米哈乌·热布罗夫斯基 / 埃德·斯托帕德 / 更多...,剧情 / 音乐 / 传记 / 战争,英国 / 法国 / 波兰 / 德国 / 美国,英语 / 德语 / 俄语,2002-05-24(戛纳电影节) / 2002-09-25(法国),149分钟,钢琴战曲(港) / 战地琴人(台) / 战地琴声 / 钢琴师,tt0253474,9.3,752569,68.2%,27.4%
1296747,https://movie.douban.com/subject/1296747/,抢钱夫妻 搶錢夫妻 (1993),张之亮,阮世生,许冠文 / 萧芳芳 / 邓一君 / 陈少霞 / 左诗蓓 / 更多...,喜剧,中国香港,粤语,1993-12-22,104 分钟,Always On My Mind,tt0106551,8.4,16659,40.4%,43.6%
1296753,https://movie.douban.com/subject/1296753/,卡萨布兰卡 Casablanca (1942),迈克尔·柯蒂兹,朱利叶斯·J·爱泼斯坦 / 菲利普·G·爱泼斯坦 / 霍华德·科克 / 默里·伯内特 / Joan Alison / 更多...,亨弗莱·鲍嘉 / 英格丽·褒曼 / 保罗·亨雷德 / 克劳德·雷恩斯 / 康拉德·韦特 / 更多...,剧情 / 爱情 / 战争,美国,英语 / 法语 / 德语 / 意大利语,1943-07-07(中国大陆) / 1942-11-26(纽约首映) / 1943-01-23(美国),102分钟,北非谍影(港/台),tt0034583,8.7,243998,47.1%,40.7%
1296769,https://movie.douban.com/subject/1296769/,巴尔扎克与小裁缝 (2002),戴思杰,戴思杰 / 纳丁·佩侬,周迅 / 刘烨 / 陈坤 / 王双宝 / 丛志军 / 更多...,剧情 / 爱情 / 传记,中国大陆 / 法国,中文 / 法语,2002-10-09,110分钟 / 116分钟(戛纳电影节),小裁缝 / The Little Chinese Seamstress / Balzac et la petite tailleuse chinoise,tt0291032,8,53657,25.1%,51.6%
1296778,https://movie.douban.com/subject/1296778/,一树梨花压海棠 Lolita (1997),阿德里安·莱恩,史蒂芬·希夫 / 弗拉基米尔·纳博科夫,杰瑞米·艾恩斯 / 多米尼克·斯万 / 梅兰尼·格里菲斯 / 弗兰克·兰格拉 / 苏珊妮·谢泼德 / 更多...,剧情 / 爱情 / 情色,法国 / 美国,英语,1997-09-26(意大利) / 1998-01-14(法国) / 1998-09-25(美国),137分钟,洛丽塔 / 禁忌情迷 / 萝莉塔(台),tt0119558,8.1,272302,32.1%,46.8%
1296791,https://movie.douban.com/subject/1296791/,"诺斯费拉图 Nosferatu, eine Symphonie des Grauens (1922)",F·W·茂瑙,亨利克·加仑,马科斯·夏瑞克 / 古斯塔·冯·瓦根海姆 / 格里塔·斯楚瑞德 / 乔治·H·施内尔 / 露丝·兰茨霍夫 / 更多...,恐怖 / 奇幻,德国,无对白,1922-03-04,94 分钟 / USA: 81 分钟 / Spain: 65 分钟(VHS version) / Spain: 92 分钟(DVD edition) / 84 分钟(1994 restored version projected at 20 fps) / UK: 88 分钟(1997 restored version) / Belgium: 85 分钟 / Sweden: 84 分钟(DVD version),"吸血僵尸(港) / 穆瑙之吸血鬼(台) / 吸血鬼 / 魔鬼诺斯法雷图 / 诺斯菲拉图：第一个吸血鬼 / 不死僵尸—恐栗交响曲 / Nosferatu, a Symphony of Horror",tt0013442,8.1,21870,28.9%,51.1%
1296794,https://movie.douban.com/subject/1296794/,怪形 The Thing (1982),约翰·卡朋特,比尔·兰卡斯特 / 小约翰·W·坎贝尔,库尔特·拉塞尔 / 威尔福德·布利姆雷 / TK·卡特 / 大卫·科列侬 / 凯斯·大卫 / 更多...,科幻 / 悬疑 / 恐怖,美国,英语 / 挪威语,1982-06-25,109 分钟,突变第三型(台),tt0084787,8.2,78205,32.1%,48.5%
1296805,https://movie.douban.com/subject/1296805/,无语问苍天 Awakenings (1990),潘妮·马歇尔,斯蒂文·泽里安 / 奥利弗·萨克斯,罗伯特·德尼罗 / 罗宾·威廉姆斯 / 朱莉·卡夫娜 / 鲁思·尼尔森 / 约翰·赫德 / 更多...,剧情 / 传记,美国,英语,1990-12-12(世纪城首映) / 1991-01-11(美国),121分钟,睡人 / 苏醒 / 唤醒,tt0099077,8.4,20445,36.6%,48.4%
1296821,https://movie.douban.com/subject/1296821/,苹果酒屋法则 The Cider House Rules (1999),拉斯·霍尔斯道姆,约翰·欧文,托比·马奎尔 / 查理兹·塞隆 / 迈克尔·凯恩 / 德尔罗伊·林多 / 保罗·路德 / 更多...,剧情 / 爱情,美国,英语,1999-09-07(威尼斯电影节) / 1999-12-17(美国),125分钟,苹果酒屋规则 / 心尘往事(台) / 总有骄阳(港),tt0124315,8.1,37499,28.1%,51.5%
1296835,https://movie.douban.com/subject/1296835/,青春年少 Rushmore (1998),韦斯·安德森,韦斯·安德森 / 欧文·威尔逊,詹森·舒瓦兹曼 / 比尔·默瑞 / 奥莉维亚·威廉姆斯 / 西摩·卡塞尔 / 布莱恩·考克斯 / 更多...,剧情 / 喜剧,美国,英语 / 西班牙语 / 拉丁语 / 法语,1998-09-17(多伦多电影节) / 1999-02-19(美国),93分钟,都是爱情惹的祸(台) / 撬墙角(港) / 冲动少年,tt0128445,8.1,27365,28.4%,48.8%
1296837,https://movie.douban.com/subject/1296837/,洪熙官,王晶,王晶,李连杰 / 谢苗 / 邱淑贞 / 叶德娴 / 陈松勇 / 更多...,剧情 / 动作 / 冒险 / 武侠 / 古装,中国香港,粤语,1994-02-05(中国香港),95分钟,洪熙官之新少林五祖 / 洪熙官之少林五祖 / 新少林五祖 / The New Legend of ShaoLin / Legend of the Red Dragon,tt0110054,8.1,113712,25.9%,52.4%
1296845,https://movie.douban.com/subject/1296845/,煤气灯下 Gaslight (1944),乔治·库克,约翰·范·德鲁登 / 沃尔特·瑞奇 / 约翰·L·鲍尔德斯顿 / 帕特里克·汉密尔顿,查尔斯·博耶 / 英格丽·褒曼 / 约瑟夫·科顿 / 梅·惠蒂 / 安吉拉·兰斯伯瑞 / 更多...,剧情 / 犯罪 / 黑色电影,美国,英语,1944-05-11(美国),114分钟,恨锁琼楼(港) / 瓦斯灯下,tt0036855,8.5,27591,38.4%,50.8%
1296897,https://movie.douban.com/subject/1296897/,大富之家,高志森,杜国威,黄百鸣 / 梁家辉 / 张国荣 / 毛舜筠 / 刘青云 / 更多...,喜剧 / 家庭,中国香港,粤语,1994-02-06(中国香港),94分钟,It's a Wonderful Life / Daai foo ji ga,tt0109524,7.8,37508,24.2%,46.3%
1296908,https://movie.douban.com/subject/1296908/,窃听大阴谋 The Conversation (1974),弗朗西斯·福特·科波拉,弗朗西斯·福特·科波拉,吉恩·哈克曼 / 约翰·凯泽尔 / 艾伦·加菲尔德 / 弗雷德里克·福瑞斯特 / 辛迪·威廉姆斯 / 更多...,剧情 / 悬疑 / 惊悚,美国,英语,1974-04-07(美国),113 分钟,对话,tt0071360,8.1,19297,29.1%,49.4%
1297036,https://movie.douban.com/subject/1297036/,红玫瑰白玫瑰 紅玫瑰白玫瑰,关锦鹏,林奕华 / 张爱玲,陈冲 / 叶玉卿 / 赵文瑄 / 史戈 / 林燕玉 / 更多...,剧情 / 爱情,中国香港 / 中国台湾,汉语普通话 / 粤语 / 上海话,1994-12-10(中国香港),110分钟,红玫瑰与白玫瑰 / Red Rose White Rose,tt0110053,7.7,33704,17.7%,53.5%
1297052,https://movie.douban.com/subject/1297052/,侧耳倾听 耳をすませば (1995),近藤喜文,宫崎骏 / 柊葵,本名阳子 / 小林桂树 / 高山南 / 高桥一生 / 山下容莉枝 / 更多...,剧情 / 爱情 / 动画,日本,日语 / 英语,1995-07-15(日本),111分钟,心之谷(台) / 梦幻街少女(港) / Whisper of the Heart / Mimi wo sumaseba,tt0113824,8.9,523599,56.3%,34.7%
1297068,https://movie.douban.com/subject/1297068/,中南海保镖 中南海保鑣,元奎,陈嘉上 / 陈建忠,李连杰 / 钟丽缇 / 郑则仕 / 邹兆龙 / 梁荣忠 / 更多...,剧情 / 动作,中国香港,粤语,1994-07-28(中国香港),93分钟,The Bodyguard from Beijing / The Defender,tt0111835,7.9,128877,24.9%,46.7%
1297110,https://movie.douban.com/subject/1297110/,睡美人 Sleeping Beauty (1959),克莱德·杰洛尼米,比尔·皮特 / 夏尔·佩罗 / 厄尔德曼·彭纳 / 乔·里纳尔迪 / 温斯顿·希布勒,玛丽·科斯塔 / 比尔·雪利 / 艾莉诺·阿德里 / 薇娜·费尔顿 / 芭芭拉·卢迪 / 更多...,爱情 / 动画 / 歌舞 / 家庭 / 奇幻,美国,英语,1959-01-29(美国),75 分钟,睡公主(港) / La bella durmiente,tt0053285,8.3,54583,32.9%,48.6%
1297102,https://movie.douban.com/subject/1297102/,天生一对 The Parent Trap (1998),南希·迈耶斯,查尔斯·谢尔 / 大卫·斯威夫特 / 埃里希·凯斯特纳 / 南希·迈耶斯,琳赛·洛翰 / 丹尼斯·奎德 / 娜塔莎·理查德森 / 伊莲·亨德里克斯 / 丽萨·安·沃尔特 / 更多...,喜剧 / 爱情 / 家庭 / 儿童,美国,英语 / 法语,1998-07-29(美国),127分钟,亲亲两颗心(港) / 双喜临门 / 爸爸爱妈妈 / 两个小洛特,tt0120783,8.4,215863,36.4%,48.4%
1297131,https://movie.douban.com/subject/1297131/,圣诞夜惊魂 The Nightmare Before Christmas (1993),亨利·塞利克,蒂姆·波顿 / 迈克尔·麦克道尔 / 卡罗琳·汤普森,丹尼·艾夫曼 / 克里斯·萨兰登 / 凯瑟琳·奥哈拉 / 威廉·赫基 / 格伦·沙迪克斯 / 更多...,动画 / 音乐 / 奇幻,美国,英语,1993-10-29(美国),76分钟,怪诞城之夜(港),tt0107688,8.2,121782,35.0%,44.1%
1297188,https://movie.douban.com/subject/1297188/,自由的幻影 Le fantôme de la liberté (1974),路易斯·布努埃尔,路易斯·布努埃尔 / 让-克劳德·卡里埃尔,阿德里娅娜·阿斯蒂 / 朱利安·贝尔托 / 让-克洛德·布里亚利 / 阿道弗·切利 / 保罗·弗朗克尔 / 更多...,剧情 / 喜剧,法国 / 意大利,法语,1974-09-11(法国),104分钟,自由的魅影 / The Phantom of Liberty / The Specter of Freedom,tt0071487,8.5,20472,41.0%,45.5%
1297151,https://movie.douban.com/subject/1297151/,星球大战3：绝地归来 Star Wars: Episode VI - Return of the Jedi (1983),理查德·马昆德,劳伦斯·卡斯丹 / 乔治·卢卡斯,马克·哈米尔 / 哈里森·福特 / 凯丽·费雪 / 比利·迪·威廉姆斯 / 安东尼·丹尼尔斯 / 更多...,动作 / 科幻 / 奇幻 / 冒险,美国,英语 / 基库尤语 / 他加禄语 / 卫拉特语 / 克丘亚语 / 波兰语,1983-05-25(美国),131分钟 / 134分钟(特别版),星球大战第六集：武士复仇 / 星际大战六部曲：绝地大反攻 / 杰迪归来 / 绝地大反击,tt0086190,8.4,108963,39.2%,44.7%
1297192,https://movie.douban.com/subject/1297192/,致命ID Identity (2003),詹姆斯·曼高德,迈克尔·库尼,约翰·库萨克 / 雷·利奥塔 / 阿曼达·皮特 / 约翰·浩克斯 / 阿尔弗雷德·莫里纳 / 更多...,剧情 / 悬疑 / 惊悚,美国,英语,2003-04-25(美国),90分钟,杀人游戏 / 致命身份,tt0309698,8.9,954779,53.2%,38.3%
1297223,https://movie.douban.com/subject/1297223/,鹿鼎记 鹿鼎記 (1992),王晶,王晶,周星驰 / 吴孟达 / 张敏 / 吴君如 / 邱淑贞 / 更多...,喜剧 / 动作 / 武侠 / 古装,中国香港,粤语,2025-12-05(中国大陆) / 1992-07-30(中国香港),110分钟 / 125分钟(台湾),新鹿鼎记(台) / Royal Tramp,tt0104770,8.4,383346,36.3%,46.6%
1297229,https://movie.douban.com/subject/1297229/,亡命天涯 The Fugitive (1993),安德鲁·戴维斯,杰布·斯图尔特 / 大卫·杜西,哈里森·福特 / 汤米·李·琼斯 / 雪拉·渥德 / 朱丽安·摩尔 / 乔·潘托里亚诺 / 更多...,剧情 / 动作 / 悬疑 / 惊悚 / 犯罪,美国,英语 / 波兰语 / 西班牙语,1994-11-12(中国大陆) / 1993-08-06(美国),130 分钟,绝命追杀令(台) / 穷途末路 / 逃亡者,tt0106977,8.1,45732,26.6%,55.2%
1297233,https://movie.douban.com/subject/1297233/,心之全蚀 Total Eclipse (1995),阿格涅丝卡·霍兰,克里斯托弗·汉普顿,莱昂纳多·迪卡普里奥 / 大卫·休里斯 / 罗曼娜·波琳热 / 多米尼克·布隆 / 妮特·克莱因 / 更多...,剧情 / 爱情 / 同性 / 传记,英国 / 法国 / 比利时,英语,1995-11-03(美国),111 分钟,全蚀狂爱(台) / Eclipse totale / Poeti dall'inferno,tt0114702,8.1,93387,30.9%,46.6%
1297203,https://movie.douban.com/subject/1297203/,着魔 Possession (1981),安杰伊·茹瓦夫斯基,安杰伊·茹瓦夫斯基 / 弗雷德里克·塔滕,伊莎贝尔·阿佳妮 / 山姆·尼尔 / 玛吉特·卡斯滕森 / 海因茨·本奈特 / 约翰娜·霍费尔 / 更多...,剧情 / 恐怖,法国 / 西德,英语 / 法语 / 德语,1981-05-25(戛纳电影节),124分钟,魔鬼狂爱(台) / 迷恋,tt0082933,8,73522,33.2%,40.9%
1297239,https://movie.douban.com/subject/1297239/,了不起的盖茨比 The Great Gatsby (1974),杰克·克莱顿,F.斯科特·菲茨杰拉德 / 弗朗西斯·福特·科波拉,罗伯特·雷德福 / 米娅·法罗 / 布鲁斯·邓恩 / 凯伦·布莱克 / 斯科特·威尔森 / 更多...,剧情 / 爱情,美国,英语,1974-03-29,144分钟,大亨小传 / 伟大的盖茨比 / 了不起的盖兹比,tt0071577,8.1,35248,29.1%,50.7%
1297268,https://movie.douban.com/subject/1297268/,秋日奏鸣曲 Höstsonaten (1978),英格玛·伯格曼,英格玛·伯格曼,英格丽·褒曼 / 丽芙·乌曼 / 莱娜·尼曼 / 哈尔瓦德·比约克 / 玛丽安·阿米诺夫 / 更多...,剧情 / 家庭,瑞典 / 西德 / 英国,瑞典语 / 英语,1978-10-08(瑞典),99 分钟 / UK: 92 分钟,秋天奏鸣曲 / 秋光奏鸣曲 / Autumn Sonata,tt0077711,9,52170,60.1%,32.4%
1297248,https://movie.douban.com/subject/1297248/,五亿探长雷洛传1：雷老虎 五億探長雷洛傳：雷老虎 (1991),刘国昌,陈文强,刘德华 / 张敏 / 邱淑贞 / 吴孟达 / 陈惠敏 / 更多...,剧情 / 动作 / 爱情 / 犯罪,中国香港,粤语,1991-09-19(中国香港),127分钟,五亿探长雷洛传(雷老虎) / 五亿探长雷洛传：雷老虎 / 雷洛传I / Lee Rock,tt0103292,7.9,72739,22.8%,51.7%
1297294,https://movie.douban.com/subject/1297294/,迷魂记 Vertigo (1958),阿尔弗雷德·希区柯克,亚历克·科佩尔 / 萨缪尔·A·泰勒 / 皮埃尔·布瓦洛 / 托马 纳尔瑟雅克 / 马克斯韦尔·安德森,詹姆斯·斯图尔特 / 金·诺瓦克 / 芭芭拉·贝尔·戈迪斯 / 汤姆·赫尔莫 / 亨瑞·琼斯 / 更多...,爱情 / 悬疑 / 惊悚,美国,英语,1958-05-09(美国),128 分钟,眩晕 / Alfred Hitchcock's Vertigo,tt0052357,8.7,165335,47.1%,42.4%
1297311,https://movie.douban.com/subject/1297311/,水牛城66 Buffalo '66 (1998),文森特·加洛,文森特·加洛 / 艾莉森·巴格纳尔,文森特·加洛 / 克里斯蒂娜·里奇 / 本·戈扎那 / 米基·洛克 / 罗姗娜·阿奎特 / 更多...,剧情 / 喜剧 / 爱情 / 犯罪,美国 / 加拿大,英语,1998-06-26,110 分钟,流氓本色 / 超级杯复仇计划 / 水牛66,tt0118789,8.4,61001,41.1%,41.6%
1297304,https://movie.douban.com/subject/1297304/,笑傲江湖 (1990),胡金铨 / 徐克 / 李惠民 / 程小东,黄鹰 / 梁耀明 / 戴富浩 / 林纪陶 / 刘大木 / 更多...,许冠杰 / 叶童 / 张学友 / 张敏 / 袁洁莹 / 更多...,动作 / 武侠 / 古装,中国香港 / 中国台湾,粤语,1990-01-27(中国台湾) / 1990-04-05(中国香港),118分钟,Swordsman,tt0100973,8.1,133064,27.8%,49.8%
1297320,https://movie.douban.com/subject/1297320/,艳舞女郎 Showgirls (1995),保罗·范霍文,乔·埃泽特哈斯,伊丽莎白·伯克利 / 凯尔·麦克拉克伦 / 吉娜·格申 / 格伦·普拉默 / 罗伯特·达维,剧情 / 情色,法国 / 美国,英语,1995-09-22,128分钟 / 131分钟(NC-17version),美国舞娘,tt0114436,7.2,15760,15.8%,37.4%
1297368,https://movie.douban.com/subject/1297368/,卓别林 Chaplin (1992),理查德·阿滕伯勒,威廉·博伊德 / 布莱恩·福布斯 / 威廉·戈德曼 / 查理·卓别林,小罗伯特·唐尼 / 杰拉丁·卓别林 / 保罗·瑞斯 / 约翰·肖 / 莫伊拉·凯利 / 更多...,剧情 / 传记,英国 / 美国 / 法国 / 意大利,英语,1992-12-18,143分钟,卓别林传(港) / 卓别林与他的情人(台),tt0103939,8.6,21895,43.3%,43.8%
1297399,https://movie.douban.com/subject/1297399/,怪房客 Le locataire (1976),罗曼·波兰斯基,热拉尔·布拉什 / 罗曼·波兰斯基 / 洛朗·托坡尔,罗曼·波兰斯基 / 伊莎贝尔·阿佳妮 / 茂文·道格拉斯 / 乔·范·弗利特 / 贝尔纳·弗雷松 / 更多...,剧情 / 惊悚,法国,法语 / 英语,1976-05-26(法国),126分钟,The Tenant,tt0074811,7.8,25517,21.9%,51.0%
1297418,https://movie.douban.com/subject/1297418/,麻将 麻將 (1996),杨德昌,杨德昌,柯宇纶 / 张震 / 唐从圣 / 维吉妮·拉朵嫣 / 金燕玲 / 更多...,剧情 / 喜剧,中国台湾,汉语普通话 / 英语 / 法语 / 闽南语,1996-12-07(中国台湾) / 1996-02-19(柏林电影节),121分钟,Mahjong,tt0116962,8.7,70733,45.5%,43.3%
1297447,https://movie.douban.com/subject/1297447/,倩女幽魂 (1987),程小东,阮继志,张国荣 / 王祖贤 / 午马 / 刘兆铭 / 林威 / 更多...,爱情 / 奇幻 / 武侠 / 古装,中国香港,粤语,2011-04-30(中国大陆) / 2025-03-21(中国大陆重映) / 1987-07-18(中国香港),96分钟,倩女幽魂(87版) / 倩女幽魂：妖魔道 / A Chinese Ghost Story,tt0093978,8.8,840140,49.3%,40.9%
1297478,https://movie.douban.com/subject/1297478/,上帝也疯狂 The Gods Must Be Crazy (1980),加美·尤伊斯,加美·尤伊斯,马瑞斯·威尔斯 / Sandra Prinsloo / 历苏 / Louw Verwey / Michael Thys,喜剧,南非 / 博茨瓦纳,英语 / 南非荷兰语 / Ungwatsi,1980-09-10(南非) / 1981-08-21(挪威),109分钟,众神也疯狂 (上) / 上帝一定发疯了 (上) / 绝境求生,tt0080801,8.7,148447,48.0%,38.9%
1297710,https://movie.douban.com/subject/1297710/,天若有情 (1990),陈木胜,阮世生,刘德华 / 吴倩莲 / 吴孟达 / 朱铁和 / 刘江 / 黄光亮 / 林聪,剧情 / 动作 / 爱情,中国香港,粤语,1990-06-14(中国香港),92分钟,追梦人 / 天若有情1 / If Sky Have Love / A Moment of Romance,tt0100777,8.4,139999,38.1%,44.9%
1297735,https://movie.douban.com/subject/1297735/,没有面孔的眼睛 Les yeux sans visage (1960),乔治·弗朗叙,克洛德·索泰 / Jean Redon / Pierre Boileau,皮埃尔·布拉瑟 / 爱迪丝·斯考博 / 阿莉达·瓦利 / 朱丽叶特·麦涅勒 / 亚历山大·里尼奥 / 更多...,剧情 / 恐怖,法国 / 意大利,法语,1960-01-11(法国),91分钟,无脸之眼 / 无脸之眸 / 无颜之眼 / 没脸的眼睛 / Eyes Without a Face,tt0053459,7.5,9074,13.3%,50.3%
1297747,https://movie.douban.com/subject/1297747/,少林足球 (2001),周星驰,周星驰 / 曾瑾昌 / 冯勉恒 / 冯志强 / 卢薇,周星驰 / 赵薇 Wei Zhao / 吴孟达 / 谢贤 / 莫文蔚 / 更多...,喜剧 / 动作 / 运动,中国香港,粤语,2001-07-12(中国香港),113分钟 / 102分钟(香港) / 87分钟(美国),Shaolin Soccer,tt0286112,8.2,468040,34.7%,42.8%
1297756,https://movie.douban.com/subject/1297756/,白雪公主和七个小矮人 Snow White and the Seven Dwarfs (1937),威廉·科特雷尔 / 戴维·汉德 / 威尔弗雷德·杰克逊 / 拉里·莫里 / 佩斯·皮尔斯 / 更多...,雅各布·格林 / 威廉·格林 / 特德·西尔斯 / 理查德·克里登 / 奥托·英格兰德 / 更多...,阿德里亚娜·卡塞洛蒂 / 哈利·斯托克维尔 / 罗伊·阿特威尔 / Stuart Buchanan / 艾迪·柯林斯 / 更多...,爱情 / 动画 / 歌舞 / 奇幻,美国,英语,1937-12-21(美国),83分钟,雪姑七友(港) / 白雪公主,tt0029583,8.4,141693,37.1%,47.9%
1297763,https://movie.douban.com/subject/1297763/,方世玉 (1993),元奎,刘镇伟 / 陈建忠 / 蔡康永,李连杰 / 萧芳芳 / 陈松勇 / 李嘉欣 / 胡慧中 / 更多...,喜剧 / 动作 / 武侠 / 古装,中国香港,粤语,1993-03-04(中国香港),106分钟,功夫皇帝方世玉 / Fong Sai Yuk / The Legend / The Legend of Fong Sai-Yuk,tt0106936,8.1,192408,25.8%,53.7%
1297769,https://movie.douban.com/subject/1297769/,马语者 The Horse Whisperer (1998),罗伯特·雷德福,埃里克·罗思 / 理查德·拉·格拉文斯,罗伯特·雷德福 / 克里斯汀·斯科特·托马斯 / 斯嘉丽·约翰逊 / 山姆·尼尔 / 克里斯·库珀,剧情 / 爱情 / 西部,美国,英语,1998-05-15(美国),169分钟,轻声细语 / 情深说话未曾讲 / 与马说话的人,tt0119314,8.1,23358,28.3%,51.4%
1297785,https://movie.douban.com/subject/1297785/,星球大战前传2：克隆人的进攻 Star Wars: Episode II - Attack of the Clones (2002),乔治·卢卡斯,乔治·卢卡斯 / 乔纳森·黑尔斯,伊万·麦克格雷格 / 娜塔莉·波特曼 / 海登·克里斯滕森 / 克里斯托弗·李 / 塞缪尔·杰克逊 / 更多...,动作 / 科幻 / 冒险,美国,英语,2002-07-12(中国大陆) / 2002-05-16(美国),142分钟 / 120分钟(IMAX版),星球大战第二集：克隆人的进攻 / 星球大战前传II：复制人侵略(港) / 星际大战二部曲：复制人全面进攻(台) / 星战前传之克隆人的进攻 / 复制人的袭击,tt0121765,8.1,114199,30.1%,47.0%
1297862,https://movie.douban.com/subject/1297862/,英雄本色2 (1987),吴宇森,徐克 / 吴宇森,狄龙 / 张国荣 / 周润发 / 石天 / 关山 / 更多...,剧情 / 动作 / 犯罪,中国香港,粤语 / 汉语普通话 / 英语,1987-12-17(中国香港),105分钟 / 142分钟,英雄本色 续集 / 英雄本色II / A Better Tomorrow II / Yinghung bunsik II,tt0094357,8.4,205273,39.4%,45.4%
1297863,https://movie.douban.com/subject/1297863/,武状元苏乞儿 武狀元蘇乞兒 (1992),陈嘉上,陈建忠 / 陈嘉上,周星驰 / 张敏 / 吴孟达 / 徐少强 / 林威 / 更多...,喜剧 / 动作 / 武侠 / 古装,中国香港,粤语,1992-12-17(中国香港),96分钟(台湾) / 101分钟(香港) / 93分钟(英国),King of Beggars,tt0100963,8.2,448082,32.8%,47.0%
1297880,https://movie.douban.com/subject/1297880/,芙蓉镇 (1987),谢晋,阿城 / 谢晋,刘晓庆 / 姜文 / 郑在石 / 张光北 / 徐松子 / 更多...,剧情 / 爱情,中国大陆,汉语普通话,1987-03-05(中国大陆上海首映),164 分钟,Hibiscus Town,tt0087301,9.3,193351,69.6%,26.0%
1297909,https://movie.douban.com/subject/1297909/,A计划 A計劃 (1983),成龙,邓景生 / 成龙,成龙 / 洪金宝 / 元彪 / 黄曼凝 / 狄威 / 更多...,喜剧 / 动作,中国香港,粤语,1983-12-22(中国香港),105分钟 / 115分钟(加长版),Project A,tt0085127,8.2,170519,31.5%,50.2%
1297920,https://movie.douban.com/subject/1297920/,小孩与鹰 Kes (1969),肯·洛奇,巴里·海因斯 / 肯·洛奇 / 托尼·加尼特,大卫·布拉德利 / Freddie Fletcher / 琳内·佩里 / 科林·韦兰 / 布莱恩·格洛弗 / 更多...,剧情 / 儿童,英国,英语,1969-11-19(伦敦电影节) / 1970-04-03(英国),111分钟 / Netherlands: 90 分钟,鹰与男孩(台) / 凯斯 / 小孩与隼,tt0064541,8.6,12928,42.4%,47.5%
1297929,https://movie.douban.com/subject/1297929/,1297929,大卫·芬奇,大卫·吉勒 / 沃尔特·希尔 / 拉里·弗格森 / 丹·欧班农 / 罗纳德·舒塞特 / 文森特·沃德,西格妮·韦弗 / 查尔斯·达顿 / 查尔斯·丹斯 / 保罗·麦甘恩 / 布莱恩·格洛弗 / 拉尔夫·布朗 / 丹尼·韦伯 / 克里斯托弗·约翰·菲尔兹 / 霍特·麦克卡兰尼 / 兰斯·亨利克森 / 克里斯托弗·法里班克,动作 / 科幻 / 恐怖,美国,英语,1992-05-22(美国),114分钟 / 145分钟(2003年特别版),异形Ⅲ / Alien 3,tt0103644,8,137469,15.5%,38.2%
1298040,https://movie.douban.com/subject/1298040/,倩女幽魂3：道道道 倩女幽魂Ⅲ 道道道 (1991),程小东,徐克 / 司徒慧焯,梁朝伟 / 张学友 / 王祖贤 / 利智 / 刘兆铭 / 刘洵 / 刘玉婷 / 黄光亮 / 李子雄,动作 / 爱情 / 奇幻 / 古装,中国香港,粤语,1991-07-18,109分钟,A Chinese Ghost Story III,tt0102932,7.7,120037,21.3%,43.8%
1298043,https://movie.douban.com/subject/1298043/,巴顿·芬克 Barton Fink (1991),乔尔·科恩 / 伊桑·科恩,伊桑·科恩 / 乔尔·科恩,约翰·特托罗 / 约翰·古德曼 / 朱迪·戴维斯 / 迈克尔·勒纳 / 约翰·马奥尼 / 更多...,剧情 / 喜剧 / 惊悚,美国 / 英国,英语,1991-08-21(美国),116分钟,才子梦惊魂(港) / 巴顿芬克,tt0101410,8.1,42338,28.7%,49.5%
1298047,https://movie.douban.com/subject/1298047/,造雨人 The Rainmaker (1997),弗朗西斯·福特·科波拉,弗朗西斯·福特·科波拉 / 约翰·格里森姆 / 迈克尔·海尔,马特·达蒙 / 丹尼·德维托 / 克莱尔·丹尼斯 / 乔恩·沃伊特 / 米基·洛克 / 更多...,剧情 / 惊悚 / 犯罪,美国 / 德国,英语,1997-11-21,135 分钟,播雨者 / John Grisham's The Rainmaker,tt0119978,8.1,19096,26.8%,54.3%
1298120,https://movie.douban.com/subject/1298120/,刀锋战士 Blade (1998),斯蒂芬·诺林顿,大卫·S·高耶,韦斯利·斯奈普斯 / 克里斯·克里斯托弗森 / 恩布希·赖特 / 斯蒂芬·多尔夫 / 多纳尔·罗格 / 乌多·基尔 / 雅丽·乔维尔 / 奇希·劳尔兹 / 凯文·帕特里克·沃尔斯 / 蒂姆·金尼 / 桑娜·莱瑟 / 埃里克·爱德华兹,动作 / 科幻 / 恐怖,美国,英语 / 俄语,1998-08-21(美国),120分钟,幽灵刺客 / 刀锋,tt0120611,7.1,73766,11.7%,39.8%
1298128,https://movie.douban.com/subject/1298128/,西雅图未眠夜 Sleepless in Seattle (1993),诺拉·艾芙隆,诺拉·艾芙隆 / 杰夫·阿奇 / 大卫·S·瓦德,汤姆·汉克斯 / 梅格·瑞恩 / 罗斯·马林格 / 丽塔·威尔逊 / 维克多·加博 / 汤姆·里斯·法雷尔 / 凯莉·洛维 / 比尔·普尔曼 / 勒克朗谢·迪兰德 / 凯文·欧莫里森 / 戴维·海德·皮尔斯 / 瓦莱丽·赖特 / 弗兰西丝·康罗伊 / 汤姆·塔米 / 卡尔文·特里林 / 卡罗琳·阿隆 / 琳达·瓦勒姆 / 拉塔尼娅·理查德森 / 罗茜·欧唐内 / 汤姆·麦高恩 / 史蒂夫·梅勒 / 丹娜·爱薇 / 布莱恩·麦克康纳契 / 罗伯·莱纳 / 盖比·霍夫曼 / 阿曼达·马厄 / 芭芭拉·加里克,剧情 / 喜剧 / 爱情,美国,英语,1993-06-25(美国),105分钟,缘份的天空(港) / 西雅图夜未眠(台) / 西雅图不眠夜,tt0108160,7.9,242289,24.7%,49.4%
1298204,https://movie.douban.com/subject/1298204/,101忠狗 One Hundred and One Dalmatians (1961),克莱德·杰洛尼米 / 汉密尔顿·卢斯科 / 沃夫冈·雷瑟曼,比尔·皮特 / 道迪·史密斯,罗德·泰勒 / 凯特·鲍尔 / 本·怀特 / 丽莎·戴维斯 / 贝蒂·洛乌·格尔森 / 更多...,喜剧 / 动画 / 家庭 / 冒险,美国,英语,1961-01-25(美国),79分钟,101斑点狗 / 忠狗历险记 / 宝贝历险记 / 101 Dalmatians,tt0055254,8.6,71770,42.0%,44.5%
1298248,https://movie.douban.com/subject/1298248/,安德烈·卢布廖夫 Андрей Рублёв (1966),安德烈·塔可夫斯基,安德烈·康查洛夫斯基 / 安德烈·塔可夫斯基,安纳托利·索洛尼岑 / 伊万·拉皮科夫 / 尼古拉·格林科 / 尼古拉·谢尔盖耶夫 / 伊尔玛·拉乌什 / 更多...,剧情 / 传记 / 历史 / 战争,苏联,俄语 / 意大利语 / 鞑靼语,1966-12(苏联部分放映) / 1969-05(戛纳电影节) / 1971-12-24(苏联),183分钟 / 205分钟(加长版),安德鲁卢布列夫(台) / 安德烈·鲁勃廖夫 / 安德烈·卢布耶夫 / 昂德烈柳布烈夫 / Andrey Rublyov / Andrei Rublev,tt0060107,9,23420,60.7%,29.1%
1298252,https://movie.douban.com/subject/1298252/,胜者为王 勝者為王 (2000),刘伟强,文隽 / 秋婷,郑伊健 / 陈小春 / 舒淇 / 黎姿 / 千叶真一 / 更多...,惊悚 / 犯罪,中国香港,粤语 / 汉语普通话 / 英语,2000-07-21,118分钟,古惑仔之胜者为王 / Born To Be King,tt0265739,7.4,63288,18.0%,40.4%
1298308,https://movie.douban.com/subject/1298308/,巴顿将军 Patton (1970),富兰克林·沙夫纳,弗朗西斯·福特·科波拉 / 埃德蒙·H·诺思,乔治·C·斯科特 / 卡尔·莫尔登 / 斯蒂芬·杨 / 迈克尔·斯特朗 / 凯里·洛夫廷,剧情 / 传记 / 战争,美国,英语 / 德语 / 法语 / 俄语 / 阿拉伯语,1970-02-04,172 分钟,铁血将军巴顿 / Patton: A Salute to a Rebel / Patton: Lust for Glory,tt0066206,8.1,39147,28.6%,52.0%
1298320,https://movie.douban.com/subject/1298320/,1298320,凯文·史密斯,凯文·史密斯,布莱恩·奥哈罗兰 / 杰夫·安德森 / 玛丽琳·吉格洛尔蒂 / 杰森·缪斯 / 凯文·史密斯 / 斯科特·摩西尔 / 莉萨·斯普豪尔 / 沃尔特·弗拉纳根 / Pattijean Csik / Donna Jeanne / 加里·斯特恩 / Thomas Burke,喜剧,美国,英语,1994-10-19,92 分钟 / 104分钟(加长版),无事生非 / 便利店凼凼转,tt0109445,8,24404,31.7%,45.6%
1298351,https://movie.douban.com/subject/1298351/,1298351,北野武,北野武,北野武 / 国舞亚矢 / 渡边哲 / 胜村政信 / 寺岛进 / 大杉涟 / 森下能幸 / 津田宽治 / 木下凤华 / 克里斯·布里顿 / 水森高太 / 逗子とんぼ / 矢岛健一,剧情 / 犯罪,日本,日语,1993-09-10(日本),94分钟,小奏鸣曲 / Sonatine,tt0108188,8,33219,36.3%,49.0%
1298412,https://movie.douban.com/subject/1298412/,三十九级台阶 The 39 Steps (1935),阿尔弗雷德·希区柯克,约翰·伯肯 / 查尔斯·贝内特 / 伊恩·海伊,罗伯特·多纳特 / 玛德琳·卡洛 / 露西·曼海姆 / 戈弗雷·特尔 / 佩吉·阿什克罗福特 / 约翰·劳里 / 海伦哈耶 / 怀利·沃森 / 格斯·麦克诺顿 / 查尔斯·贝内特 / 马修·博尔顿 / 阿尔弗雷德·希区柯克 / 迈尔斯·马勒森 / 弗雷德里克·派珀 / 约翰·特恩布尔 / 弗兰克·塞利尔 / 杰里·弗诺 / 佩吉·辛普森 / 艾弗·巴纳德 / Noel Birkin / 卡尔顿·霍布斯 / 维达·霍普 / 伊丽莎白·英格利斯 / 詹姆斯·奈特 / 希尔达·特里维廉 / S.J.沃明顿,悬疑 / 惊悚 / 犯罪,英国,英语,1935-08-01(英国),86 分钟,国防大秘密(港) / 国防大机密(台) / 步步惊心 / 谍网惊魂,tt0026029,7.8,43645,19.8%,50.4%
1298443,https://movie.douban.com/subject/1298443/,黄飞鸿 黃飛鴻 (1991),徐克,徐克 / 阮继志 / 梁耀明 / 邓碧燕,李连杰 / 元彪 / 关之琳 / 张学友 / 郑则仕 / 更多...,剧情 / 动作 / 武侠 / 古装,中国香港,粤语 / 英语 / 汉语普通话,1991-08-15,134分钟 / 95分钟(德国) / 99分钟(美国),黄飞鸿之壮志凌云 / 武状元黄飞鸿 / Once Upon a Time in China / Wong Fei-Hung,tt0103285,8.4,214464,34.5%,51.3%
1298467,https://movie.douban.com/subject/1298467/,红灯停，绿灯行 (1996),黄建新,叶广芩 / 黄建新,牛振华 / 丁嘉丽 / 王刚 / 句号 / 康爱石 / 更多...,喜剧,中国大陆,汉语普通话,1996,105分钟,"打左灯，向右转 / Signal Left, Turn Right",tt0182030,8.3,23233,33.2%,51.5%
1298468,https://movie.douban.com/subject/1298468/,邮差 Il postino,迈克尔·莱德福 / 马西莫·特洛伊西,富里奥·斯卡佩利 / 贾科莫·斯卡尔佩利,菲利普·努瓦雷 / 马西莫·特洛伊西 / 玛丽亚·格拉齐亚·库奇诺塔 / 雷纳托·斯卡帕 / 琳达·莫雷蒂,剧情 / 喜剧 / 爱情 / 传记,意大利 / 法国 / 比利时,意大利语 / 西班牙语,1994-09-01(威尼斯电影节) / 1994-09-22(意大利),108分钟 / 114分钟(加长版),事先张扬的求爱事件 / The Postman,tt0110877,8.8,38241,52.5%,38.3%
1298505,https://movie.douban.com/subject/1298505/,火车怪客 Strangers on a Train (1951),阿尔弗雷德·希区柯克,雷蒙德·钱德勒 / 曾兹·奥蒙德 / 惠特菲尔德·库克 / 帕特里西亚·海史密斯 / 本·赫克特,法利·格兰杰 / 罗伯特·沃克 / 露丝·罗曼 / 里奥.G.卡罗尔 / 帕特里夏·希区柯克 / 更多...,惊悚 / 犯罪 / 黑色电影,美国,英语 / 法语,1951-06-30(美国),101分钟,列车上的陌生人 / 追魂记 / 列车上的生人,tt0044079,8.1,51580,25.3%,55.2%
1298521,https://movie.douban.com/subject/1298521/,正午 High Noon (1952),弗雷德·金尼曼,卡尔·福尔曼,加里·库珀 / 格蕾丝·凯利 / 托马斯·米切尔 / 劳埃德·布里吉斯 / 凯蒂·乔拉杜 / 更多...,剧情 / 西部,美国,英语,1952-07-07(美国),85分钟,日正当中 / 龙城歼霸战(港),tt0044706,8.4,29068,34.5%,50.3%
1298522,https://movie.douban.com/subject/1298522/,小妇人 Little Women,吉莉安·阿姆斯特朗,路易莎·梅·奥尔科特 / 罗宾·史威考德,薇诺娜·瑞德 / 加布里埃尔·伯恩 / 翠尼·阿瓦拉多 / 萨曼莎·玛西丝 / 克尔斯滕·邓斯特 / 更多...,剧情 / 爱情 / 家庭,美国 / 加拿大,英语 / 德语 / 法语,1994-12-21(加拿大) / 1994-12-25(美国),115 分钟,新小妇人,tt0110367,8.5,92989,38.6%,48.8%
1298962,https://movie.douban.com/subject/1298962/,1298962,路易斯·布努埃尔,萨尔瓦多·达利 / 路易斯·布努埃尔,西蒙妮·玛勒伊 / Pierre Batcheff / 路易斯·布努埃尔 / 萨尔瓦多·达利 / 罗贝尔·奥梅,短片 / 奇幻,法国,法语,1929-06-06(法国),16分钟,一条安德鲁犬(港) / 安达鲁之犬(台) / 安达卢西亚之犬 / 一条叫安达鲁的狗 / An Andalusian Dog,tt0020530,8,54883,33.8%,46.4%
1299042,https://movie.douban.com/subject/1299042/,1299042,吴天明,路遥,周里京 / 吴玉芳 / 高保成 / 乔建华 / 李小力 / 贾六 / 高家林 / 于中义 / 田维熙 / 温谦 / 薛白 / 薛建设 / 穆淑兰 / 王兰 / 李金榜 / 张慕芹 / 潘军 / 陈学刚,剧情 / 爱情,中国大陆,汉语普通话,1984,125分钟 / 160分钟(上下集),Life,tt0087992,8,14703,39.7%,46.8%
1299120,https://movie.douban.com/subject/1299120/,A计划续集 A計劃續集 (1987),成龙,成龙 / 邓景生,成龙 / 张曼玉 / 关之琳 / 刘嘉玲 / 林威 / 董骠 / 关海山 / 吕良伟 / 何家劲 / 钟镇涛 / 许冠英 / 陈友 / 卢惠光 / 陈惠敏 / 吕方 / 简慧真 / 林德禄 / 火星 / 李健生 / 林国斌 / 黄新 / 黄曼凝 / 朱铁和 / 刘兆铭 / 韩义生 / 博日达尔·斯米利亚尼奇 / 太保 / 王龙威,喜剧 / 动作 / 犯罪,中国香港,粤语,1987-08-19(中国香港) / 1987-07-25(日本),106分钟 / 101分钟(美国),Project A II / Project A 2,tt0092501,7.9,85174,24.4%,50.3%
1299131,https://movie.douban.com/subject/1299131/,教父2 The Godfather: Part II (1974),弗朗西斯·福特·科波拉,弗朗西斯·福特·科波拉 / 马里奥·普佐,阿尔·帕西诺 / 罗伯特·杜瓦尔 / 黛安·基顿 / 罗伯特·德尼罗 / 约翰·凯泽尔 / 更多...,剧情 / 犯罪,美国,英语 / 意大利语 / 西班牙语 / 拉丁语 / 西西里语,1974-12-12(纽约首映) / 1974-12-20(美国),202分钟,教父续集(港) / 教父II,tt0071562,9.3,642628,69.0%,25.9%
1299153,https://movie.douban.com/subject/1299153/,异形4 Alien: Resurrection (1997),让-皮埃尔·热内,乔斯·韦登 / 丹·欧班农 / 罗纳德·舒塞特,西格妮·韦弗 / 薇诺娜·瑞德 / 多米尼克·皮侬 / 朗·普尔曼 / 加里·杜尔丹 / 更多...,动作 / 科幻 / 恐怖,美国,英语,1997-11-06(巴黎首映) / 1997-11-26(美国),109分钟 / 116分钟(2003年特别版),异形4之逆种(港) / 异形4：浴火重生(台) / 异形4：复活 / 异形复活 / Alien 4,tt0118583,7.7,131236,20.6%,48.2%
1299166,https://movie.douban.com/subject/1299166/,街角的商店 The Shop Around the Corner (1940),恩斯特·刘别谦,山姆森·雷佛森 / Miklós László,玛格里特·苏利文 / 詹姆斯·斯图尔特 / 弗兰克·摩根 / 约瑟夫·希尔德克劳特 / 萨拉·黑登 / 更多...,剧情 / 喜剧 / 爱情,美国,英语,1940-01-10(美国),99分钟,笔友求缘 / 笔友俏冤家 / 街角商店 / 笔友的恋情 / 情侣求缘,tt0033045,8.7,20904,44.4%,45.0%
1299193,https://movie.douban.com/subject/1299193/,理智与情感 Sense and Sensibility (1995),李安,艾玛·汤普森 / 简·奥斯汀,艾玛·汤普森 / 凯特·温斯莱特 / 休·格兰特 / 艾伦·瑞克曼 / 汤姆·威尔金森 / 更多...,剧情 / 爱情,美国 / 英国,英语 / 法语,1995-12-04(加州首映) / 1996-01-26(美国),136分钟,理性与感性,tt0114388,8.4,163088,34.7%,51.5%
1299204,https://movie.douban.com/subject/1299204/,红菱艳 The Red Shoes (1948),迈克尔·鲍威尔 / 埃默里克·普雷斯伯格,迈克尔·鲍威尔 / 埃默里克·普雷斯伯格 / 基思·温特 / 汉斯·克里斯蒂安·安徒生,莫伊拉·希勒 / 安东·沃尔布鲁克 Anton Walbrook / 马留斯·戈尔林,剧情 / 爱情 / 音乐,英国,英语 / 法语 / 俄语,1948-09-06(英国),135分钟,,tt0040725,8.2,13406,32.1%,50.1%
1299243,https://movie.douban.com/subject/1299243/,棋逢敌手 Geri's Game (1997),简·皮克瓦,简·皮克瓦,鲍勃·彼德森,喜剧 / 动画 / 短片,美国,无对白,1997-11-25(美国),5分钟,棋局 / 格里的游戏 / 棋逢对手,tt0131409,8.4,48682,37.0%,46.2%
1299248,https://movie.douban.com/subject/1299248/,镜子 Зеркало (1975),安德烈·塔可夫斯基,亚历山大·米沙林 / 安德烈·塔可夫斯基,玛格丽特·捷列霍娃 / 因诺肯季·斯莫克图诺夫斯基 / 奥列格·扬科夫斯基 / 菲利普·扬科夫斯基 / 伊格纳特·丹尼尔采夫 / 更多...,剧情 / 传记 / 历史 / 战争,苏联,俄语 / 西班牙语,1975-03-07(苏联),108 分钟,写真 / Zerkalo / The Mirror,tt0072443,9,57488,60.9%,29.1%
1299250,https://movie.douban.com/subject/1299250/,给爸爸的信 給爸爸的信 (1995),元奎,王晶 / 绍丽琼,李连杰 / 梅艳芳 / 谢苗 / 于荣光 / 刘松仁 / 更多...,剧情 / 动作 / 犯罪,中国香港 / 中国大陆,粤语 / 汉语普通话,1995-03-02(中国大陆) / 1995-02-18(中国香港),104分钟,赤子威龙 / 父子武状元 / 给爸爸的一封信 / My Father Is A Hero / Letter to Daddy / The Enforcer / Jet Li's The Enforcer / Kap ba ba dik sung,tt0113153,8.1,92509,26.7%,52.5%
1299288,https://movie.douban.com/subject/1299288/,胭脂扣 (1987),关锦鹏,邱刚健 / 李碧华,梅艳芳 / 张国荣 / 万梓良 / 朱宝意 / 温碧霞 / 更多...,剧情 / 爱情 / 奇幻,中国香港,粤语,1987-12-05(中国台湾),96分钟,Rouge,tt0093258,8.5,327773,38.2%,48.7%
1299327,https://movie.douban.com/subject/1299327/,夜访吸血鬼 Interview with the Vampire: The Vampire Chronicles,尼尔·乔丹,安妮·莱斯,布拉德·皮特 / 汤姆·克鲁斯 / 克尔斯滕·邓斯特 / 克里斯蒂安·史莱特 / 坦迪·牛顿 / 更多...,剧情 / 惊悚 / 奇幻,美国,英语,1994-11-11,123分钟,吸血迷情(港),tt0110148,8.3,303637,37.2%,44.3%
1299361,https://movie.douban.com/subject/1299361/,爱·回家 집으로... (2002),李廷香,李廷香,金艺芬 / 俞承豪 / 童孝熙 / 闵京勋 / 任恩敬,剧情 / 家庭,韩国,韩语,2002-04-05(韩国),87分钟,外婆的家 / 回家路上 / 有你真好 / 回家路 / 一屋两婆孙 / The Way Home,tt0312841,9,98246,61.6%,29.4%
1299362,https://movie.douban.com/subject/1299362/,保镖 The Bodyguard (1992),米克·杰克逊,劳伦斯·卡斯丹,凯文·科斯特纳 / 惠特尼·休斯顿 / 加里·凯普 / 比尔·考布斯 / 拉尔夫·韦特 / 更多...,剧情 / 动作 / 爱情 / 惊悚 / 音乐,美国,英语,1992-11-25(美国),129分钟,护花倾情(港) / 终极保镖(台),tt0103855,7.9,86837,23.2%,50.5%
1299374,https://movie.douban.com/subject/1299374/,我左眼见到鬼 我左眼見到鬼 (2002),杜琪峰 / 韦家辉,韦家辉 / 欧健儿 / 游乃海,郑秀文 / 刘青云 / 应采儿 / 李珊珊 / 林雪 / 更多...,喜剧 / 爱情 / 恐怖 / 家庭,中国香港,粤语,2002-07-13,98分钟,My Left Eye Sees Ghosts,tt0319901,7.8,109597,25.9%,41.5%
1299383,https://movie.douban.com/subject/1299383/,最后的武士 The Last Samurai (2003),爱德华·兹威克,约翰·洛根 / 爱德华·兹威克 / 马歇尔·赫斯科维兹,汤姆·克鲁斯 / 渡边谦 / 威廉·阿瑟东 / 查德·林德伯格 / 比利·康诺利 / 更多...,剧情 / 动作 / 战争 / 冒险,美国 / 新西兰 / 日本,英语 / 日语,2003-12-05,154 分钟,最后武士(港) / 末代武士(台) / The Last Samurai: Bushidou,tt0325710,7.9,85967,26.7%,46.2%
1299398,https://movie.douban.com/subject/1299398/,大话西游之月光宝盒 西遊記第壹佰零壹回之月光寶盒 (1995),刘镇伟,刘镇伟 / 吴承恩,周星驰 / 吴孟达 / 罗家英 / 蓝洁瑛 / 莫文蔚 / 更多...,喜剧 / 爱情 / 奇幻 / 古装,中国香港 / 中国大陆,粤语 / 汉语普通话,2014-10-24(中国大陆) / 1995-01-21(中国香港),88分钟,西游记101回月光宝盒 / 齐天大圣东游记 / 大话东游之一 / A Chinese Odyssey Part One - Pandora's Box,tt0112778,9,1369346,60.5%,31.2%
1299436,https://movie.douban.com/subject/1299436/,风柜来的人 風櫃來的人 (1983),侯孝贤,朱天文,钮承泽 / 张世 / 庹宗华 / 林秀玲 / 杨丽音 / 更多...,剧情,中国台湾,汉语普通话 / 闽南语,1983-11-19(中国台湾) / 1990-07-21(日本),100分钟,The Boys From Fengkuei / All the Youthful Days,tt0085533,8.4,64134,35.2%,52.2%
1299441,https://movie.douban.com/subject/1299441/,1299441,李国立,贾鸿源 / 吴静雯,潘虹 / 刘青云 / 王汝刚 / 王华英 / 郭锦恩,剧情 / 喜剧,中国大陆 / 中国香港,粤语 / 汉语普通话 / 上海话,1994-05-13(中国大陆),98分钟,Shanghai Fever,tt0109946,8,18669,24.3%,49.5%
1299586,https://movie.douban.com/subject/1299586/,1299586,约翰·卡朋特,约翰·卡朋特 / 黛布拉·希尔,唐纳德·普利森斯 / 杰米·李·柯蒂斯 / 南希·凯斯 / P·J·索尔丝 / 查尔斯·赛福斯 / 凯尔·理查兹 / Brian Andrews / John Michael Graham / 南希·斯蒂芬斯 / 阿瑟·马利特 / Mickey Yablans / Brent Le Page / Adam Hollander / Robert Phalen / 托尼·莫兰 / Will Sandin / 桑迪·约翰逊 / 大卫·凯尔 / Peter Griffith / 尼克·卡斯特尔,惊悚 / 恐怖,美国,英语,1978-10-25(加拿大) / 1978-10-27(美国),91分钟,万圣节 / 抓鬼节 / John Carpenter's Halloween,tt0077651,8,24667,11.5%,30.4%
1299658,https://movie.douban.com/subject/1299658/,龙虎风云 龍虎風雲 (1987),林岭东,林岭东 / 沈西城,周润发 / 李修贤 / 孙越 / 吴家丽 / 张耀扬 / 徐锦江,剧情 / 动作 / 惊悚 / 犯罪,中国香港,粤语 / 汉语普通话 / 英语,1987-02-13(中国香港),105分钟,City on Fire,tt0093435,7.7,23401,18.4%,50.3%
1299667,https://movie.douban.com/subject/1299667/,驱魔警察 驅魔警察 (1990),董玮,曾瑾昌 / 沈治樑,林正英 / 苗侨伟 / 林俊贤 / 王美华 / 西协美智子 / 更多...,喜剧 / 动作 / 奇幻,中国香港,粤语,1990-11-02(中国香港),87 分钟,僵尸先生5 / 驱魔探长 / Magic Cop / Mr Vampire 5,tt0098150,7.9,39092,25.0%,46.7%
1299680,https://movie.douban.com/subject/1299680/,整蛊专家 整蠱專家 (1991),王晶,王晶,刘德华 / 周星驰 / 关之琳 / 邱淑贞 / 吴孟达 / 更多...,喜剧 / 爱情,中国香港,粤语,1991-02-02(中国香港),108分钟,求爱总动员 / 整人专家 / Tricky Brains / The Ultimate Trickster,tt0103328,8,331334,28.9%,45.5%
1299745,https://movie.douban.com/subject/1299745/,1299745,李力持,谷德昭,周星驰 / 吴孟达 / 钟丽缇 / 林国斌 / 李力持 / 古巨基 / 郑祖 / 黄一山 / 黄一飞 / 林雪 / 张学友 / 梁荣忠 / 谷德昭 / 黎彼得 / 秦沛 / 郑家生 / 周比利,喜剧 / 动作,中国香港,粤语,1994-02-03(中国香港),100分钟 / 97分钟(蓝光修复版),古拳决战空手道 / Love on Delivery,tt0110852,8,207368,27.7%,44.3%
1299767,https://movie.douban.com/subject/1299767/,鬼作秀2 Creepshow 2 (1987),迈克尔·高尼克,乔治·A·罗梅罗 / 露西尔·弗莱彻 / 斯蒂芬·金,汤姆·萨维尼 / 乔治·肯尼迪 / 多萝西·拉莫尔 / 霍特·麦克卡兰尼 / 迪恩·史密斯,恐怖 / 奇幻,美国,英语,1987-05-01(美国),92 分钟 / UK: 85 分钟(UK video version),午夜鬼出笼 / 恐怖的故事,tt0092796,7.4,7180,18.0%,39.8%
1299769,https://movie.douban.com/subject/1299769/,第六感生死缘 Meet Joe Black (1998),马丁·布莱斯特,Ron Osborn / Jeff Reno / 凯文·韦德 / 博·古德曼 / Alberto Casella / 更多...,布拉德·皮特 / 安东尼·霍普金斯 / 克莱尔·弗兰妮 / 杰克·韦伯 / 马西娅·盖伊·哈登 / 更多...,爱情 / 奇幻,美国,英语 / 荷兰语,1998-11-13(美国),178分钟,情约今生(港) / 第六感生死恋 / 遇见死神,tt0119643,8,124518,30.2%,44.7%
1299782,https://movie.douban.com/subject/1299782/,非常突然 (1998),游达志,司徒锦源 / 游乃海 / 周燕娴,任达华 / 刘青云 / 蒙嘉慧 / 黄卓玲 / 许绍雄 / 更多...,剧情 / 犯罪,中国香港,粤语,1998-05-28(中国香港),90分钟,重案组之非常任务 / Expect The Unexpected,tt0159432,8,51672,24.9%,52.1%
1299799,https://movie.douban.com/subject/1299799/,赌城风云 Casino (1995),马丁·斯科塞斯,尼古拉斯·派勒吉 / 马丁·斯科塞斯,罗伯特·德尼罗 / 莎朗·斯通 / 乔·佩西 / 詹姆斯·伍兹 / 唐·里克斯 / 更多...,剧情 / 传记 / 犯罪,美国 / 法国,英语 / 法语,1995-11-22,178 分钟,赌国风云(台) / 赌场,tt0112641,8.3,58081,33.8%,50.1%
1299800,https://movie.douban.com/subject/1299800/,大力士 Hercules (1997),约翰·马斯克 / 罗恩·克莱蒙兹,约翰·马斯克 / 罗恩·克莱蒙兹,泰特·多诺万 / 乔什·基顿 / 罗杰·巴特,喜剧 / 爱情 / 动画 / 歌舞 / 奇幻 / 冒险,美国,英语 / 西班牙语 / 希腊语,1997-07-10,93 分钟,海格力斯 / 赫拉克勒斯 / 大力神,tt0119282,7.9,13258,25.4%,46.8%
1299837,https://movie.douban.com/subject/1299837/,虎胆龙威3 Die Hard: With a Vengeance (1995),约翰·麦克蒂尔南,乔纳森·汉斯雷 / 罗德里戈·索普,布鲁斯·威利斯 / 杰瑞米·艾恩斯 / 塞缪尔·杰克逊 / 格雷厄姆·格林 / 考林·加普 / 更多...,动作 / 惊悚 / 冒险,美国,英语 / 德语 / 罗马尼亚语,1995-05-19,128分钟,终极警探3(台) / 纽约大劫案,tt0112864,7.9,61035,21.7%,54.1%
1299858,https://movie.douban.com/subject/1299858/,龙兄虎弟 龍兄虎弟 (1986),成龙 / 曾志伟,黄炳耀 / 邓景生 / 司徒卓汉 / 约翰·谢泼德 / 成龙,成龙 / 谭咏麟 / 劳拉·福纳 / 关之琳 / 肯·博伊尔 / 更多...,喜剧 / 动作 / 冒险,中国香港,粤语 / 英语,1987-01-21(中国香港) / 1986-08-16(日本),98分钟,上帝武装 / Armour of God,tt0091431,7.6,40165,19.5%,43.3%
1300056,https://movie.douban.com/subject/1300056/,四百击 Les quatre cents coups (1959),弗朗索瓦·特吕弗,弗朗索瓦·特吕弗 / 马塞尔·穆西,让-皮埃尔·利奥德 / 克莱尔·莫里耶 / 阿尔贝·雷米 / 盖·德孔布勒 / 乔治·弗拉芒 / 更多...,剧情 / 犯罪,法国,法语 / 英语,1959-05-04(戛纳电影节) / 1959-06-03(法国),99分钟,四百下 / 胡作非为 / The 400 Blows,tt0053198,8.9,145650,53.0%,38.6%
1300064,https://movie.douban.com/subject/1300064/,家有喜事 家有囍事 (1992),高志森,谷德昭 / 蔡婷婷 / 张肇麟 / 杨振耀,张国荣 / 周星驰 / 张曼玉 / 吴君如 / 黄百鸣 / 更多...,剧情 / 喜剧 / 爱情 / 家庭,中国香港,粤语,1992-01-25(中国香港),100分钟 / 106分钟(修复加长版),"All's Well, Ends Well / Family Happiness",tt0104553,8.5,324699,41.3%,43.3%
1300069,https://movie.douban.com/subject/1300069/,偷天陷阱 Entrapment (1999),乔恩·阿米尔,小威廉·保尔斯 / 罗纳德·巴斯,肖恩·康纳利 / 凯瑟琳·泽塔-琼斯 / 文·瑞姆斯 / 威尔·帕顿 / 莫里·柴金,动作 / 爱情 / 惊悚 / 犯罪,美国 / 英国 / 德国,英语 / 汉语普通话,1999-04-30,113 分钟,将计就计,tt0137494,7.8,111472,20.0%,53.3%
1300075,https://movie.douban.com/subject/1300075/,小姐与流浪汉 Lady and the Tramp (1955),克莱德·杰洛尼米 / 汉密尔顿·卢斯科 / 威尔弗雷德·杰克逊,沃德·格林 / 厄尔德曼·彭纳 / 乔·里纳尔迪 / 拉尔夫·赖特 / 多恩·达格雷迪,芭芭拉·卢迪 / 拉里·罗伯茨 / 派姬·李 / 李·米勒 / 比尔·汤普森 / 更多...,喜剧 / 爱情 / 动画 / 冒险,美国,英语,1955-06-16(芝加哥首映) / 1955-06-22(美国),76分钟,小姐与流氓,tt0048280,8.6,34508,43.1%,44.5%
1300077,https://movie.douban.com/subject/1300077/,鬼娃回魂 Child's Play (1988),汤姆·霍兰德,唐·曼西尼 / 约翰·拉菲亚 / 汤姆·霍兰德,凯瑟琳·海克丝 / 克里斯·萨兰登 / 艾力克斯·文森特 / 布拉德·道里夫 / 黛娜·马诺夫 / 更多...,惊悚 / 恐怖,美国,英语,1988-11-09(美国),87分钟,鬼娃回魂1 / 灵异入侵 / 恶灵入侵少年兵团,tt0094862,7,21446,12.7%,34.1%
1300080,https://movie.douban.com/subject/1300080/,鸡同鸭讲 雞同鴨講 (1988),高志森,高志森 / 许冠文 / 马伟豪 / 阮世生,许冠文 / 许冠英 / 张艾嘉 / 卢冠廷 / 吴启华 / 更多...,喜剧,中国香港,粤语 / 汉语普通话,1988-07-14,98分钟,Chicken and Duck Talk,tt0095396,7.9,22396,22.9%,50.7%
1300085,https://movie.douban.com/subject/1300085/,尸家重地 屍家重地 (1990),刘镇伟,刘镇伟,吴君如 / 陈淑兰 / 叶子楣 / 卢冠廷 / 元奎 / 更多...,喜剧 / 恐怖,中国香港,粤语,1990-08-11,92分钟,Mortuary Blues,tt0100598,7.2,19969,16.4%,35.4%
1300108,https://movie.douban.com/subject/1300108/,秋菊打官司 (1992),张艺谋,陈源斌 / 刘恒,巩俐 / 刘佩琦 / 雷恪生 / 戈治均 / 杨柳春 / 更多...,剧情,中国大陆 / 中国香港,陕西话 / 汉语普通话,1992-08-31(中国大陆) / 1992-09-07(威尼斯电影节),100分钟,The Story of Qiu-Ju / Qiu Ju Goes to Court,tt0105197,8.3,120123,30.1%,53.6%
1300117,https://movie.douban.com/subject/1300117/,千钧一发 Gattaca (1997),安德鲁·尼科尔,安德鲁·尼科尔,伊桑·霍克 / 乌玛·瑟曼 / 裘德·洛 / 艾伦·阿金 / 戈尔·维达尔 / 更多...,剧情 / 科幻 / 惊悚,美国,英语 / 世界语,1997-10-24(美国),106分钟,变种异煞(港) / 自然人 / 戛塔卡 / 伽蒂卡 / 太空梦 / 基因代码,tt0119177,8.8,355058,51.7%,39.3%
1300161,https://movie.douban.com/subject/1300161/,情迷六月花 Henry & June (1990),菲利普·考夫曼,菲利普·考夫曼 / 罗丝·考夫曼 / 阿娜伊斯·宁,弗莱德·沃德 / 乌玛·瑟曼 / 玛丽亚·德·梅黛洛 / 理查德·E·格兰特 / 凯文·史派西 / 更多...,剧情 / 情色 / 传记,美国,英语,1990-09-28(瑞典) / 1990-10-05(美国),136分钟,亨利和琼 / 第三情,tt0099762,7.5,29298,19.2%,43.8%
1300186,https://movie.douban.com/subject/1300186/,春逝 봄날은 간다 (2001),许秦豪,许秦豪,李英爱 / 刘智泰 / 李文植 / 朴仁焕 / 白钟学,剧情 / 爱情,韩国 / 日本 / 中国香港,韩语,2001-09-28(韩国),115分钟,One Fine Spring Day / 春の日は過ぎゆく,tt0295192,7.9,26979,25.0%,47.5%
1300202,https://movie.douban.com/subject/1300202/,八两金 八両金 (1989),张婉婷,罗启锐 / 张婉婷,洪金宝 / 张艾嘉 / 谢伟雄 / 顾辉,剧情 / 喜剧 / 爱情,中国香港,粤语 / 汉语普通话,1989-12-21,100分钟(美国) / 104分钟(英国),衣锦还乡 / Eight Taels of Gold,tt0099079,8.4,29202,35.8%,48.6%
1300265,https://movie.douban.com/subject/1300265/,六指琴魔,吴勉勤,李敏才 / 李炯楷,林青霞 / 元彪 / 刘嘉玲 / 林威 / 午马 / 更多...,动作 / 武侠 / 古装,中国香港 / 中国大陆,粤语 / 汉语普通话,1994-01-08(中国香港),91分钟,Deadful Melody,tt0107428,7.3,68207,13.5%,41.6%
1300266,https://movie.douban.com/subject/1300266/,阳光下的罪恶 Evil Under the Sun (1982),盖伊·汉弥尔顿,安东尼·沙弗尼 / 阿加莎·克里斯蒂 / 巴里·桑德勒,彼得·乌斯蒂诺夫 / 玛吉·史密斯 / 科林·布莱克利 / 黛安娜·里格 / 丹尼斯·奎利 / 更多...,悬疑 / 犯罪,英国,英语 / 法语 / 德语,1982-02-12,117 分钟,艳阳下的谋杀案 / 午日奇尸,tt0083908,8.3,66271,32.0%,53.6%
1300267,https://movie.douban.com/subject/1300267/,乱世佳人 Gone with the Wind (1939),维克多·弗莱明 / 乔治·库克 / 山姆·伍德,玛格丽特·米切尔 / 西德尼·霍华德 / 奥利弗·H·P·加勒特 / 本·赫克特 / 乔·斯沃林 / 更多...,费雯·丽 / 克拉克·盖博 / 奥利维娅·德哈维兰 / 托马斯·米切尔 / 芭芭拉·欧内尔 / 更多...,剧情 / 爱情 / 历史 / 战争,美国,英语,1939-12-15(美国),233分钟,飘,tt0031381,9.3,798077,70.9%,24.4%
1300275,https://movie.douban.com/subject/1300275/,大开眼戒 Eyes Wide Shut (1999),斯坦利·库布里克,斯坦利·库布里克 / 弗雷德里克·拉菲尔,汤姆·克鲁斯 / 妮可·基德曼 / 麦迪逊·埃金顿 / 杰基·萨维里斯 / 西德尼·波拉克 / 更多...,剧情 / 悬疑 / 惊悚 / 情色,英国 / 美国,英语,1999-07-16(美国) / 1999-09-10(英国),159 分钟,紧闭双眼 / 睁大双眼 / 大开眼界,tt0120663,8.1,208301,31.9%,45.5%
1300282,https://movie.douban.com/subject/1300282/,异次元骇客 The Thirteenth Floor (1999),约瑟夫·鲁斯纳克,约瑟夫·鲁斯纳克 / 拉威尔·森特諾-罗德里格斯,克雷格·比尔克 / 阿明·缪勒-斯塔尔 / 格瑞辰·摩尔 / 文森特·多诺费奥 / 丹尼斯·海斯伯特 / 更多...,科幻 / 悬疑 / 惊悚,美国 / 德国,英语,1999-05-28(美国),100分钟,十三度凶间 / 十三度凶兆 / 13阶梯 / 十三层楼 / 第十三层 / The 13th Floor,tt0139809,8.4,127669,36.9%,48.4%
1300285,https://movie.douban.com/subject/1300285/,别假正经 Stop Making Sense (1984),乔纳森·戴米,乔纳森·戴米 / 大卫·伯恩,大卫·伯恩 / 伯尔尼·沃雷尔 / 蒂娜·威茅斯 / 杰里·哈里森 / 克里斯·弗兰兹 / 更多...,纪录片 / 音乐,美国,英语,1984-04-24(旧金山国际电影节) / 1984-10-18(美国) / 2023-09-22(美国重映),88 分钟,Stop Making Sense 2023 / 造反有理,tt0088178,9.4,3875,76.4%,19.9%
1300298,https://movie.douban.com/subject/1300298/,每个孩子 Every Child (1979),尤金·法德仁科,伯纳德·卡里兹 / 德里克·兰姆 / Raymond Pollender,伯纳德·卡里兹 / Sophie Cowling / Raymond Pollender,喜剧 / 动画 / 短片 / 家庭,加拿大,英语 / 法语,2024-01-01,6分15秒,弃婴 / Chaque enfant,tt0079126,8.3,15527,33.1%,49.3%
1300299,https://movie.douban.com/subject/1300299/,杀人回忆 살인의 추억 (2003),奉俊昊,奉俊昊 / 沈成宝 / 金光林,宋康昊 / 金相庆 / 金雷夏 / 宋在浩 / 边希峰 / 更多...,剧情 / 动作 / 悬疑 / 惊悚 / 犯罪,韩国,韩语 / 英语,2003-05-02(韩国),132分钟,谋杀回忆 / 杀手回忆录 / Salinui chueok / Memories of Murder,tt0353969,8.9,842045,55.0%,36.8%
1300300,https://movie.douban.com/subject/1300300/,死神来了 Final Destination (2000),黄毅瑜,格伦·摩根 / 黄毅瑜 / 杰弗里·雷迪克,戴文·萨瓦 / 艾丽·拉特 / 科尔·史密斯 / 克里斯汀·克洛克 / 丹尼尔·洛巴克 / 更多...,惊悚 / 恐怖,美国 / 加拿大,英语 / 法语,2000-03-17(美国),98 分钟,绝命终结站(台) / 终点,tt0195714,7.9,389982,24.3%,49.6%
1300303,https://movie.douban.com/subject/1300303/,我是谁 我是誰 (1998),陈木胜 / 成龙,成龙 / 陈淑贤 / 李·雷诺兹,成龙 / 法拉美穗 / 山本未来 / 罗恩·斯梅尔扎克 / 艾德·尼尔森 / 更多...,喜剧 / 动作 / 科幻 / 冒险,中国香港,英语 / 粤语 / 荷兰语,1998-01-17(中国香港),120分钟 / 108分钟(美国),Who Am I?,tt0127357,7.9,178457,23.2%,48.8%
1300334,https://movie.douban.com/subject/1300334/,熊的故事 L'ours (1988),让-雅克·阿诺,詹姆斯·奥利弗·柯尔伍德 / 热拉尔·布拉什,巴特熊 / 约克熊 / 切基·卡尤 / 杰克·华莱士 / 安德烈·拉孔布,剧情,法国 / 美国,英语 / 法语,1988-10-19(法国),97分钟,熊 / 子熊故事 / The Bear,tt0095800,9,32222,60.3%,31.4%
1300352,https://movie.douban.com/subject/1300352/,七次机会 Seven Chances (1925),巴斯特·基顿,罗伊·库珀·梅格鲁 / 克莱德·布鲁克曼 / 让·C·阿韦 / Joseph A. Mitchell,巴斯特·基顿 / T.罗伊·巴尔内斯 / 辛兹·爱德华 / 露丝·德怀尔 / 弗朗西丝·雷蒙德 / 更多...,喜剧 / 爱情,美国,英语,1925-03-11,56分钟,七个机会(港) / 七个偶然,tt0016332,8.9,17967,53.5%,39.0%
1300353,https://movie.douban.com/subject/1300353/,巴黎最后的探戈 Ultimo tango a Parigi (1972),贝纳尔多·贝托鲁奇,阿涅斯·瓦尔达 / 贝纳尔多·贝托鲁奇 / 弗兰科·奥卡利,马龙·白兰度 / 玛丽亚·施奈德 / 让-皮埃尔·利奥德 / 马西莫·吉洛蒂 / 玛丽亚·米琪,剧情 / 爱情 / 情色,意大利 / 法国,英语 / 法语,1972-10-14(美国),136 分钟 / Australia: 129 分钟 / USA: 127 分钟(R-rated version) / USA: 129 分钟(NC-17 version) / Italy: 250 分钟(original cut) / Spain: 124 分钟(DVD edition) / Norway: 129 分钟,巴黎最后探戈 / Last Tango in Paris / Le dernier Tango à Paris,tt0070849,7,41379,14.7%,37.5%
1300361,https://movie.douban.com/subject/1300361/,第一滴血2 Rambo: First Blood Part II (1985),乔治·P·科斯马图斯,西尔维斯特·史泰龙 / 詹姆斯·卡梅隆 / Kevin Jarre / 大卫·莫瑞尔 / George Cheung,西尔维斯特·史泰龙 / 理查德·克里纳 / 史蒂文·伯克夫 / 查尔斯·纳佩尔 / 朱莉娅·尼克森 / 更多...,动作 / 惊悚 / 冒险,美国,英语 / 越南语,1985-05-22(美国),96 分钟,兰博2,tt0089880,7.8,57129,22.7%,49.3%
1300374,https://movie.douban.com/subject/1300374/,绿里奇迹 The Green Mile (1999),弗兰克·德拉邦特,弗兰克·德拉邦特,汤姆·汉克斯 / 大卫·摩斯 / 迈克·克拉克·邓肯 / 邦妮·亨特 / 詹姆斯·克伦威尔 / 更多...,剧情 / 悬疑 / 犯罪 / 奇幻,美国,英语 / 法语,1999-12-10(美国),189 分钟,绿色奇迹(台) / 绿色英里 / 绿里 / 绿地,tt0120689,8.9,391532,56.6%,34.0%
1300377,https://movie.douban.com/subject/1300377/,群尸玩过界 Braindead (1992),彼得·杰克逊,斯蒂芬·辛克莱 / 彼得·杰克逊,蒂莫西·贝尔米 / 黛安娜·培耶 / 伊丽莎白·穆迪,喜剧 / 恐怖,新西兰,英语 / 西班牙语,1992-08-13,104 分钟 / South Korea: 85 分钟(heavily cut) / Germany: 94 分钟 / USA: 85 分钟(R-rated version),新空房禁地 / Dead Alive,tt0103873,7.8,46607,27.2%,41.2%
1300392,https://movie.douban.com/subject/1300392/,德州电锯杀人狂 The Texas Chain Saw Massacre (1974),托比·霍珀,托比·霍珀,贡纳·汉森 / 玛丽莲·伯恩斯 / 阿伦·丹齐格 / 保罗·A·普泰 / 威廉·韦尔 / 更多...,惊悚 / 恐怖,美国,英语,1974-10-01,83 分钟 / Germany: 75 分钟(new longer Version),德州链锯杀人狂 / 德州电锯大屠杀 / 惨无人道(港),tt0072271,7.2,34305,15.9%,38.4%
1300395,https://movie.douban.com/subject/1300395/,父与女 Father and Daughter (2001),迈克尔·度德威特,迈克尔·度德威特,未知,剧情 / 动画 / 短片,英国 / 比利时 / 荷兰,无对白,2001-05-27,8分09秒,岸辺のふたり,tt0279079,9.1,89361,64.2%,28.6%
1300498,https://movie.douban.com/subject/1300498/,百变星君 百變星君 (1995),叶伟民,叶伟民,周星驰 / 吴孟达 / 梁咏琪 / 孙佳君 / 徐锦江 / 更多...,喜剧 / 科幻 / 奇幻,中国香港,粤语 / 汉语普通话 / 英语,1995-08-19(中国香港),90分钟,百变金刚 / Sixty Million Dollar Man,tt0112446,7.9,343010,26.9%,44.6%
1300505,https://movie.douban.com/subject/1300505/,鹬蚌相争 (1984),胡进庆,顾汉昌 / 墨犊,陆汝浩,动画 / 短片,中国大陆,汉语普通话,1984-02(西德),10分钟,Snipe -Clam Grapple,tt0135066,8.2,22018,32.9%,46.1%
1300528,https://movie.douban.com/subject/1300528/,男孩别哭 Boys Don't Cry (1999),金伯莉·皮尔斯,金伯莉·皮尔斯 / 安迪·贝尼,希拉里·斯万克 / 科洛·塞维尼 / 彼得·萨斯加德 / 布兰登·萨克斯顿 / 艾丽西亚·格兰逊 / 更多...,剧情 / 同性 / 传记 / 犯罪,美国,英语,1999-09-02(威尼斯电影节) / 2000-03-31(美国),118分钟,没哭声的抉择(港) / 男孩不哭,tt0171804,8.2,46596,29.5%,50.7%
1300537,https://movie.douban.com/subject/1300537/,虎胆龙威2 Die Hard 2 (1990),雷尼·哈林,Doug Richardson / 斯蒂芬·E.德·索萨 / 沃尔特·韦杰,布鲁斯·威利斯 / 邦妮·比蒂丽娅 / 威廉·阿瑟东 / 雷金纳德·维尔约翰逊 / 弗兰科·内罗,动作 / 惊悚 / 犯罪,美国,英语 / 西班牙语,1990-07-04(美国),124 分钟,终极警探2(台) / 终极警探续集 / Die Hard 2: Die Harder / 58 minutes pour vivre,tt0099423,7.8,55664,19.9%,53.8%
1300555,https://movie.douban.com/subject/1300555/,回到未来 Back to the Future (1985),罗伯特·泽米吉斯,罗伯特·泽米吉斯 / 鲍勃·盖尔,迈克尔·J·福克斯 / 克里斯托弗·洛伊德 / 莉·汤普森 / 克里斯平·格洛弗 / 托马斯·F·威尔森 / 更多...,喜剧 / 科幻 / 冒险,美国,英语,1985-07-03(美国),116分钟,回到未来第一集,tt0088763,8.8,252642,49.7%,40.8%
1300566,https://movie.douban.com/subject/1300566/,赌侠 賭俠 (1990),王晶,王晶,刘德华 / 周星驰 / 向华强 / 张敏 / 吴孟达 / 更多...,剧情 / 喜剧,中国香港,粤语,1990-12-13(中国香港),104分钟 / 120 分钟(台湾),God of Gamblers II,tt0101763,7.9,238030,26.1%,47.0%
1300572,https://movie.douban.com/subject/1300572/,童年往事 (1985),侯孝贤,朱天文 / 侯孝贤,游安顺 / 田丰 / 梅芳 / 唐如韫 / 萧艾 / 更多...,剧情 / 家庭 / 传记,中国台湾,汉语普通话 / 闽南语 / 客家话,1985-08-03(中国台湾),137分钟,The Time to Live and the Time to Die / A Time to Live and a Time to Die / 生死同代,tt0090185,8.9,81637,53.6%,37.5%
1300575,https://movie.douban.com/subject/1300575/,岁月风云之上海皇帝 歲月風雲之上海皇帝 (1993),潘文杰,麦当雄 / 萧若元,吕良伟 / 郑则仕 / 徐锦江 / 刘嘉玲 / 叶童,剧情 / 悬疑 / 犯罪,中国香港,粤语,1993-01-22(中国香港),150 分钟 / Hong Kong: 148 分钟,Lord of East China Sea,tt0105381,8,22950,24.8%,51.9%
1300605,https://movie.douban.com/subject/1300605/,烈火情人 Damage (1992),路易·马勒,戴维·黑尔 / 约瑟芬·哈特,杰瑞米·艾恩斯 / 朱丽叶·比诺什 / 米兰达·理查森 / 鲁珀特·格雷夫斯 / 伊安·邦纳 / 更多...,剧情 / 爱情 / 情色,英国 / 法国,英语 / 法语 / 德语 / 意大利语,1992-12-02,111 分钟,爱情重伤 / 毁灭 / 命中注定 / Fatale,tt0104237,7.3,46111,15.1%,40.2%
1300613,https://movie.douban.com/subject/1300613/,土拨鼠之日 Groundhog Day (1993),哈罗德·雷米斯,哈罗德·雷米斯 / 丹尼·鲁宾,比尔·默瑞 / 安迪·麦克道尔 / 克里斯·艾略特 / 斯蒂芬·托布罗斯基 / 布莱恩·道尔 / 更多...,剧情 / 喜剧 / 爱情 / 奇幻,美国,英语 / 法语 / 意大利语,1993-02-12(美国),101分钟,今天暂时停止(台) / 偷天情缘 / 土拨鼠日 / 圣烛节 / 二月二日圣烛节,tt0107048,8.6,258014,42.5%,45.4%
1300616,https://movie.douban.com/subject/1300616/,买凶拍人 買兇拍人 (2001),彭浩翔,彭浩翔 / 谷德昭,葛民辉 / 张达明 / 詹瑞文 / 樋口明日嘉 / 陈惠敏 / 更多...,喜剧 / 动作 / 犯罪,中国香港,粤语 / 法语 / 日语,2001-08-16(中国香港),99分钟,"You Shoot, I Shoot",tt0312932,8.2,157864,33.4%,47.2%
1300618,https://movie.douban.com/subject/1300618/,空中监狱 Con Air (1997),西蒙·韦斯特,斯科特·罗森伯格,尼古拉斯·凯奇 / 约翰·库萨克 / 约翰·马尔科维奇 / 文·瑞姆斯 / 科尔姆·米尼 / 更多...,剧情 / 动作 / 惊悚 / 犯罪,美国,英语,1997-06-06(美国),115分钟 / 123 分钟(加长版),惊天动地(港) / 空中囚犯 / 罪犯的空中之旅,tt0118880,8.2,197383,29.6%,51.8%
1300656,https://movie.douban.com/subject/1300656/,终结者 The Terminator (1984),詹姆斯·卡梅隆,詹姆斯·卡梅隆 / 盖尔·安妮·赫德 / 小威廉·威谢尔,阿诺·施瓦辛格 / 迈克尔·比恩 / 琳达·汉密尔顿 / 保罗·温菲尔德 / 兰斯·亨利克森 / 更多...,动作 / 科幻 / 惊悚,美国 / 英国,英语 / 西班牙语,1992-06(中国大陆) / 1984-10-26(美国),107分钟,未来战士(港) / 魔鬼终结者(台),tt0088247,8.2,234592,30.8%,51.5%
1300678,https://movie.douban.com/subject/1300678/,没事偷着乐 (1999),杨亚洲,崔砚君 / 刘恒 / 孙毅安,冯巩 / 丁嘉丽 / 郑卫莉 / 气壳 / 李明启 / 更多...,喜剧,中国大陆,汉语普通话 / 天津方言,1999-01-07(中国大陆),106分钟,A Tree in the House / Steal Happiness,tt0269537,8,57362,25.7%,50.6%
1300685,https://movie.douban.com/subject/1300685/,克莱默夫妇 Kramer vs. Kramer (1979),罗伯特·本顿,罗伯特·本顿 / 埃弗里·科尔曼,达斯汀·霍夫曼 / 梅丽尔·斯特里普 / 简·亚历山大 / 贾斯汀·亨利 / 霍华德·达夫 / 更多...,剧情 / 家庭,美国,英语,1979-12-19(美国),105分钟,克蓝玛对克蓝玛(港) / 克拉玛对克拉玛(台) / Kramer Versus Kramer,tt0079417,8.5,80013,38.7%,49.3%
1300741,https://movie.douban.com/subject/1300741/,枪火 鎗火 (1999),杜琪峰,游乃海 / 银河创作组,吴镇宇 / 任达华 / 黄秋生 / 吕颂贤 / 张耀扬 / 更多...,剧情 / 动作 / 犯罪,中国香港,粤语,1999-11-19(中国香港),84分钟,The Mission,tt0220644,8.8,266433,52.5%,37.6%
1300752,https://movie.douban.com/subject/1300752/,座头市 座頭市 (2003),北野武,北野武 / 子母泽宽,北野武 / 浅野忠信 / 大楠道代 / 井口薰仁 / 橘大五郎 / 更多...,剧情 / 喜剧 / 动作 / 音乐 / 犯罪,日本,日语,2003-09-06(日本),116分钟,盲侠座头市 / 盲剑侠 / Zatoichi,tt0363226,8.1,56175,27.3%,51.2%
1300766,https://movie.douban.com/subject/1300766/,美人计 Notorious (1946),阿尔弗雷德·希区柯克,阿尔弗雷德·希区柯克 / 本·赫克特 / 约翰·泰恩托·富特 / 克利福德·奥德茨,加里·格兰特 / 英格丽·褒曼 / 克劳德·雷恩斯 / 路易斯·卡尔亨 / 莱茵霍尔德·叔泽尔 / 更多...,剧情 / 爱情 / 惊悚,美国,英语 / 法语 / 葡萄牙语,1946-09-06(美国),101 分钟,谍网情鸳(港) / 声名狼藉 / 污名 / Les enchaînés,tt0038787,7.6,45757,18.8%,47.3%
1300830,https://movie.douban.com/subject/1300830/,狂蟒之灾 Anaconda (1997),路易斯·罗沙,汉斯·鲍尔 / 吉姆·卡什 / 小杰克·埃普斯,詹妮弗·洛佩兹 / 艾斯·库珀 / 乔恩·沃伊特 / 埃里克·斯托尔兹 / 乔纳森·海德 / 更多...,动作 / 惊悚 / 恐怖 / 冒险,美国 / 巴西,英语,1997-04-11,89分钟,巨蟒 / 大蟒蛇：神出鬼没,tt0118615,6.7,59389,8.7%,30.0%
1300868,https://movie.douban.com/subject/1300868/,异形 Alien (1979),雷德利·斯科特,丹·欧班农 / 罗纳德·舒塞特,西格妮·韦弗 / 汤姆·斯凯里特 / 维罗尼卡·卡维特 / 哈利·迪恩·斯坦顿 / 约翰·赫特 / 更多...,科幻 / 惊悚 / 恐怖,英国 / 美国,英语,1979-05-25(美国),117分钟 / 116分钟(2004年导演剪辑版),异形杀手 / Star Beast,tt0078748,8.3,321781,34.1%,47.9%
1300883,https://movie.douban.com/subject/1300883/,赌神 賭神 (1989),王晶,王晶,周润发 / 刘德华 / 王祖贤 / 张敏 / 向华强 / 更多...,剧情 / 喜剧,中国香港,粤语 / 日语 / 英语,1989-12-14(中国香港),126 分钟,God of Gamblers,tt0097244,8.5,303856,39.7%,47.4%
1300894,https://movie.douban.com/subject/1300894/,城南旧事 (1983),吴贻弓,伊明 / 林海音,沈洁 / 张丰毅 / 张闽 / 郑振瑶 / 严翔 / 更多...,剧情,中国大陆,汉语普通话,1983(中国大陆),88分钟,My Memories of Old Beijing / South of the old,tt0085326,9.1,151877,61.4%,32.8%
1300945,https://movie.douban.com/subject/1300945/,云中漫步 A Walk in the Clouds (1995),阿方索·阿雷奥,罗伯特·马克·卡门 / 马克·米勒 / Harvey Weitzman / 皮耶罗·特里尼 / 切萨雷·扎瓦蒂尼 / 更多...,基努·里维斯 / 艾塔娜·桑切斯-希洪 / 安东尼·奎恩 / 吉安卡罗·吉安尼尼 / 安杰莉卡·阿拉贡 / 更多...,剧情 / 爱情,美国 / 墨西哥,英语,1995-08-11,102分钟,真爱的风采(港) / 漫步在云端(台),tt0114887,7.8,79799,22.1%,48.0%
1300956,https://movie.douban.com/subject/1300956/,一九零零 Novecento (1976),贝纳尔多·贝托鲁奇,贝纳尔多·贝托鲁奇 / 朱塞佩·贝托鲁奇 / Franco Arcalli,罗伯特·德尼罗 / 热拉尔·德帕迪约 / 多米妮克·桑达 / 弗朗切斯卡·贝蒂尼 / 劳拉·贝蒂 / 更多...,剧情 / 爱情 / 历史 / 战争,意大利 / 法国 / 西德,意大利语,1976-05-21(戛纳电影节) / 1976-09-01(法国),316分钟,1900：新世纪 / 1900,tt0074084,8.6,13246,46.6%,39.5%
1300960,https://movie.douban.com/subject/1300960/,碧海蓝天 Le grand bleu (1988),吕克·贝松,吕克·贝松 / 玛丽莲‧戈登 / 雅克·梅欧,让-马克·巴尔 / 让·雷诺 / 罗姗娜·阿奎特 / 保罗·希纳尔 / 赛尔乔·卡斯特利托 / 更多...,剧情 / 爱情,法国 / 意大利,法语 / 英语 / 意大利语,1988-05-11(法国),132分钟(法国) / 168分钟(导演剪辑版),碧海情深 / 夜海倾情 / 碧海情 / 大蓝 / The Big Blue,tt0095250,8.6,156807,47.4%,37.6%
1300977,https://movie.douban.com/subject/1300977/,飞向太空 Солярис (1972),安德烈·塔可夫斯基,安德烈·塔可夫斯基 / 弗雷德里克·格伦斯廷 / 斯坦尼斯瓦夫·莱姆,纳塔莉亚·邦达尔丘克 / 多纳塔斯·巴尼奥尼斯 / 尤里·贾维特 / 弗拉迪斯拉夫·迪沃哲斯基 / 尼古拉·格林科 / 更多...,剧情 / 科幻 / 悬疑,苏联,俄语 / 德语,1972-03-20(苏联),167分钟,索拉里斯 / 星球疏拉利斯 / 梭拉丽斯 / 索拉瑞斯 / Solaris / Solyaris,tt0069293,8.6,48090,48.3%,37.4%
1300992,https://movie.douban.com/subject/1300992/,完美的世界 A Perfect World (1993),克林特·伊斯特伍德,约翰·李·汉考克,凯文·科斯特纳 / 劳拉·邓恩 / 克林特·伊斯特伍德 / T·J·劳瑟 / 基斯·斯扎拉巴基克,剧情 / 犯罪,美国,英语,1993-11-24(美国),138分钟 / 125分钟(德国电视版),强盗保镳,tt0107808,9.1,362292,63.1%,30.5%
1301026,https://movie.douban.com/subject/1301026/,革命往事 Giù la testa (1971),赛尔乔·莱昂内,赛尔乔·莱昂内 / 赛尔乔·多纳蒂 / 卢恰诺·温琴佐尼 / 罗伯托·德莱奥纳尔迪斯,罗德·斯泰格尔 / 詹姆斯·柯本 / 罗慕洛·瓦利 / 玛丽娅·蒙蒂 / 里克·巴塔利亚 / 更多...,战争 / 西部 / 冒险,意大利,意大利语 / 西班牙语,1971-10-29(意大利),157 分钟 / 120 分钟(美国初映版) / 138 分钟(美国),"龙虎大贼斗千军(港) / 乌龙英雄 / 大狂沙 / 革命怪客 / Once Upon a Time... the Revolution / Duck, You Sucker / A Fistful of Dynamite",tt0067140,9.1,27127,63.8%,29.1%
1301061,https://movie.douban.com/subject/1301061/,纽约黑帮 Gangs of New York (2002),马丁·斯科塞斯,杰伊·考克斯 / 斯蒂文·泽里安 / 肯尼思·洛纳根,莱昂纳多·迪卡普里奥 / 丹尼尔·戴-刘易斯 / 卡梅隆·迪亚兹 / 吉姆·布劳德本特 / 约翰·C·赖利 / 更多...,剧情 / 犯罪,美国 / 意大利,英语 / 爱尔兰盖尔语 / 汉语普通话 / 拉丁语,2002-12-09(纽约首映) / 2002-12-20(美国),167 分钟,纽约风云(港),tt0217505,7.6,68746,16.9%,47.6%
1301081,https://movie.douban.com/subject/1301081/,垂帘听政 垂簾聽政 (1983),李翰祥,杨村彬 / 李翰祥,刘晓庆 / 梁家辉 / 陈烨 / 项堃 / 周洁 / 更多...,剧情 / 历史 / 古装,中国大陆 / 中国香港,汉语普通话,1983-10-20(中国香港),111分钟,Reign Behind a Curtain,tt0085336,7.6,21196,15.9%,52.1%
1301106,https://movie.douban.com/subject/1301106/,布达佩斯之恋 Gloomy Sunday - Ein Lied von Liebe und Tod (1999),诺夫·舒贝尔,Nick Barkow / 诺夫·舒贝尔 / Ruth Toma,艾丽卡·莫露珊 / 约阿希姆·克罗尔 / 斯特法诺·迪奥尼斯 / 本·贝克 / 安德拉斯·巴林特,剧情 / 爱情,德国 / 匈牙利,德语 / 英语 / 匈牙利语,1999-10-21(德国),112分钟,忧郁的星期天 / 忧郁星期天 / 狂琴难了 / 黑色星期天 / Gloomy Sunday,tt0155722,8.6,88737,44.5%,42.8%
1301136,https://movie.douban.com/subject/1301136/,空山灵雨 空山靈雨 (1979),胡金铨,胡金铨,田丰 / 孙越 / 徐枫 / 秦沛 / 石隽 / 更多...,剧情 / 动作 / 武侠 / 古装,中国香港,汉语普通话,1979-07-11(中国香港) / 1979-12-08(韩国),120分钟,Raining in the Mountain / 사문의 승객 / 死门的僧客,tt0192213,8.5,26197,38.6%,47.5%
1301151,https://movie.douban.com/subject/1301151/,豺狼时刻 Vargtimmen (1968),英格玛·伯格曼,英格玛·伯格曼,马克斯·冯·叙多夫 / 丽芙·乌曼 / 耶特鲁德·弗里德 / 乔治·莱德伯格 / 厄兰·约瑟夫森 / 更多...,剧情 / 恐怖,瑞典,瑞典语 / 挪威语,1968-02-19(瑞典),90分钟,狼之时刻 / Hour of the Wolf / Die Stunde des Wolfs,tt0063759,8,5058,27.4%,48.7%
1301156,https://movie.douban.com/subject/1301156/,怪谈协会 怪談協會 (1996),马伟豪 / 钱文锜 / 叶伟民,马伟豪 / 王晶 / 邹凯光,袁咏仪 / 舒淇 / 黎姿 / 江希文 / 张达明 / 更多...,喜剧 / 恐怖,中国香港,粤语,1996-11-28(中国香港),90 分钟,Till Death Do Us Laugh,tt0168224,7.1,13439,11.7%,39.3%
1301166,https://movie.douban.com/subject/1301166/,垂直极限 Vertical Limit (2000),马丁·坎贝尔,罗伯特·金 / 特里·海斯,克里斯·奥唐纳 / 罗宾·汤尼 / 尼古拉斯·李 / 斯科特·格伦 / 伊莎贝拉·斯科鲁普科 / 更多...,动作 / 惊悚 / 冒险,美国 / 德国,英语 / 乌尔都语,2000-12-03(美国),124分钟,巅峰极限 / 终极天险 / 垂直极限之灾难地带,tt0190865,7.6,33578,18.5%,49.2%
1301168,https://movie.douban.com/subject/1301168/,卧虎藏龙 臥虎藏龍 (2000),李安,王蕙玲 / 詹姆斯·夏慕斯 / 蔡国荣,周润发 / 杨紫琼 / 章子怡 / 张震 / 郎雄 / 更多...,剧情 / 爱情 / 武侠,中国台湾 / 中国香港 / 美国 / 中国大陆,汉语普通话,2000-10-13(中国大陆) / 2000-07-07(中国台湾) / 2000-05-16(戛纳电影节),120分钟,"Crouching Tiger, Hidden Dragon",tt0190332,8.4,555359,39.3%,45.0%
1301169,https://movie.douban.com/subject/1301169/,跳出我天地 Billy Elliot (2000),史蒂芬·戴德利,李·哈尔,杰米·贝尔 / 朱丽·沃特斯 / 杰米·德拉文 / 加里·刘易斯 / 斯图亚特·韦尔斯 / 更多...,剧情 / 歌舞 / 家庭 / 儿童,英国 / 法国,英语,2000-05-19(戛纳电影节) / 2000-09-29(英国),110 分钟,舞动人生(港/台) / 芭蕾之梦 / 比利·艾略特 / 穷人的孩子爱芭蕾,tt0249462,8.8,123905,49.9%,40.7%
1301171,https://movie.douban.com/subject/1301171/,偷拐抢骗 Snatch (2000),盖·里奇,盖·里奇,本尼西奥·德尔·托罗 / 丹尼斯·法里纳 / 维尼·琼斯 / 布拉德·皮特 / 拉德·舍尔贝季亚 / 更多...,喜剧 / 犯罪,英国 / 美国,英语 / 俄语,2000-09-01,104分钟,边个够我姜(港) / 掠夺 / 贪得无厌 / 偷蒙拐骗,tt0208092,8.5,218980,40.5%,46.4%
1301198,https://movie.douban.com/subject/1301198/,少林寺 (1982),张鑫炎,卢兆璋 / 薛后,李连杰 / 于海 / 丁岚 / 于承惠 / 计春华 / 更多...,动作 / 武侠 / 古装,中国大陆 / 中国香港,汉语普通话,1982-02-01(中国大陆) / 1982-01-21(中国香港),92分钟,The Shaolin Temple / Shao Lin tzu,tt0079891,8.4,130643,35.7%,48.5%
1301230,https://movie.douban.com/subject/1301230/,夺魂索 Rope (1948),阿尔弗雷德·希区柯克,休姆·克罗宁 / 帕特里克·汉密尔顿 / 亚瑟·劳伦特斯 / 本·赫克特,约翰·道尔 / 法利·格兰杰 / 詹姆斯·斯图尔特 / 伊迪丝·埃文森 / 道格拉斯·迪克 / 更多...,悬疑 / 惊悚 / 犯罪,美国,英语,1948-08-28(美国),80 分钟,夺魄索(港) / 绳索 / Alfred Hitchcock's Rope,tt0040746,8.1,78518,27.5%,51.7%
1301231,https://movie.douban.com/subject/1301231/,电话谋杀案 Dial M for Murder (1954),阿尔弗雷德·希区柯克,弗雷德里克·诺特,雷·米兰德 / 格蕾丝·凯利 / 罗伯特·卡明斯 / 约翰·威廉姆斯 / 安东尼·道森 / 更多...,悬疑 / 惊悚 / 犯罪,美国,英语,1954-05-29(美国),105分钟 / 88分钟(葡萄牙),电话情杀案,tt0046912,8.9,160863,53.7%,39.6%
1301279,https://movie.douban.com/subject/1301279/,拾穗者 Les glaneurs et la glaneuse (2000),阿涅斯·瓦尔达,阿涅斯·瓦尔达,Jean La Planche / 博登·利特南斯基 / 阿涅斯·瓦尔达 / 弗朗索瓦·韦特海默,纪录片,法国,法语,2000-07-07(法国),82 分钟,拾穗者与我(港) / 艾格妮捡风景(台) / 同是天涯拾荒客 / 我和拾穗者 / 拾荒者 / The Gleaners & I,tt0247380,9.1,15084,62.5%,32.3%
1301283,https://movie.douban.com/subject/1301283/,古惑仔3之只手遮天 古惑仔3之隻手遮天 (1996),刘伟强,文隽 / 秋婷,郑伊健 / 陈小春 / 张耀扬 / 莫文蔚 / 黎姿 / 更多...,剧情 / 动作,中国香港,粤语 / 英语 / 汉语普通话 / 荷兰语,1996-06-29(中国香港),98 分钟,Young and Dangerous 3,tt0116455,7.8,118434,22.5%,46.8%
1301345,https://movie.douban.com/subject/1301345/,偷天换日 The Italian Job (2003),F·加里·格雷,特洛伊·肯尼迪-马丁 / 唐娜·鲍尔斯 / 韦恩·鲍尔斯,马克·沃尔伯格 / 查理兹·塞隆 / 唐纳德·萨瑟兰 / 杰森·斯坦森 / 赛斯·格林 / 更多...,动作 / 惊悚 / 犯罪,美国 / 英国 / 意大利 / 德国,英语 / 英语 / 意大利语,2003-05-30(美国),111分钟,天罗盗网(港) / 意大利任务 / 爆窃意大利,tt0317740,7.6,142562,17.2%,49.6%
1301359,https://movie.douban.com/subject/1301359/,五个扑水的少年 ウォーターボーイズ (2001),矢口史靖,矢口史靖,妻夫木聪 / 玉木宏 / 三浦哲郁 / 近藤公园 / 金子贵俊 / 更多...,喜剧 / 运动,日本,日语,2001-09-15(日本),91分钟,水男孩(台) / 水花公子 / 五个扑水少年 / Waterboys,tt0299213,8.3,71402,34.5%,48.6%
1301374,https://movie.douban.com/subject/1301374/,少女情怀总是诗 Bilitis (1977),大卫·汉密尔顿,凯瑟琳·布雷亚 / Robert Boussinot,帕蒂·达班维尔 / Irka Bochenko / 贝纳·纪欧多,剧情 / 爱情 / 情色,法国 / 意大利,法语,1977-03-16,95 分钟 / Germany: 89 分钟(25 fps) (TV version),比利提斯,tt0075753,7.4,14001,17.8%,39.6%
1301409,https://movie.douban.com/subject/1301409/,杀出个黎明 From Dusk Till Dawn (1996),罗伯特·罗德里格兹,昆汀·塔伦蒂诺,乔治·克鲁尼 / 昆汀·塔伦蒂诺 / 哈威·凯特尔 / 朱丽叶特·刘易斯 / 萨尔玛·海耶克 / 更多...,动作 / 恐怖 / 犯罪,美国,英语 / 西班牙语,1996-01-19,108 分钟,恶夜追杀令(台) / 从黄昏到黎明,tt0116367,7.5,74727,18.7%,44.2%
1301419,https://movie.douban.com/subject/1301419/,极度恐慌 Outbreak (1995),沃尔夫冈·彼德森,劳伦斯·迪沃莱特 / 罗伯特·罗伊·普尔,达斯汀·霍夫曼 / 蕾妮·罗素 / 摩根·弗里曼 / 凯文·史派西 / 小库珀·古丁 / 更多...,剧情 / 惊悚 / 灾难,美国,英语 / 韩语 / 法语,1995-03-10(美国),127分钟,极度惊慌(港) / 恐怖地带 / 危机总动员 / 蔓延,tt0114069,7.7,46126,17.3%,52.0%
1301434,https://movie.douban.com/subject/1301434/,夺宝奇兵2 Indiana Jones and the Temple of Doom (1984),史蒂文·斯皮尔伯格,威拉德·赫依克 / 格洛丽亚·卡茨 / 乔治·卢卡斯,哈里森·福特 / 凯特·卡普肖 / 关继威 / 阿莫瑞什·普瑞 / 罗珊·塞斯 / 更多...,动作 / 冒险,美国,英语 / 僧伽罗语 / 印地语,1984-05-23(美国),118分钟,印第安纳琼斯：魔宫传奇(台) / 印地安纳·琼斯和魔域奇兵 / 夺宝奇兵2：魔域奇兵 / 魔域奇兵 / 印地安纳·琼斯之魔域奇兵 / 印地安纳·琼斯与墓室 / 魔宫传奇,tt0087469,7.8,71355,21.6%,48.9%
1301445,https://movie.douban.com/subject/1301445/,黑衣人 Men in Black (1997),巴里·索南菲尔德,艾德·索罗门 / 劳威尔·坎宁安,威尔·史密斯 / 汤米·李·琼斯 / 琳达·费奥伦蒂诺 / 文森特·多诺费奥 / 雷普·汤恩 / 更多...,喜剧 / 动作 / 科幻,美国,英语 / 西班牙语,1997-07-02(美国),98分钟,黑超特警组(港) / MIB星际战警(台) / MIB,tt0119654,8.3,370513,32.1%,50.9%
1301459,https://movie.douban.com/subject/1301459/,小岛惊魂 The Others (2001),亚历杭德罗·阿梅纳瓦尔,亚历杭德罗·阿梅纳瓦尔,妮可·基德曼 / 菲奥纽拉·弗拉纳根 / 克里斯托弗·埃克莱斯顿 / 阿拉济纳·曼恩 / 詹姆斯·本特利 / 更多...,剧情 / 悬疑 / 恐怖,美国 / 西班牙 / 法国 / 意大利,英语,2001-08-10(美国),104分钟,不速之吓(港) / 神鬼第六感(台),tt0230600,8.2,334607,30.8%,50.6%
1301465,https://movie.douban.com/subject/1301465/,纯真年代 The Age of Innocence (1993),马丁·斯科塞斯,杰伊·考克斯 / 马丁·斯科塞斯 / 伊迪丝·沃顿,丹尼尔·戴-刘易斯 / 米歇尔·菲佛 / 薇诺娜·瑞德 / 亚历克西斯·史密斯 / 罗伯特·肖恩·莱纳德 / 更多...,剧情 / 爱情,美国,英语 / 意大利语,1993-08-31(威尼斯电影节) / 1993-10-01(美国),139分钟,心外幽情(港) / 纯情年代,tt0106226,8.1,68659,29.3%,49.2%
1301485,https://movie.douban.com/subject/1301485/,黑巷少女 The Little Girl Who Lives Down the Lane (1976),尼古拉斯·加斯纳,Laird Koenig,朱迪·福斯特 / 马丁·辛 / 亚历克西斯·史密斯 / 莫特·舒曼 / 斯科特·雅各比 / 更多...,剧情 / 悬疑 / 惊悚 / 恐怖,加拿大 / 法国 / 美国,英语,1976-12-25,100 分钟 / USA: 91 分钟 / West Germany: 94 分钟,小妖精,tt0074806,8,6948,27.5%,47.3%
1301498,https://movie.douban.com/subject/1301498/,地球之夜 Night on Earth (1991),吉姆·贾木许,吉姆·贾木许,吉娜·罗兰兹 / 薇诺娜·瑞德 / 丽珊·法尔克 / Alan Randolph Scott / Anthony Portillo / 更多...,剧情 / 喜剧,法国 / 英国 / 德国 / 美国 / 日本,英语 / 法语 / 芬兰语 / 意大利语 / 德语,1991-12-12,129分钟,地球这分钟 / 地球一夜 / 夜的世界,tt0102536,8.2,62165,30.4%,51.4%
1301578,https://movie.douban.com/subject/1301578/,十一罗汉 Ocean's Eleven (2001),史蒂文·索德伯格,泰德·格里芬 / 哈利·布朗 / 查尔斯·莱德勒,乔治·克鲁尼 / 布拉德·皮特 / 马特·达蒙 / 朱莉娅·罗伯茨 / 安迪·加西亚 / 更多...,惊悚 / 犯罪,美国,英语 / 意大利语 / 粤语,2001-12-07(美国),116 分钟,瞒天过海(台) / 盗海豪情(港) / 十一王牌 / 赌场劫案 / 11罗汉 / 盗海11侠 / 江洋大盗,tt0240772,7.9,206857,21.7%,53.9%
1301582,https://movie.douban.com/subject/1301582/,苦月亮 Bitter Moon (1992),罗曼·波兰斯基,Pascal Bruckner / 罗曼·波兰斯基 / 热拉尔·布拉什 / John Brownjohn,彼德·考约特 / 艾玛纽尔·塞尼耶 / 休·格兰特 / 克里斯汀·斯科特·托马斯 / 维克多·班纳杰 / 更多...,剧情 / 爱情 / 惊悚 / 情色,法国 / 英国,英语 / 法语,1992-09-23,139分钟,钥匙孔的爱(台) / 偷月迷情,tt0104779,8.4,177701,39.4%,44.5%
1301601,https://movie.douban.com/subject/1301601/,不道德的审判 Death and the Maiden,罗曼·波兰斯基,阿里埃尔·多尔夫曼 / 拉斐尔·依格雷西亚斯,西格妮·韦弗 / 本·金斯利 / 斯图亚特·维尔森 / Krystia Mova / Jonathan Vega / 更多...,剧情 / 悬疑 / 惊悚,英国 / 法国,英语,1994-12-23(美国点映) / 1995-01-27(美国),103分钟,死亡与处女 / 死亡·处女 / 死神与少女,tt0109579,8.1,19553,27.7%,51.7%
1301617,https://movie.douban.com/subject/1301617/,不一样的天空 What's Eating Gilbert Grape (1993),拉斯·霍尔斯道姆,彼得·赫奇斯,约翰尼·德普 / 莱昂纳多·迪卡普里奥 / 朱丽叶特·刘易斯 / 玛丽·斯汀伯根 / 达尔莱尼·凯茨 / 更多...,剧情 / 爱情 / 家庭,美国,英语,1993-12-17(美国),118分钟,恋恋情深(台) / 什么吞噬着吉尔伯特·格雷普 / 吉尔伯特·格雷普在烦恼什么,tt0108550,8.6,151776,43.8%,45.0%
1301630,https://movie.douban.com/subject/1301630/,惊声尖叫 Scream (1996),韦斯·克雷文,凯文·威廉姆森,德鲁·巴里摩尔 / 罗格·杰克逊 / 内芙·坎贝尔 / 斯基特·乌尔里奇 / 柯特妮·考克斯 / 更多...,惊悚 / 恐怖,美国,英语,1996-12-20,111 分钟,夺命狂呼(港) / 尖叫,tt0117571,7.2,65642,13.1%,42.1%
1301689,https://movie.douban.com/subject/1301689/,今生情未了 Un coeur en hiver (1992),克洛德·索泰,克洛德·索泰 / 雅克·菲耶斯基 / Jérôme Tonnerre / Yves Ulmann,丹尼尔·奥特伊 / 艾曼纽·贝阿 / 安德烈·杜索里埃 / 伊丽莎白·布尔吉娜 / 布丽吉特·卡蒂永 / 更多...,剧情 / 爱情 / 音乐,法国,法语,1992-09-02(法国),105分钟,冬之心 / 冬天的心 / 冬日之心 / 冬天里的心 / 郎心似铁 / A Heart in Winter / A Heart of Stone / Ein Herz im Winter,tt0105682,8.2,9861,31.8%,47.6%
1301715,https://movie.douban.com/subject/1301715/,美国精神病人 American Psycho (2000),玛丽·哈伦,布莱特·伊斯顿·埃利斯 / 玛丽·哈伦 / 吉娜薇·特纳,克里斯蒂安·贝尔 / 贾斯汀·塞洛克斯 / 乔什·卢卡斯 / 比尔·萨奇 / 科洛·塞维尼 / 更多...,剧情 / 恐怖 / 犯罪,美国 / 加拿大,英语 / 西班牙语 / 粤语,2000-01-21(圣丹斯电影节) / 2000-04-14(美国),102分钟,美色杀人狂 / 美国杀人狂 / 美国狂人 / 美国狂魔 / 美国精神病,tt0144084,8,151892,25.8%,49.7%
1301726,https://movie.douban.com/subject/1301726/,兵临城下 Enemy at the Gates (2001),让-雅克·阿诺,让-雅克·阿诺 / 阿兰·戈达尔,裘德·洛 / 艾德·哈里斯 / 蕾切尔·薇兹 / 约瑟夫·费因斯 / 鲍勃·霍斯金斯 / 更多...,剧情 / 历史 / 战争,爱尔兰 / 英国 / 法国 / 德国 / 美国,英语 / 德语 / 俄语,2001-07-21(中国大陆) / 2001-02-07(柏林电影节) / 2001-03-16(英国/美国),131 分钟,决战中的较量 / 大敌当前(台) / 敌对边缘(港) / Stalingrad,tt0215750,8.4,211404,38.4%,46.9%
1301746,https://movie.douban.com/subject/1301746/,汉尼拔 Hannibal (2001),雷德利·斯科特,大卫·马梅 / 斯蒂文·泽里安,安东尼·霍普金斯 / 朱丽安·摩尔 / 加里·奥德曼 / 雷·利奥塔 / 弗兰基·费森 / 更多...,惊悚 / 犯罪,英国 / 美国,英语 / 意大利语 / 日语,2001-02-09(美国) / 2001-02-16(英国),131 分钟,沉默的杀机(港) / 人魔(台) / 沉默的羔羊2 / 汉尼拔尔,tt0212985,8.3,237494,34.8%,47.9%
1301753,https://movie.douban.com/subject/1301753/,狮子王 The Lion King,罗杰·阿勒斯 / 罗伯·明可夫,艾琳·梅琪 / 乔纳森·罗伯特 / 琳达·伍尔芙顿,乔纳森·泰勒·托马斯 / 马修·布罗德里克 / 杰瑞米·艾恩斯 / 詹姆斯·厄尔·琼斯 / 莫伊拉·凯利 / 更多...,动画 / 歌舞 / 冒险,美国,英语 / 斯瓦希里语 / 科萨语 / 祖鲁语,1995-07-15(中国大陆) / 1994-06-15(美国) / 2011-09-16(美国),89 分钟,狮子王3D,tt0110357,9.1,964063,61.6%,31.7%
1301757,https://movie.douban.com/subject/1301757/,狮子王2：辛巴的荣耀 The Lion King II: Simba's Pride (1998),达雷尔·鲁尼 / 罗布·拉杜卡,弗利普·科布勒 / 辛迪·马库斯 / Jonathan Cuba / 马克·麦科克尔 / 比尔·莫兹 / 更多...,马修·布罗德里克 / 莫伊拉·凯利 / 内芙·坎贝尔,喜剧 / 动画 / 冒险,美国 / 澳大利亚,英语,1998-10-27,81分钟,狮子王2,tt0120131,7.9,68863,23.5%,48.3%
1301777,https://movie.douban.com/subject/1301777/,幻想曲2000 Fantasia 2000 (1999),詹姆斯·阿尔格 / 盖坦·布里兹 / 保罗·布里兹 / 亨德尔·布托伊 / Francis Glebas / 更多...,埃里克·古德伯格 / 汉斯·克里斯蒂安·安徒生 / 乔·格兰特 / Perce Pearce / 卡尔·法尔伯格 / 更多...,史蒂夫·马丁 / 伊扎克·帕尔曼 / 昆西·琼斯 / 贝特·米德勒 / 詹姆斯·厄尔·琼斯 / 更多...,动画 / 音乐 / 奇幻,美国,英语,1999-12-17(美国),74分钟,Fantasia/2000,tt0120910,8.8,18339,53.8%,34.2%
1301811,https://movie.douban.com/subject/1301811/,鳄鱼波鞋走天涯 The Cure (1995),彼得·霍顿,Robert Kuhn,布拉德·兰弗洛 / 埃里克·伊根 / Delphine French / Mona Powell / Andrew Broder / 更多...,剧情 / 冒险,美国,英语,1995-04-21,97 分钟,"真情世界 / 鳄鱼、波鞋、走天涯 / Goodbye, My Friend",tt0112757,9,60645,60.5%,32.3%
1301865,https://movie.douban.com/subject/1301865/,咖喱辣椒 (1990),柯受良,阮世生,周星驰 / 张学友 / 柏安妮 / 曾志伟 / 柯受良 / 更多...,喜剧 / 动作 / 爱情 / 犯罪,中国香港,粤语 / 英语 / 马来语,1990-05-24(中国香港),101 分钟,Curry & Pepper / Curry and Pepper,tt0099629,7.5,74398,18.4%,41.3%
1301867,https://movie.douban.com/subject/1301867/,烈日灼人 Утомлённые солнцем,尼基塔·米哈尔科夫,尼基塔·米哈尔科夫 / 鲁斯塔姆·伊布拉吉姆别科夫,欧列格·缅希科夫 / 尼基塔·米哈尔科夫 / 茵格保加·达坤耐特 / 娜杰日达·米哈尔科娃 / 维亚切斯拉夫·吉洪诺夫 / 更多...,剧情 / 历史,俄罗斯 / 法国,俄语 / 法语,1994-05-21(戛纳电影节) / 1994-08-31(法国) / 1994-11-02(俄罗斯),146分钟,毒太阳(港) / 烈日灼身(台) / 烈日当空 / Utomlyonnye solntsem / Burnt by the Sun / Soleil Trompeur,tt0111579,8.5,24552,42.3%,43.7%
1301886,https://movie.douban.com/subject/1301886/,居家男人 The Family Man (2000),布莱特·拉特纳,大卫·戴尔蒙德 / 大卫·魏斯曼,尼古拉斯·凯奇 / 蒂娅·里欧妮 / 唐·钱德尔 / 杰里米·皮文 / 绍尔·鲁宾内克 / 更多...,剧情 / 喜剧 / 爱情 / 家庭 / 奇幻,美国,英语 / 意大利语,2000-12-22(美国),125 分钟,梦里情缘 / 扭转奇迹 / 加料感情线 / 缘分交叉点,tt0218967,8.2,80309,33.2%,46.4%
1301890,https://movie.douban.com/subject/1301890/,浓情巧克力 Chocolat (2000),拉斯·霍尔斯道姆,罗伯特·尼尔森·雅各布斯,朱丽叶·比诺什 / 薇朵儿·希维索 / 朱迪·丹奇 / 阿尔弗雷德·莫里纳 / 莉娜·奥琳 / 更多...,剧情 / 爱情,英国 / 美国,英语 / 法语,2000-12-15,121 分钟,情迷朱古力(港) / 巧克力 / 情浓巧克力,tt0241303,8,125596,25.7%,51.2%
1301897,https://movie.douban.com/subject/1301897/,何处是我朋友的家 خانه دوست کجاست؟‎ (1987),阿巴斯·基亚罗斯塔米,阿巴斯·基亚罗斯塔米,巴比·艾哈迈德·波 / 艾哈迈德·艾哈迈德·波 / 科达·巴和·迪范 / Iran Outari / Ait Ansari / 更多...,剧情,伊朗,波斯语,1987-02-01(曙光旬电影节),83分钟 / 87分钟(阿根廷),踏破铁鞋无觅处(港) / Where Is the Friend's Home? / Khane-ye doust kodjast?,tt0093342,9,49781,58.7%,35.2%
1301899,https://movie.douban.com/subject/1301899/,睁开你的双眼 Abre los ojos (1997),亚历杭德罗·阿梅纳瓦尔,亚历杭德罗·阿梅纳瓦尔 / 马特奥·希尔,爱德华多·诺列加 / 佩内洛普·克鲁兹 / 切特·雷拉 / 费雷·马丁内兹 / 纳瓦·尼姆利 / 更多...,剧情 / 科幻 / 悬疑 / 惊悚,西班牙 / 法国 / 意大利,西班牙语,1997-12-19(西班牙),119分钟,变脸惊情(港) / 睁开你的眼睛 / Open Your Eyes,tt0125659,7.9,24355,24.9%,50.8%
1301912,https://movie.douban.com/subject/1301912/,秋天的童话 秋天的童話 (1987),张婉婷,罗启锐,周润发 / 钟楚红 / 陈百强 / 黄淑仪,剧情 / 爱情,中国香港,粤语 / 英语 / 日语,1987-07-16(中国香港),98分钟,流氓大亨 / An Autumn's Tale,tt0093426,8.5,109137,39.0%,47.1%
1301926,https://movie.douban.com/subject/1301926/,摇滚芭比 Hedwig and the Angry Inch (2001),约翰·卡梅隆·米切尔,约翰·卡梅隆·米切尔,约翰·卡梅隆·米切尔 / 米丽娅姆·肖尔 / Stephen Trask / Theodore Liscinski / 罗伯·坎贝尔 / 更多...,剧情 / 喜剧 / 同性 / 音乐,美国,英语 / 德语,2001-07-20,95分钟,海德薇格愤怒的寸茎 / 妖型乐与怒,tt0248845,8.7,12613,50.7%,36.4%
1301946,https://movie.douban.com/subject/1301946/,大醉侠 大醉俠 (1966),胡金铨,胡金铨 / 丁善玺,郑佩佩 / 岳华 / 杨志卿 / 陈鸿烈 / 韩英杰 / 更多...,动作 / 武侠 / 古装,中国香港,汉语普通话,1966-04-07(中国香港),95分钟,Come Drink with Me / 醉侠,tt0059079,7.5,17052,14.8%,47.8%
1301948,https://movie.douban.com/subject/1301948/,梦旅人 PicNic (1996),岩井俊二,岩井俊二,恰拉 / 浅野忠信 / 桥爪浩一 / 六平直政 / 伊藤和枝,剧情 / 奇幻,日本,日语,1996-06-15(日本),72分钟(德国) / 68分钟(日本),Pikunikku,tt0117338,8.3,96646,39.1%,40.7%
1302012,https://movie.douban.com/subject/1302012/,科学怪人的新娘 The Bride of Frankenstein (1935),詹姆斯·惠尔,威廉·赫尔伯特 / 约翰·L·鲍尔德斯顿 / Josef Berne / Lawrence G. Blochman / 罗伯特·弗洛里 / 更多...,波利斯·卡洛夫 / 科林·克利夫 / 瓦莱莉娅·霍布森 / 欧内斯特·塞西杰 / 埃尔莎·兰彻斯特 / 更多...,科幻 / 恐怖,美国,英语,1935-04-20(美国),75 分钟,弗兰肯斯坦的新娘,tt0026138,7.7,5070,19.5%,48.6%
1302036,https://movie.douban.com/subject/1302036/,风月奇谭 風月奇譚 (1972),李翰祥,李翰祥,王琛 / 刘午琪 / 贝蒂 / 田青 / 夏雯 / 更多...,喜剧 / 情色,中国香港,汉语普通话,1972-11-16(中国香港),97分钟,Legends of Lust,tt0068840,7.5,9336,15.8%,46.6%
1301895,https://movie.douban.com/subject/1301895/,奥兰多 Orlando (1992),莎莉·波特,莎莉·波特 / 弗吉尼亚·伍尔夫,蒂尔达·斯文顿 / 比利·赞恩 / 昆廷·克里斯普 / 约翰·博特 / Elaine Banham / Anna Farnworth / Sara Mair-Thomas / Anna Healy / 杜德里·沙顿 / 西蒙·拉塞尔·比尔 / Matthew Sim / 杰罗姆·威利斯 / 维克托·斯捷潘诺夫 / 夏洛特·瓦兰椎 / 玛丽·麦克劳德 / 罗泰尔·布鲁特,剧情 / 爱情 / 奇幻,英国 / 俄罗斯 / 法国 / 意大利 / 荷兰,英语 / 法语,1992-09-01(威尼斯电影节),93分钟,奥兰度(港) / 美丽佳人欧兰朵(台),tt0107756,8.3,37241,35.5%,45.8%
1302050,https://movie.douban.com/subject/1302050/,广岛之恋 Hiroshima mon amour (1959),阿伦·雷乃,玛格丽特·杜拉斯,埃玛妞·丽娃 / 冈田英次 / 贝尔纳·弗雷松 / 斯特拉·达萨斯 / 皮埃尔·巴尔博,剧情 / 爱情 / 战争,法国 / 日本,法语 / 日语 / 英语,1959-05-08(戛纳电影节) / 1959-06-10(法国),90 分钟,"广岛吾爱 / Hiroshima, My Love / 二十四時間の情事",tt0052893,7.9,50842,25.0%,47.0%
1302061,https://movie.douban.com/subject/1302061/,"德州巴黎 Paris, Texas (1984)",维姆·文德斯,L.M.基特·卡森 / 山姆·谢泼德,哈利·迪恩·斯坦顿 / 萨姆·贝瑞 / 伯恩哈德·维基 / 迪恩·斯托克维尔 / 奥萝尔·克莱芒 / 更多...,剧情,西德 / 法国 / 英国 / 美国,英语 / 西班牙语,1984-05-14(戛纳电影节) / 1984-09-14(法国),145分钟,巴黎，德州(台) / 德克萨斯州的巴黎 / 德克萨斯，巴黎,tt0087884,8.4,98087,40.2%,41.9%
1302077,https://movie.douban.com/subject/1302077/,雁南飞 Летят журавли (1957),米哈伊尔·卡拉托佐夫,维克托·罗佐夫,塔吉娅娜·萨莫依洛娃 / 阿列克谢·巴塔洛夫 / 瓦西里·梅尔库里耶夫 / 亚历山大·施沃林 / Svetlana Kharitonova / 更多...,剧情 / 爱情 / 战争,苏联,俄语,1957-10-12,95分钟,战争与贞操 / 仙鹤飞翔 / 鹤之舞 / Letyat zhuravli / The Cranes Are Flying,tt0050634,8.8,23714,49.5%,41.5%
1302090,https://movie.douban.com/subject/1302090/,逃学威龙 逃學威龍 (1991),陈嘉上,陈嘉上 / 黄炳耀,周星驰 / 张敏 / 吴孟达 / 张耀扬 / 黄一山 / 更多...,喜剧 / 动作 / 爱情,中国香港,粤语,1991-07-18(中国香港),101分钟,Fight Back to School,tt0103045,8.2,387331,31.8%,47.1%
1302100,https://movie.douban.com/subject/1302100/,尼罗河上的惨案 Death on the Nile (1978),约翰·吉勒明,安东尼·沙弗尼 / 阿加莎·克里斯蒂,彼得·乌斯蒂诺夫 / 简·伯金 / 洛伊丝·奇利斯 / 贝蒂·戴维斯 / 米娅·法罗 / 更多...,剧情 / 悬疑 / 犯罪,英国,英语 / 法语 / 德语,1979-07(中国大陆) / 1978-09-29(美国),140分钟,尼罗河上谋杀案 / 尼罗河谋杀案,tt0077413,8.6,194855,39.5%,49.7%
1302109,https://movie.douban.com/subject/1302109/,十二夜 (2000),林爱华,林爱华,张柏芝 / 陈奕迅 / 卢巧音 / 杨张新悦 / 区淑贞 / 更多...,剧情 / 爱情,中国香港,粤语,2000-04-20(中国香港),92分钟,12夜‎ / Twelve Nights,tt0282159,8.3,150314,32.6%,49.3%
1302128,https://movie.douban.com/subject/1302128/,新独臂刀 新獨臂刀 (1971),张彻,倪匡,姜大卫 / 狄龙 / 李菁 / 谷峰 / 王钟 / 更多...,动作 / 武侠 / 古装,中国香港,汉语普通话,1971-02-07,94分钟,The New One-Armed Swordsman,tt0069518,8,17334,26.3%,51.1%
1302133,https://movie.douban.com/subject/1302133/,秘密花园 The Secret Garden (1993),阿格涅丝卡·霍兰,弗朗西丝·霍奇森·伯内特 / 卡罗琳·汤普森,凯特·马伯里 / 海登·普劳斯 / 安德鲁·诺 / 玛吉·史密斯 / 劳拉·克罗斯利 / 更多...,剧情 / 家庭 / 奇幻,英国 / 美国,英语,1993-08-13(美国),101 分钟,神秘花园,tt0108071,8.5,29018,39.9%,44.9%
1302176,https://movie.douban.com/subject/1302176/,白头神探 The Naked Gun: From the Files of Police Squad! (1988),大卫·扎克,杰瑞·扎克 / 吉姆·艾布拉姆斯 / 大卫·扎克 / 帕特·普罗夫特,莱斯利·尼尔森 / 普瑞希拉·普雷斯利 / 里卡多·蒙特尔班 / 乔治·肯尼迪 / O·J·辛普森 / 更多...,喜剧 / 犯罪,美国,英语,1988-12-02(美国),85分钟,笑弹龙虎榜(台) / 白头神探：勇救事头婆(港),tt0095705,7.9,48979,25.7%,47.5%
1302181,https://movie.douban.com/subject/1302181/,热带鱼 熱帶魚 (1995),陈玉勋,陈玉勋,林嘉宏 / 文英 / 林正盛 / 连碧东 / 席敬伦 / 更多...,剧情 / 喜剧,中国台湾,汉语普通话 / 闽南语,1995-08-01(中国台湾),109分钟,Tropical Fish,tt0117970,8.7,39531,48.1%,41.9%
1302205,https://movie.douban.com/subject/1302205/,办公室的故事 Служебный Роман (1977),埃利达尔·梁赞诺夫,埃米尔·布拉金斯基 / 埃利达尔·梁赞诺夫,阿丽萨·弗雷因德利赫 / 安德烈·米亚赫科夫 / 斯维特拉娜·涅墨耶娃 / 埃利达尔·梁赞诺夫 / 奥列格·巴希拉什维利 / 更多...,剧情 / 喜剧 / 爱情,苏联,俄语,1977-02-03(苏联),159分钟,Office Romance,tt0076727,8.7,23286,49.7%,39.0%
1302210,https://movie.douban.com/subject/1302210/,神女 (1934),吴永刚,吴永刚,阮玲玉 / 黎铿 / 章志直 / 唐槐秋,剧情,中国大陆,无对白,1934(中国大陆),76分钟,The Goddess,tt0195256,9.1,48190,63.1%,31.5%
1302235,https://movie.douban.com/subject/1302235/,茜茜公主2 Sissi - Die junge Kaiserin (1956),恩斯特·马里施卡,恩斯特·马里施卡,罗密·施耐德 / 卡尔海因茨·伯姆 / 玛格达·施奈德 / 古斯塔夫·克努特 / 威尔玛·德吉舍尔,剧情 / 爱情 / 历史,奥地利,德语 / 匈牙利语,1956-12-19(西德) / 1956-12(奥地利),107分钟,茜茜公主2：年轻的皇后 / 茜茜——年轻的皇后 / Sissi: The Young Empress / 我爱西施续集,tt0049762,8.4,46476,38.6%,45.7%
1302271,https://movie.douban.com/subject/1302271/,的士速递2 Taxi 2 (2000),热拉尔·克瓦兹克,吕克·贝松,萨米·纳塞利 / 弗雷德里克·迪芬塔尔 / 玛丽昂·歌迪亚 / 艾玛·韦克伦德,喜剧 / 动作 / 犯罪,法国,法语 / 日语 / 德语,2000-03-25(法国),85分钟,终极杀阵 2 / 的士速逮 2,tt0183869,7.9,58954,22.4%,53.1%
1302054,https://movie.douban.com/subject/1302054/,金枝玉叶2 金枝玉葉2 (1996),陈可辛,阮世生 / 林爱华,张国荣 / 梅艳芳 / 袁咏仪 / 陈小春 / 李绮虹 / 更多...,喜剧 / 同性,中国香港,粤语 / 汉语普通话 / 英语,1996-08-15(中国香港),110分钟,"Who's the Woman, Who's the Man",tt0116462,8,55303,29.1%,45.0%
1302338,https://movie.douban.com/subject/1302338/,漩涡之外 Out of the Past (1947),雅克·特纳,丹尼尔·梅因沃林,罗伯特·米彻姆 / 简·格里尔 / 柯克·道格拉斯 / 朗达·弗莱明,剧情 / 惊悚 / 黑色电影,美国,英语 / 美国手语,1947-11-25(美国),97分钟,旧恨新欢(港) / 来自过去 / Build My Gallows High,tt0039689,8.1,6574,28.5%,51.3%
1302369,https://movie.douban.com/subject/1302369/,活色生香 Carne trémula (1997),佩德罗·阿莫多瓦,佩德罗·阿莫多瓦 / 豪尔赫·格力加耶切瓦利亚 / 拉伊·洛里加 / 露丝·伦德尔,哈维尔·巴登 / 弗朗切斯卡·内里 / 利贝托·拉巴尔 / 安吉拉·莫利纳 / 何塞·桑乔 / 更多...,剧情 / 爱情 / 惊悚 / 情色,西班牙 / 法国,西班牙语 / 意大利语 / 保加利亚语,1997-10-29,103 分钟,颤抖的欲望(台) / 活着的肉体 / Trembling Flesh / Live Flesh,tt0118819,7.6,29240,16.9%,48.4%
1302393,https://movie.douban.com/subject/1302393/,僵尸叔叔 殭屍叔叔 (1988),刘观伟,卢永强,午马 / 钱嘉乐 / 李丽珍 / 陈友 / 元华 / 更多...,喜剧 / 恐怖,中国香港,粤语,1988-12-22,96 分钟,凶屋叔叔 / 美女僵尸 / 僵尸先生4 / Mr. Vampire Saga IV / Mr. Vampire IV,tt0099881,8.3,52779,35.0%,44.7%
1302425,https://movie.douban.com/subject/1302425/,喜剧之王 喜劇之王 (1999),周星驰 / 李力持,曾瑾昌 / 周星驰 / 李敏 / 郑文辉 / 冯勉恒 / 更多...,周星驰 / 张柏芝 / 莫文蔚 / 吴孟达 / 林子善 / 更多...,剧情 / 喜剧 / 爱情,中国香港,粤语,1999-02-13(中国香港),89分钟,King of Comedy,tt0188766,8.8,1100626,52.3%,37.9%
1302434,https://movie.douban.com/subject/1302434/,机动部队 PTU (2003),杜琪峰,欧健儿 / 游乃海,任达华 / 邵美琪 / 林雪 / 黄卓玲 / 黄浩然 / 更多...,剧情 / 犯罪,中国香港,粤语,2003-04-17(中国香港),88分钟,PTU: Into the Perilous Night / PTU - Police Tactical Unit,tt0250638,8.3,138991,33.0%,50.2%
1302451,https://movie.douban.com/subject/1302451/,风雨同路 風雨同路 (1990),黄柏文,黄柏文 / 冯瑞熊 / 廖志强,周星驰 / 周慧敏 / 成奎安 / 陈惠敏 / 关海山 / 更多...,剧情 / 动作 / 犯罪,中国香港,粤语,1990-05-12(中国香港),98 分钟,The Unmatchable Match,tt0097348,7.8,26788,26.5%,42.0%
1302455,https://movie.douban.com/subject/1302455/,宋家皇朝 (1997),张婉婷,罗启锐,张曼玉 / 邬君梅 / 杨紫琼 / 赵文瑄 / 吴兴国 / 更多...,剧情 / 爱情 / 历史,中国大陆 / 中国香港 / 日本,汉语普通话,1997-05-01(中国香港),145分钟,宋家三姐妹 / 宋氏三姐妹 / 宋家の三姉妹 / The Soong Sisters,tt0120164,7.7,59284,21.2%,48.7%
1302467,https://movie.douban.com/subject/1302467/,黑客帝国3：矩阵革命 The Matrix Revolutions (2003),拉娜·沃卓斯基 / 莉莉·沃卓斯基,莉莉·沃卓斯基 / 拉娜·沃卓斯基,基努·里维斯 / 劳伦斯·菲什伯恩 / 凯瑞-安·莫斯 / 雨果·维文 / 贾达·萍克特·史密斯 / 更多...,动作 / 科幻,美国,英语 / 法语,2003-11-05(美国/中国大陆),129 分钟,22世纪杀人网络3：惊变世纪(港) / 骇客任务完结篇：最后战役(台) / 廿二世纪杀人网络3：惊变世纪 / 黑客帝国3 / 骇客帝国3,tt0242653,8.8,500574,54.2%,35.0%
1302476,https://movie.douban.com/subject/1302476/,麦兜故事 麥兜故事 (2001),袁建滔,谢立文 / 麦家碧,李晋纬 / 林海峰 / 吴君如 / 黄秋生 / Buxx Banner,剧情 / 喜剧 / 动画,中国香港,粤语,2001-12-15,Japan: 75 分钟 / Argentina: 75 分钟(Buenos Aires Festival Internacional de Cine Independiente),麦兜的故事 / My Life as McDull,tt0312941,8.6,197792,46.0%,39.9%
1302512,https://movie.douban.com/subject/1302512/,摩登保镖 摩登保鑣 (1981),许冠文,许冠文 / 许冠杰,许冠文 / 许冠杰 / 许冠英 / 冯淬帆 / 黄造时,喜剧,中国香港,粤语 / 汉语普通话,1981-01-30,91分钟,Security Unlimited,tt0082761,8.2,21519,32.1%,49.3%
1302522,https://movie.douban.com/subject/1302522/,荒野大镖客 Per un pugno di dollari (1964),赛尔乔·莱昂内,赛尔乔·莱昂内 / Víctor Andrés Catena / A. Bonzzoni / Jaime Comas / Jaime Comas Gil / 更多...,克林特·伊斯特伍德 / 吉安·马里亚·沃隆特 / 沃尔夫冈·路卡西 / 玛丽安娜·科赫 / 西戈德·拉普 / 更多...,动作 / 西部,意大利 / 西班牙 / 西德,意大利语 / 西班牙语 / 英语,1964-09-12(意大利),100分钟,为了几块钱 / A Fistful of Dollars / For a Fistful of Dollars,tt0058461,8.4,91095,36.9%,48.2%
1302542,https://movie.douban.com/subject/1302542/,血迷宫 Blood Simple (1984),乔尔·科恩,伊桑·科恩 / 乔尔·科恩,约翰·盖兹 / 弗兰西斯·麦克多蒙德 / 丹·哈达亚 / M·埃梅特·沃尔什,剧情 / 悬疑 / 惊悚 / 犯罪,美国,英语,1984-09-07,99分钟 / 96分钟(导演剪辑版),血简单,tt0086979,7.8,50973,20.0%,53.6%
1302637,https://movie.douban.com/subject/1302637/,我这样过了一生 我這樣過了一生 (1985),张毅,张毅 / 萧飒,杨惠姗 / 李立群 / 刘明 / 文英 / 英英 / 更多...,剧情 / 家庭,中国台湾,汉语普通话,1985-10-09(中国台湾),120分钟,"Kuei-mei, a Woman",tt0092231,8.3,10182,32.1%,51.8%
1302642,https://movie.douban.com/subject/1302642/,花火 HANA-BI (1997),北野武,北野武,北野武 / 岸本加世子 / 大杉涟 / 寺岛进 / 渡边哲 / 更多...,剧情 / 爱情 / 惊悚 / 犯罪,日本,日语,1997-09-03(威尼斯电影节) / 1998-01-24(日本),103分钟,はなび / Fireworks,tt0119250,8.6,141216,45.5%,42.4%
1302654,https://movie.douban.com/subject/1302654/,奇门遁甲 奇門遁甲 (1982),袁和平,袁祥仁 / 袁和平 / 赵中兴 / 袁信义 / 袁振洋,袁日初 / 梁家仁 / 袁祥仁 / 袁振洋 / 高雄 / 更多...,喜剧 / 动作 / 奇幻 / 古装,中国香港,粤语,1982-07-23,101分钟,六鬼灵童(台) / The Miracle Fighters,tt0084557,8.2,35029,31.3%,48.9%
1302675,https://movie.douban.com/subject/1302675/,夏天的故事 Conte d'été (1996),埃里克·侯麦,埃里克·侯麦,梅尔维尔·珀波 / 阿曼达·朗格勒 / 格瓦娜埃尔·西蒙 / 奥蕾莉亚·诺林 / Aimé Lefèvre / 更多...,剧情 / 爱情,法国,法语,1996-06-05,113分钟,夏日的故事 / 人间四季之夏天的故事 / A Summer's Tale / A Tale of Summer,tt0115940,8.3,73122,31.7%,52.1%
1302678,https://movie.douban.com/subject/1302678/,逃学威龙3之龙过鸡年 逃學威龍III之龍過雞年 (1993),王晶,王晶,周星驰 / 梅艳芳 / 陈百祥 / 周海媚 / 梁家仁 / 更多...,喜剧,中国香港,粤语,1993-01-14,89 分钟,逃学威龙3之第七感抓财神 / 逃学威龙3龙过鸡年 / Fight Back to School III,tt0108293,7.7,156901,23.3%,41.5%
1302753,https://movie.douban.com/subject/1302753/,飞鹰计划 飛鷹計劃 (1991),成龙,邓景生 / 成龙 / 马美萍,成龙 / 郑裕玲 / 伊娃·柯博 / 池田昌子 / 阿尔多·桑布雷利 / 更多...,喜剧 / 动作 / 冒险,中国香港,粤语,1991-02-07(中国香港),107分钟 / 117分钟(加长版),上帝武装2 / Armour of God II: Operation Condor,tt0099558,7.9,95327,24.5%,49.8%
1302770,https://movie.douban.com/subject/1302770/,阿基拉 Akira (1988),大友克洋,大友克洋 / 桥本以藏,岩田光央 / 佐佐木望 / 小山茉美 / 玄田哲章 / 大竹宏 / 更多...,动作 / 科幻 / 动画,日本,日语,1988-07-16(日本),124分钟,光明战士阿基拉 / 亚基拉 / 亚辉罗 / アキラ,tt0094625,8.5,105402,43.5%,41.4%
1302827,https://movie.douban.com/subject/1302827/,人工智能 A.I. Artificial Intelligence (2001),史蒂文·斯皮尔伯格,布莱恩·奥尔迪斯 / 伊恩·沃森 / 史蒂文·斯皮尔伯格,海利·乔·奥斯蒙 / 弗兰西丝·奥康纳 / 山姆·洛巴兹 / 杰克·托马斯 / 裘德·洛 / 更多...,剧情 / 科幻,美国,英语,2001-06-29(美国),146分钟,AI人工智慧,tt0212720,8.7,506803,48.8%,38.3%
1302874,https://movie.douban.com/subject/1302874/,风月 (1996),陈凯歌,舒琪 / 陈凯歌 / 王安忆,张国荣 / 巩俐 / 林健寰 / 何赛飞 / 任雷 / 更多...,剧情 / 爱情,中国香港 / 中国大陆,汉语普通话,1996-05-09(中国香港),130分钟,Temptress Moon,tt0116295,7.7,52887,22.3%,45.9%
1302941,https://movie.douban.com/subject/1302941/,戏梦人生 戲夢人生 (1993),侯孝贤,吴念真 Nien-Jen Wu / 李天禄 / 朱天文,蔡振南 / 洪流 / 黄倩茹 / 李天禄 / 林强 / 更多...,剧情 / 传记 / 战争,中国台湾,汉语普通话 / 日语 / 闽南语,1994-05-19(中国香港) / 1993-05-24(戛纳电影节),142分钟,Puppetmaster / The Puppet Master,tt0107157,8.3,13956,33.8%,49.3%
1302977,https://movie.douban.com/subject/1302977/,赌侠2：上海滩赌圣 賭俠II上海灘賭聖 (1991),王晶,王晶,周星驰 / 巩俐 / 吕良伟 / 向华强 / 吴君如 / 更多...,喜剧 / 奇幻,中国香港,粤语 / 英语 / 汉语普通话 / 法语,1991-08-21(中国香港),116分钟,赌侠2之上海滩赌圣 / God of Gamblers Part III: Back to Shanghai,tt0101783,7.8,154181,23.8%,44.1%
1302987,https://movie.douban.com/subject/1302987/,珍珠港 Pearl Harbor (2001),迈克尔·贝,兰道尔·华莱士,本·阿弗莱克 / 乔什·哈奈特 / 凯特·贝金赛尔 / 威廉姆·李·斯科特 / Greg Zola / 更多...,剧情 / 爱情 / 历史 / 战争,美国,英语 / 日语 / 法语 / 汉语普通话,2001-08-10(中国大陆) / 2001-05-25(美国),183分钟 / 184分钟(导演剪辑版),Tennessee,tt0213149,8.1,295200,29.2%,48.0%
1303001,https://movie.douban.com/subject/1303001/,西伯利亚的理发师 Сибирский цирюльник (1998),尼基塔·米哈尔科夫,尼基塔·米哈尔科夫 / 罗斯伯·帕伦伯格 / 鲁斯塔姆·伊布拉吉姆别科夫,朱莉娅·奥蒙德 / 欧列格·缅希科夫 / 阿列克谢·彼得连科 / 理查德·哈里斯 / 弗拉基米尔·伊林,剧情 / 喜剧 / 爱情,俄罗斯 / 法国 / 意大利 / 捷克,俄语 / 英语 / 法语 / 德语,1998-10-30(首映) / 1999-02-20(俄罗斯),180分钟 / 275分钟(俄罗斯电视版本),西伯利亚的情人 / 情留西伯利亚 / The Barber of Siberia,tt0120125,8.6,45635,45.1%,40.9%
1303010,https://movie.douban.com/subject/1303010/,蒙娜丽莎的微笑 Mona Lisa Smile (2003),迈克·内威尔,劳伦斯·康纳尔 / 马克·罗森塔尔,朱莉娅·罗伯茨 / 克尔斯滕·邓斯特 / 朱丽娅·斯蒂尔斯 / 玛吉·吉伦哈尔 / 金妮弗·古德温 / 更多...,剧情 / 爱情,美国,英语 / 意大利语,2004-02-12(中国大陆) / 2003-12-19(美国),117分钟,蒙罗丽莎的微笑,tt0304415,8,67298,26.1%,48.8%
1302930,https://movie.douban.com/subject/1302930/,老人与海 The Old Man and the Sea (1999),亚历山大·彼德洛夫,亚历山大·彼德洛夫 / 欧内斯特·海明威,高登·平森特 / Kevin Duhaney / 松田洋治 / 三国连太郎,动画 / 短片,俄罗斯 / 加拿大 / 日本,英语 / 法语,1999-07-03(日本),20分钟,老人と海,tt0207639,8.9,26493,56.2%,34.9%
1303021,https://movie.douban.com/subject/1303021/,小鞋子 بچه های آسمان (1997),马基德·马基迪,马基德·马基迪,默罕默德·阿米尔·纳吉 / 阿米尔·法拉赫·哈什米安 / 巴哈丽·西迪奇 / 纳菲丝·贾法-穆罕默迪 / 费雷什特·萨拉班迪 / 更多...,剧情 / 家庭 / 儿童,伊朗,波斯语,1997-02-01(曙光旬国际电影节) / 1999-01-22(美国),89分钟,天堂的孩子 / 小童鞋 / Children of Heaven / Bacheha-Ye aseman / بچههای آسمان,tt0118849,9.2,468709,66.9%,28.4%
1303036,https://movie.douban.com/subject/1303036/,暴雨将至 Пред дождот,米尔科·曼彻夫斯基,米尔科·曼彻夫斯基,格莱戈尔·科林 / 杰麦伊尔·马克苏特 / 拉宾娜·米特威斯卡 / 米莉察·斯托扬诺娃 / 彼得·米尔切夫斯基 / 更多...,剧情 / 爱情 / 战争,英国 / 法国 / 北马其顿,马其顿语 / 英语 / 阿尔巴尼亚语 / 法语 / 德语,1994-09-01(威尼斯电影节),113分钟,山雨欲来 / 雨前 / Before the Rain / Pred dozhdot,tt0110882,8.6,34075,44.8%,42.8%
1303037,https://movie.douban.com/subject/1303037/,喜宴 囍宴 (1993),李安,李安 / 冯光远 / 詹姆斯·夏慕斯,赵文瑄 / 归亚蕾 / 郎雄 / 金素梅 / 米切尔·利希藤斯坦 / 更多...,剧情 / 喜剧 / 爱情 / 同性 / 家庭,中国台湾 / 美国,汉语普通话 / 英语,1993-02(柏林电影节) / 1993-08-04(美国),108分钟,The Wedding Banquet,tt0107156,9,435822,56.4%,37.3%
1303031,https://movie.douban.com/subject/1303031/,教室别恋 Lust och fägring stor (1995),波·维德伯格,波·维德伯格,约翰·维德伯格 / 马莉卡·拉格尔克朗斯 / 托马斯·冯·布罗姆森 / 卡琳·胡尔特 / 尼娜·贡克 / 伯恩·谢尔曼 / 肯内特·米尔多夫 / 西格·塞德隆德 / 乔治·比塞特 / 佩尔·奥洛夫·伯耶松 / 莫妮卡·斯滕贝克 / 芒努斯·安德松 / 米卡埃尔·本特松 / 佩卡·奥尔斯泰特 / 霍坎·安德松 / 比约恩·贝里斯特伦 / 弗里达·法瑞尔 / 托马茨·兰斯米尔,剧情 / 爱情 / 情色 / 战争,瑞典 / 丹麦,瑞典语 / 西班牙语 / 英语 / 葡萄牙语 / 德语,1995-11-03(瑞典) / 1996-01-19(丹麦),132分钟,所有的一切都合理 / All Things Fair,tt0113720,7.2,42178,13.8%,40.0%
1303066,https://movie.douban.com/subject/1303066/,莫斯科不相信眼泪 Москва слезам не верит (1980),弗拉基米尔·缅绍夫,瓦连金·切尔内赫 / 弗拉基米尔·缅绍夫,薇拉·阿莲托娃 / 阿列克谢·巴塔洛夫 / 伊琳娜·穆拉维耶娃 / 亚历山大·法秋申 / 罗莎·梁赞诺娃 / 更多...,剧情 / 喜剧 / 爱情,苏联,俄语,1980-02-11(苏联),148分钟,Moscow Does Not Believe in Tears,tt0079579,8.5,24477,40.8%,45.5%
1303067,https://movie.douban.com/subject/1303067/,影武者 (1980),黑泽明,黑泽明 / 井手雅人,仲代达矢 / 山崎努 / 萩原健一 / 根津甚八 / 大泷秀治 / 更多...,剧情 / 历史 / 战争,日本 / 美国,日语,1980-04-26(日本),180分钟 / 159分钟(国际版),影子武士 / Kagemusha / Kagemusha the Shadow Warrior,tt0080979,9.1,85753,60.6%,32.4%
1303073,https://movie.douban.com/subject/1303073/,望乡 サンダカン八番娼館 望郷 (1974),熊井启,熊井启 / 广泽荣 / 山崎朋子,栗原小卷 / 田中绢代 / 高桥洋子 / 田中健 / 滨田光夫 / 更多...,剧情 / 历史 / 战争,日本,日语 / 马来语,1974-11-02(日本),120分钟,山打根八号娼馆 / Sandakan No. 8,tt0073654,8.8,14772,49.5%,41.3%
1303075,https://movie.douban.com/subject/1303075/,这里的黎明静悄悄 А зори здесь тихие (1972),斯坦尼斯拉夫·罗斯托茨基,鲍里斯·瓦西里耶夫 / 斯坦尼斯拉夫·罗斯托茨基,安德烈·马尔蒂诺夫 / 伊琳娜·多尔加诺娃 / 伊莲娜·德罗佩科 / 叶卡捷琳娜·马尔科娃 / 奥尔佳·奥斯特罗乌莫娃 / 更多...,剧情 / 历史 / 战争,苏联,俄语 / 德语,1972-08-27(威尼斯电影节) / 1972-11-04(苏联),188分钟,A zori zdes tikhie / The Dawns Here Are Quiet,tt0068161,8.7,13836,48.2%,41.3%
1303083,https://movie.douban.com/subject/1303083/,怪谈 怪談 (1964),小林正树,水木洋子 / 小泉八云,新珠三千代 / 渡边美佐子 / 三国连太郎 / 石山健二郎 / 赤木兰子 / 更多...,剧情 / 恐怖 / 奇幻,日本,日语,1964-12-29(日本),183分钟,奇谈 / Kwaidan / Ghost Stories,tt0058279,8.6,30434,44.1%,42.3%
1303074,https://movie.douban.com/subject/1303074/,土耳其狂欢 Turks fruit (1973),保罗·范霍文,杰拉德·索特曼 / 让·沃克斯,莫妮卡·梵·德·冯 / 鲁格·豪尔 / 托尼·赫德曼 / Wim van den Brink / Hans Boskamp / 更多...,剧情 / 爱情 / 情色,荷兰,荷兰语 / 英语,1973-02-22(荷兰),108分钟,Turkish Delight (英),tt0070842,7.4,8155,17.8%,41.7%
1303145,https://movie.douban.com/subject/1303145/,薄荷糖 박하사탕 (1999),李沧东,李沧东,薛景求 / 文素利 / 金汝珍 / 徐情 / 高瑞熙 / 更多...,剧情,韩国 / 日本,韩语,1999-10-14(釜山电影节) / 2000-01-01(韩国),130分钟,Peppermint Candy,tt0247613,8.6,113999,43.6%,42.9%
1303170,https://movie.douban.com/subject/1303170/,上海皇帝之雄霸天下 (1993),潘文杰,麦当雄 / 萧若元,吕良伟 / 郑则仕 / 徐锦江 / 刘嘉玲 / 叶童,剧情 / 悬疑 / 犯罪,中国香港,粤语,1993-05-13,104 分钟 / Hong Kong: 102 分钟(cut version),Lord of East China Sea II,tt0108105,7.9,18204,23.3%,50.3%
1303173,https://movie.douban.com/subject/1303173/,甲方乙方 (1997),冯小刚,冯小刚 / 王刚,葛优 / 刘蓓 / 何冰 / 冯小刚 / 英达 / 更多...,喜剧,中国大陆,汉语普通话,1997-12-24(中国大陆),87分钟,比火还热的心 / 你不是一个俗人 / The Dream Factory,tt0260987,8.5,368591,37.7%,48.6%
1303184,https://movie.douban.com/subject/1303184/,异度空间 異度空間 (2002),罗志良,尔冬升 / 罗志良 / 杨倩玲,张国荣 / 林嘉欣 / 李子雄 / 周嘉玲 / 徐少强 / 更多...,剧情 / 恐怖,中国香港,粤语,2005-03-25(中国大陆) / 2002-03-28(中国香港),100 分钟,Inner Senses,tt0316023,7.6,108310,18.7%,44.0%
1303246,https://movie.douban.com/subject/1303246/,狙击电话亭 Phone Booth (2002),乔·舒马赫,拉里·柯恩,科林·法瑞尔 / 基弗·萨瑟兰 / 福里斯特·惠特克 / 拉达·米切尔 / 凯蒂·霍尔姆斯 / 更多...,惊悚 / 犯罪,美国,英语 / 斯瓦希里语,2002-09-10(多伦多电影节) / 2003-04-04(美国),81分钟,来电险事 / 绝命铃声 / 电话亭,tt0183649,7.9,210728,22.4%,52.3%
1303333,https://movie.douban.com/subject/1303333/,你妈妈也一样 Y tu mamá también (2001),阿方索·卡隆,阿方索·卡隆 / 卡洛斯·卡隆,盖尔·加西亚·贝纳尔 / 迭戈·卢纳 / 玛丽维尔·贝尔杜 / 丹尼尔·希梅内斯·卡乔 / 安娜·洛佩斯·梅尔卡多 / 更多...,剧情 / 情色,墨西哥,西班牙语,2001-06-08(墨西哥) / 2001-08-30(威尼斯电影节),106 分钟,你他妈的也是(台) / 衰仔失乐园(港) / 你妈妈也是 / 你的妈妈也一样 / 你还有妈妈 / 我操了你妈 / And Your Mother Too,tt0245574,7.5,26460,18.5%,46.0%
1303357,https://movie.douban.com/subject/1303357/,纸月亮 Paper Moon (1973),彼得·博格丹诺维奇,乔·大卫·布朗 / 阿尔文·萨金特,瑞安·奥尼尔 / 塔图姆·奥尼尔 / 玛德莲·卡恩 / 约翰·席勒曼 / P.J.乔森 / 更多...,剧情 / 喜剧 / 犯罪,美国,英语,1973-05-09(美国),102分钟,大老千与小鬼头,tt0070510,8.5,20555,37.3%,50.7%
1303364,https://movie.douban.com/subject/1303364/,资产阶级的审慎魅力 Le Charme discret de la bourgeoisie (1972),路易斯·布努埃尔,路易斯·布努埃尔 / 让-克劳德·卡里埃尔,费尔南多·雷伊 / 保罗·弗朗克尔 / 德菲因·塞里格 / 布鲁·欧吉尔 / 斯特凡·奥德朗 / 更多...,剧情 / 喜剧 / 奇幻,法国 / 意大利 / 西班牙,法语 / 西班牙语 / 拉丁语,1972-09-15,102分钟,中产阶级拘谨的魅力(港/台) / 中产阶级的审慎魅力 / 中产阶级的诱惑 / 资产阶级隐秘的魅力 / 资产阶级的魅力 / The Discreet Charm of the Bourgeoisie,tt0068361,8.2,47149,30.8%,50.4%
1303376,https://movie.douban.com/subject/1303376/,金枝玉叶 金枝玉葉,陈可辛,阮世生 / 陈可辛 / 李志毅 / 陈宝华 / 许愿 / 更多...,袁咏仪 / 张国荣 / 刘嘉玲 / 陈小春 / 曾志伟 / 更多...,喜剧 / 爱情 / 同性,中国香港,粤语,1994-07-23(中国香港),107分钟,"He's a Woman, She's a Man",tt0109958,8.4,121963,37.6%,47.1%
1303388,https://movie.douban.com/subject/1303388/,安全至下 Safety Last! (1923),弗雷德·C·纽迈尔 / 山姆·泰勒,哈尔·罗奇 / 山姆·泰勒 / 蒂姆·威伦 / H.M. 沃克 / 让·C·阿韦 / 更多...,哈罗德·劳埃德 / 米尔德丽德·戴维斯 / 比尔·斯特罗瑟 / 诺厄·扬 / 韦斯科特·克拉克 / 更多...,喜剧 / 爱情 / 惊悚,美国,无对白,1923-04-01,74分钟,最后安全 / 平安是福,tt0014429,8.8,13899,51.8%,39.5%
1303164,https://movie.douban.com/subject/1303164/,第十三层 The 13th Floor (1988),克里斯·罗哈,克里斯·罗哈,Kylie Clare / Tony Blackett / Allen Leong / Matthew Nicholls / Nik Forster / Vic Rooney / 乔吉·帕克 / Lisa Hensley / 米兰达·奥图 / Jeff Truman / Paul Hunt / Tim McKenzie / Adam Cook / Cathren Michalak / 迈克尔·卡顿,恐怖,澳大利亚,英语,1988-05(戛纳电影节),100分钟,十三层楼,tt0094591,8.3,6128,35.3%,47.5%
1303408,https://movie.douban.com/subject/1303408/,福尔摩斯二世 Sherlock Jr. (1924),巴斯特·基顿,让·C·阿韦 / Joseph A. Mitchell / 克莱德·布鲁克曼,巴斯特·基顿 / 凯瑟琳·麦奎尔 / 乔·基顿 / Erwin Connelly / Ward Crane / 更多...,喜剧 / 动作 / 爱情,美国,无对白,1924-04-21(美国),45分钟,小私家侦探,tt0015324,9.4,34723,76.4%,19.8%
1303418,https://movie.douban.com/subject/1303418/,你逃我也逃 To Be or Not to Be (1942),恩斯特·刘别谦,恩斯特·刘别谦 / 梅尔希奥·伦杰尔 / 埃德温·贾斯特斯·迈耶,卡洛·朗白 / 杰克·本尼 / 罗伯特·斯塔克 / 菲利克斯·布雷萨特 / 莱昂内尔·阿特威尔 / 更多...,喜剧 / 爱情 / 战争,美国,英语 / 德语,1942-03-06(美国),99分钟,生存还是毁灭 / 戏谍人生 / 扮嘢奇兵 / 生死攸关 / 嗨！我的元首 / 生或死 / 生死问题，是死？是活？ / 生死大逃亡,tt0035446,9.3,60061,68.1%,27.1%
1303447,https://movie.douban.com/subject/1303447/,火星任务 Mission to Mars (2000),布莱恩·德·帕尔玛,格雷厄姆·约斯特 / 吉姆·托马斯 / 约翰·托马斯 / 洛威尔·凯农,加里·辛尼斯 / 蒂姆·罗宾斯 / 唐·钱德尔 / 康妮·尼尔森 / 杰瑞·奥康奈尔,剧情 / 科幻 / 惊悚 / 冒险,美国,英语,2000-03-06(美国),114分钟,目的地火星 / 火星计划 / 火星使命,tt0183523,7.6,33834,18.3%,48.2%
1303451,https://movie.douban.com/subject/1303451/,海上花 (1998),侯孝贤,朱天文 / 韩邦庆 / 张爱玲,梁朝伟 / 羽田美智子 / 刘嘉玲 / 李嘉欣 / 高捷 / 更多...,剧情,中国台湾 / 日本,粤语 / 上海话,1998-10-01(中国台湾) / 1998-05-20(戛纳电影节),113分钟,Flowers of Shanghai,tt0156587,8.2,95567,32.5%,48.6%
1303458,https://movie.douban.com/subject/1303458/,南国再见，南国 南國再見，南國 (1996),侯孝贤,高捷 / 朱天文 / 林强,高捷 / 林强 / 伊能静 / 徐贵樱 / 高明,剧情 / 犯罪,中国台湾 / 日本,汉语普通话 / 闽南语,1996-05-13(戛纳电影节) / 1996-09-06(多伦多电影节),124 分钟 / 116分钟(美国),"Goodbye South, Goodbye",tt0117151,8.1,27194,28.1%,51.2%
1303394,https://movie.douban.com/subject/1303394/,青蛇 (1993),徐克,李碧华 / 徐克,张曼玉 / 王祖贤 / 赵文卓 / 吴兴国 / 马精武 / 更多...,剧情 / 爱情 / 奇幻 / 古装,中国香港 / 中国大陆,粤语 / 汉语普通话,2025-08-23(中国大陆) / 1993-11-04(中国香港),99分钟,Green Snake,tt0106559,8.6,605139,45.8%,41.9%
1303459,https://movie.douban.com/subject/1303459/,妖夜慌踪 Lost Highway (1997),大卫·林奇,巴里·吉福德 / 大卫·林奇,比尔·普尔曼 / 帕特丽夏·阿奎特 / 巴萨扎·盖提 / 罗伯特·劳吉亚 / 罗伯特·布莱克 / 更多...,悬疑 / 惊悚,法国 / 美国,英语,1997-01-15(法国) / 1997-02-21(美国),134分钟,惊狂(台) / 妖夜荒踪 / 迷失的高速公路 / 失落的高速公路 / 迷失高速公路,tt0116922,8.1,41945,32.3%,46.0%
1303462,https://movie.douban.com/subject/1303462/,离魂异客 Dead Man (1995),吉姆·贾木许,吉姆·贾木许,约翰尼·德普 / 加利·法梅尔 / 克里斯平·格洛弗 / 兰斯·亨利克森 / 迈克尔·维克特 / 更多...,剧情 / 西部 / 奇幻 / 冒险,美国 / 德国 / 日本,英语,1995-05-26,121分钟,死人 / 你看见死亡的颜色吗？,tt0112817,8,26088,29.8%,45.7%
1303463,https://movie.douban.com/subject/1303463/,冷酷祭典 La cérémonie (1995),克洛德·夏布洛尔,露丝·伦德尔 / 克洛德·夏布洛尔 / 卡罗琳·埃利亚凯夫,伊莎贝尔·于佩尔 / 桑德里娜·博内尔 / 让-皮埃尔·卡塞尔 / 杰奎琳·比塞特 / 维吉妮·拉朵嫣 / 更多...,剧情 / 惊悚 / 犯罪,法国 / 德国,法语,1995-08-30(法国),111分钟,仪式 / A Judgement in Stone,tt0112769,8,19326,25.5%,53.2%
1303471,https://movie.douban.com/subject/1303471/,生生长流 زندگی و دیگر هیچ (1992),阿巴斯·基亚罗斯塔米,阿巴斯·基亚罗斯塔米,法德哈·基德曼 / 布巴·巴尤尔· / 奥西纳·法赫 / 侯赛因·拉扎伊 / Tahereh Ladanian,剧情 / 灾难,伊朗,波斯语,1992-02-01(伊朗),95分钟 / 102分钟(阿根廷) / 108分钟(加拿大) / 91分钟(台湾),"春风吹又生(港) / 生活在继续 / Zendegi va digar hich / And Life Goes on... / Life, and Nothing More...",tt0105888,8.8,26615,49.9%,40.3%
1303472,https://movie.douban.com/subject/1303472/,双峰：与火同行 Twin Peaks: Fire Walk with Me (1992),大卫·林奇,大卫·林奇 / 罗伯特·恩格斯 / 马克·弗罗斯特,雪莉·李 / 雷·怀斯 / 梅晨·阿米克 / 达纳·艾希布鲁克 / Phoebe Augustine / 更多...,剧情 / 悬疑 / 惊悚 / 恐怖,法国 / 美国,英语 / 拉丁语,1992-06-03,135 分钟,迷离劫(港) / 双峰镇：与火同行,tt0105665,8,20414,30.8%,44.4%
1303482,https://movie.douban.com/subject/1303482/,偷偷爱你 偷偷愛你 (1996),谭朗昌,王晶,梁朝伟 / 邱淑贞 / 葛民辉 / 刘锦玲 / 乔宏 / 更多...,剧情 / 喜剧 / 爱情,中国香港,粤语,1996-01-04(中国香港),99分钟,新与龙共舞之偷偷爱你 / Blind Romance,tt0117948,7.7,28004,21.9%,44.4%
1303485,https://movie.douban.com/subject/1303485/,洗澡 (1999),张杨,张杨 / 刘奋斗 / 霍昕 / 刁亦男 / 蔡尚君,姜武 / 濮存昕 / 朱旭 / 李丁 / 封顺 / 更多...,剧情 / 喜剧 / 家庭,中国大陆,汉语普通话,1999-09-14(多伦多电影节),92分钟,Shower,tt0215369,8.4,76470,37.0%,49.2%
1303521,https://movie.douban.com/subject/1303521/,特写 کلوزآپ (1990),阿巴斯·基亚罗斯塔米,阿巴斯·基亚罗斯塔米,侯赛因·萨布齐恩 / 莫森·马克马尔巴夫 / Abolfazl Ahankhah / Mehrdad Ahankhah / Monoochehr Ahankhah / 更多...,剧情 / 犯罪,伊朗,波斯语 / 阿塞拜疆语,1990-02-01(伊朗曙光旬电影节),98分钟,نمای نزدیک / Close-Up / Nema-ye Nazdik,tt0100234,8.8,37397,53.0%,37.1%
1303460,https://movie.douban.com/subject/1303460/,战栗黑洞 In the Mouth of Madness,约翰·卡朋特,迈克·德·鲁卡,山姆·尼尔 / 朱莉·卡门 / 尤尔根·普洛斯诺,悬疑 / 恐怖 / 奇幻,美国,英语,1994-12-10(黑色电影节) / 1995-02-03(美国),95 分钟,完全魔鬼手册 / 落入虎口 / 疯人之口,tt0113409,7.8,35024,24.7%,46.3%
1303525,https://movie.douban.com/subject/1303525/,流浪者之歌 Дом за вешање (1988),埃米尔·库斯图里察,埃米尔·库斯图里察 / 戈尔丹·米希奇,达沃尔·杜伊莫维奇 / 博拉·托德洛维奇 / 柳比察·阿德若维奇 / 扎比特·梅梅托夫 / 普雷德拉格·拉科维奇 / 更多...,剧情 / 喜剧 / 犯罪 / 奇幻,意大利 / 英国 / 南斯拉夫,罗马尼语 / 塞尔维亚克罗地亚语 / 意大利语 / 英语 / 德语 / 马其顿语 / 斯洛文尼亚语,1988-12-21(南斯拉夫),142分钟 / 270分钟(加长版),茨冈人的时代 / 天伦劫 / 吉普赛年代 / 吉普赛人的时光 / The Time of the Gypsies / Dom za vešanje,tt0097223,9,28452,58.8%,32.3%
1303531,https://movie.douban.com/subject/1303531/,下班后 After Hours (1985),马丁·斯科塞斯,约瑟夫·米恩,格里芬·邓恩 / 罗姗娜·阿奎特 / 弗娜·布鲁姆 / 汤米·钟 / 琳达·费奥伦蒂诺 / 更多...,剧情 / 喜剧 / 惊悚,美国,英语,1985-09-13,97 分钟,八小时之外 / 业余时间 / 三更半夜(港),tt0088680,8.1,18697,28.5%,51.3%
1303535,https://movie.douban.com/subject/1303535/,战场上的快乐圣诞 Merry Christmas Mr. Lawrence (1983),大岛渚,劳伦斯·凡·德·普司特 / 大岛渚 / 保罗·梅尔斯贝格,大卫·鲍伊 / 汤姆·康蒂 / 坂本龙一 / 北野武 / 杰克·汤普森 / 更多...,剧情 / 同性 / 战争,英国 / 新西兰 / 日本,英语 / 日语,1983-05-11(戛纳电影节) / 1983-05-28(日本) / 1983-08-25(英国),123分钟,"俘虏(台) / 圣诞快乐，劳伦斯先生 / Merry Christmas, Mr. Lawrence / 戦場のメリークリスマス",tt0085933,8.8,162658,51.3%,37.5%
1303536,https://movie.douban.com/subject/1303536/,钱 L'argent (1983),罗伯特·布列松,列夫·托尔斯泰 / 罗伯特·布列松,克里斯蒂安·佩蒂 / Vincent Risterucci / Caroline Lang / Sylvie Van den Elsen / Michel Briguet / 更多...,剧情 / 犯罪,法国 / 瑞士,法语 / 拉丁语,1983-05-16(戛纳电影节) / 1983-05-18(法国),85分钟,金钱 / Money,tt0085180,8.3,20346,34.7%,48.3%
1303526,https://movie.douban.com/subject/1303526/,女人韵事 Une affaire de femmes (1988),克洛德·夏布洛尔,科洛·塔维涅 / 克洛德·夏布洛尔 / Francis Szpiner,伊莎贝尔·于佩尔 / 弗朗索瓦·克鲁塞 / 玛丽·特兰蒂尼昂 / 尼尔斯·塔维涅 / 洛丽塔·夏马 / 更多...,剧情 / 爱情 / 历史,法国,法语 / 德语,1988-09-14,108分钟,女人情事 / 一桩妇女公案 / Story of Women,tt0096336,8.2,14808,27.5%,56.1%
1303542,https://movie.douban.com/subject/1303542/,石榴的颜色 Նռան գույնը (1969),谢尔盖·帕拉杰诺夫,Sayat Nova / 谢尔盖·帕拉杰诺夫,索菲柯·齐阿乌列里 / 米尔克·阿尔克桑亚 / 维勒·加尔斯特亚 / 高吉·格吉奇科里 / 斯巴达克·巴加什维利 / 更多...,剧情 / 传记 / 历史,苏联,亚美尼亚语 / 阿塞拜疆语 / 格鲁吉亚语,1969-10(亚美尼亚),79分钟(亚美尼亚) / 73分钟(苏联),红尘百劫(港) / Սայաթ-Նովա / Sayat Nova / The Color of Pomegranates / Colour of Pomegranate / Red Pomegranate,tt0063555,8.6,30755,48.2%,38.0%
1303545,https://movie.douban.com/subject/1303545/,怪宴 Murder by Death (1976),罗伯特·穆尔,尼尔·西蒙,艾琳·布伦南 / 杜鲁门·卡波特 / 詹姆斯·可可 / 彼得·法尔克 / 亚历克·吉尼斯 / 更多...,喜剧 / 悬疑 / 惊悚 / 犯罪,美国,英语,1976-06-23,94 分钟,怪案 / 谋杀晚宴,tt0074937,8.1,21703,28.9%,50.5%
1303559,https://movie.douban.com/subject/1303559/,扒手 Pickpocket (1959),罗伯特·布列松,罗伯特·布列松,马丁·拉萨尔 / 玛莉卡·格林 / Jean Pélégri / Dolly Scal / Pierre Leymarie / 更多...,剧情 / 犯罪,法国,法语,1959-12-16(法国),75分钟,窃手,tt0053168,8.3,26682,33.5%,48.5%
1303543,https://movie.douban.com/subject/1303543/,玩乐时间 PlayTime (1967),雅克·塔蒂,雅克·塔蒂 / 雅克·拉格朗日 / 阿特·布赫瓦尔德,雅克·塔蒂 / 芭芭拉·丹内克 / 丽塔·麦登 / 弗兰斯·鲁米莉 / 弗兰斯·德拉哈勒 / 更多...,喜剧,法国 / 意大利,法语 / 英语 / 德语,1967-12-16(法国),155分钟 / 124分钟,嬉戏时间(港) / 游戏时间(台) / Playtime,tt0062136,8.8,45766,54.8%,33.7%
1303562,https://movie.douban.com/subject/1303562/,死囚越狱 Un Condamné à mort s'est échappé (1956),罗伯特·布列松,安德烈·德维尼 / 罗伯特·布列松,弗朗索瓦·莱特瑞尔 / 查尔斯·勒克莱恩 / 莫里斯·贝尔布洛克 / 罗兰·英纳德 / 雅克·埃尔托 / 更多...,剧情 / 惊悚 / 战争,法国,法语 / 德语,1956-11-11(法国),101分钟,最后逃生 / 抵抗 / Le vent souffle où il veut / A Man Escaped,tt0049902,8.5,24126,40.6%,44.6%
1303590,https://movie.douban.com/subject/1303590/,玻璃之城 (1998),张婉婷,罗启锐 / 张婉婷,黎明 / 舒淇 / 吴彦祖 / 杨张新悦 / 谷德昭 / 更多...,剧情 / 爱情,中国香港,英语 / 汉语普通话 / 粤语,1998-10-28(中国香港),110分钟,City of Glass,tt0179110,7.9,75615,25.4%,46.0%
1303577,https://movie.douban.com/subject/1303577/,雨月物语 雨月物語 (1953),沟口健二,辻久一 / 上田秋成 / 川口松太郎 / 依田义贤 / Isamu Yoshii,京町子 / 水户光子 / 田中绢代 / 森雅之 / 小泽荣太郎 / 更多...,剧情 / 战争 / 奇幻,日本,日语,1953-03-26(日本),96分钟,Ugetsu Monogatari / Tales of Ugetsu / Ugetsu,tt0046478,8.6,33576,42.7%,46.8%
1303638,https://movie.douban.com/subject/1303638/,都市情缘,刘镇伟,刘镇伟,黎明 / 吴孟达 / 吴倩莲 / 江希文 / 陈浩民,剧情 / 爱情,中国香港,粤语,1994-06-09,98 分钟,Love & The City / 叛逆小子 / 热血男儿,tt0109692,8.3,15283,36.2%,43.0%
1303654,https://movie.douban.com/subject/1303654/,杀人短片 Krótki film o zabijaniu (1988),克日什托夫·基耶斯洛夫斯基,克日什托夫·基耶斯洛夫斯基 / 克日什托夫·皮耶谢维奇,米罗斯瓦夫·巴卡 / 克日什托夫·格洛比什 / 扬·特萨利兹 / 比涅尤·扎塔西奇斯 / 芭芭拉·杰坎 / 更多...,剧情 / 犯罪,波兰,波兰语,1988-03-11(波兰),84分钟,杀人影片 / 杀诫 / 关于杀人的短片 / 教我如何去杀他 / A Short Film About Killing,tt0095468,8.2,18973,33.6%,45.6%
1303676,https://movie.douban.com/subject/1303676/,猛鬼大厦 猛鬼大廈 (1989),刘镇伟,刘镇伟,吴君如 / 楼南光 / 张敏 / 柏安妮 / 曹查理 / 更多...,喜剧 / 恐怖,中国香港,粤语,1989,93 分钟,魁星踢斗Ⅱ(台) / Thunder Cops / Operation Pink Squad II / 猛鬼福星,tt0093523,6.9,11755,12.8%,29.1%
1303695,https://movie.douban.com/subject/1303695/,洛奇3 Rocky III (1982),西尔维斯特·史泰龙,西尔维斯特·史泰龙,西尔维斯特·史泰龙 / 塔莉娅·夏尔 / 伯特·杨 / 卡尔·韦瑟斯 / 劳伦斯·特劳德,剧情 / 动作 / 运动,美国,英语,1982-05-28,99 分钟,洛奇第三集虎威 / 洛基3 / Rocky 3,tt0084602,8.3,20353,35.7%,45.0%
1303698,https://movie.douban.com/subject/1303698/,405谋杀案 (1980),沈耀庭,于本正 / 沈耀庭,仲星火 / 徐敏 / 严翔 / 史久峰 / 吴喜千 / 更多...,悬疑 / 惊悚,中国大陆,汉语普通话,1980-05-11(中国大陆),97分钟 / 102分钟(修复版),Murder In 405,tt0339981,8.5,23789,37.7%,49.1%
1303723,https://movie.douban.com/subject/1303723/,天堂陌影 Stranger Than Paradise (1984),吉姆·贾木许,吉姆·贾木许,约翰·劳瑞 / 伊斯特·伯林特 / 理查德·埃德森 / 切奇利娅·斯塔克 / Danny Rosen / 更多...,剧情 / 喜剧,美国 / 西德,英语 / 匈牙利语 / 意大利语,1984-11-09,89分钟,天堂异客 / 奇异的乐园,tt0088184,8.5,20128,40.3%,46.7%
1303815,https://movie.douban.com/subject/1303815/,你丫闭嘴！ Tais-toi! (2003),弗朗西斯·韦贝尔,弗朗西斯·韦贝尔,热拉尔·德帕迪约 / 让·雷诺 / 理查德·贝里 / 安德烈·杜索里埃 / 让-皮埃尔·马洛 / 更多...,喜剧 / 犯罪,法国 / 意大利,法语,2003-10-22(法国),85分钟,请你闭嘴 / 闭嘴 / Shut Up! / Ruby & Quentin!,tt0310203,8.1,225096,30.7%,47.9%
1303630,https://movie.douban.com/subject/1303630/,1303630,赵良骏,赵良骏 / 邹凯光,吴君如 / 曾志伟 / 陈奕迅 / 刘德华 / 梁家辉 / 胡军 / 黄日华 / 杜汶泽 Chapman To / 田蕊妮 / 张坚庭,剧情 / 喜剧,中国香港,粤语 / 普通话,2002-12-26(中国香港),106分钟(多伦多电影节),Golden Chicken,tt0354593,8,73695,30.4%,49.2%
1303823,https://movie.douban.com/subject/1303823/,癫佬正传 癲佬正傳 (1986),尔冬升,尔冬升,冯淬帆 / 叶德娴 / 秦沛 / 陈国新 / 周润发 / 更多...,剧情,中国香港,粤语,1986-06-05(中国香港),92分钟,天天星期七(台) / The Lunatics,tt0090940,8.6,27154,42.9%,45.3%
1303897,https://movie.douban.com/subject/1303897/,宠物坟场 Pet Sematary (1989),玛丽·兰伯特,斯蒂芬·金,戴尔·米德基夫 / 弗雷德·格温 / 丹尼斯·克罗斯比 / 布拉德·格林奎斯特 / 迈克尔·隆巴德 / 更多...,惊悚 / 恐怖,美国,英语,1989-04-21(美国),103分钟,夜半仔敲门(港) / 禁入坟场(台) / 宠物公墓,tt0098084,7.1,13839,12.1%,37.2%
1303907,https://movie.douban.com/subject/1303907/,百变狸猫 平成狸合戦ぽんぽこ,高畑勋,高畑勋,古今亭朝太時代 / 三木纪平 / 清川虹子 / 野野村真 / 石田百合子 / 更多...,剧情 / 喜剧 / 动画 / 奇幻,日本,日语,1994-07-16(日本),119 分钟,平成狸合战 / 狸猫物语 / The Raccoon War / Pom Poko,tt0110008,8.6,106102,45.5%,41.5%
1303913,https://movie.douban.com/subject/1303913/,南海十三郎 (1997),高志森,杜国威,谢君豪 / 潘灿良 / 苏玉华 / 梁汉威 / 吴绮莉 / 更多...,剧情 / 爱情 / 传记,中国香港,粤语,1997-05-15(中国香港),110分钟,The Mad Phoenix,tt0134836,9.3,104919,70.6%,24.0%
1303917,https://movie.douban.com/subject/1303917/,阴阳师 陰陽師 (2001),泷田洋二郎,福田靖 / 梦枕貘 / 江良至,野村万斋 / 伊藤英明 / 今井绘理子 / 小泉今日子 Kyôko Koizumi / 真田广之 / 更多...,剧情 / 动作 / 恐怖 / 奇幻,日本,日语,2001-10-06(日本),112 分钟 / Switzerland: 116 分钟,Onmyoji / Onmyoji: The Yin Yang Master / Ying Yang Masters,tt0355857,7.8,40688,24.1%,45.7%
1303927,https://movie.douban.com/subject/1303927/,数码宝贝 滚球兽的诞生 デジモンアドベンチャー (1999),细田守,本乡昭由 / 吉田玲子,藤田淑子 / 荒木香惠 / 坂本千夏 / 石丸博也 / 榊原良子 / 更多...,动画 / 短片 / 冒险,日本,日语,1999-03-06(日本),20分钟,光丘事件 / Digimon: The Movie / Digimon Adventure,tt2049430,9.3,8800,70.0%,23.7%
1303944,https://movie.douban.com/subject/1303944/,鬼咬鬼 (1990),刘观伟,黄炳耀,洪金宝 / 林正英 / 孟海 / 林敏骢 / 龚慈恩 / 更多...,喜剧 / 动作 / 恐怖,中国香港,粤语,1990-02-09(中国香港),94分钟,Encounter of the Spooky Kind II / Spooky Encounters 2,tt0080828,7.6,21396,20.7%,43.0%
1304021,https://movie.douban.com/subject/1304021/,人吓人 人嚇人 (1982),午马,洪金宝 / 黄炳耀,洪金宝 / 午马 / 林正英 / 钟楚红 / 许良美 / 更多...,喜剧 / 动作 / 恐怖 / 历史 / 奇幻,中国香港,粤语,1982-12-22(中国香港),99分钟,The Dead and the Deadly / Fights Among Ghosts / 귀타귀(속) / 鬼打鬼（续）,tt0084587,7.5,24877,19.2%,41.8%
1304022,https://movie.douban.com/subject/1304022/,大腕 (2001),冯小刚,石康 / 冯小刚 / 李晓明,葛优 / 关之琳 / 英达 / 保罗·马祖斯基 / 唐纳德·萨瑟兰 / 更多...,喜剧,中国大陆 / 中国香港,汉语普通话 / 英语,2001-12-21(中国大陆),103分钟 / 107分钟(蓝光版),Big Shot's Funeral,tt0287934,8,237953,25.5%,50.1%
1304026,https://movie.douban.com/subject/1304026/,我要复仇 복수는 나의 것 (2002),朴赞郁,朴赞郁 / 李无影 / 李宗容,宋康昊 / 申河均 / 裴斗娜 / 林志恩 / 韩宝贝 / 更多...,剧情 / 动作 / 惊悚,韩国,韩语 / 韩国手语,2002-03-29(韩国),120分钟,复仇者的怜悯 / 复仇 / Sympathy for Mr. Vengeance,tt0310775,7.9,88129,24.8%,50.8%
1304044,https://movie.douban.com/subject/1304044/,鬼童院 El espinazo del diablo (2001),吉尔莫·德尔·托罗,吉尔莫·德尔·托罗 / 安东尼奥·特拉索拉斯 / 大卫·穆尼奥斯,玛丽萨·帕雷德斯 / 爱德华多·诺列加 / 费德里科·路皮 / 费尔南多·提尔弗 / 因尼哥·加塞斯 / 更多...,悬疑 / 惊悚 / 恐怖 / 奇幻,西班牙 / 墨西哥,西班牙语,2001-04-20(西班牙),108分钟,恶魔的脊椎骨 / 魔童魅影 / 童院魅影 / The Devil's Backbone,tt0256009,7.2,10241,11.9%,42.9%
1304056,https://movie.douban.com/subject/1304056/,茜茜公主 Sissi (1955),恩斯特·马里施卡,恩斯特·马里施卡,罗密·施耐德 / 卡尔海因茨·伯姆 / 玛格达·施奈德 / 乌塔·弗朗茨 / 古斯塔夫·克努特,剧情 / 喜剧 / 爱情 / 历史,奥地利,德语,1955-12-22(西德),101分钟,我爱西施(台) / 女王的少女时代 / 茜西,tt0048624,8.5,121561,40.2%,43.7%
1304073,https://movie.douban.com/subject/1304073/,假如爱有天意 클래식 (2003),郭在容,郭在容,孙艺珍 / 赵寅成 / 曹承佑 / 李己雨 / 李珠恩 / 更多...,剧情 / 爱情,韩国,韩语,2003-01-30,133分钟,缘起不灭(台) / 不可不信缘 / 爱有天意 / 当爱经过时 / The Classic / Keulraesik,tt0348568,8.5,441514,42.4%,40.4%
1304091,https://movie.douban.com/subject/1304091/,东方三侠 東方三俠 (1993),杜琪峰,邵丽琼,梅艳芳 / 杨紫琼 / 张曼玉 / 刘松仁 / 黄秋生 / 更多...,动作 / 奇幻 / 武侠,中国香港,粤语 / 英语,1993-02-12,88 分钟,飞天侠女 / The Heroic Trio / Eastern Three Heroes,tt0105619,7.5,65297,17.9%,44.2%
1303847,https://movie.douban.com/subject/1303847/,1303847,罗布·施密特,阿兰·B·麦克埃尔罗伊,戴斯蒙德·哈灵顿 / 艾丽莎·杜什库 / 埃曼纽尔·施莱琪 / 杰瑞米·西斯托 / 凯文·席格斯 / 林蒂·布丝 / 朱利安·瑞钦斯 / Garry Robbins / Ted Clark / Yvonne Gaudry / Joel Harris / 大卫·胡班 / 韦恩·罗布森 / James Downing,惊悚 / 恐怖 / 冒险,美国 / 德国,英语,2003-05-30,84分钟,肢解狂魔 / 致命弯路 / 鬼挡墙 / 鬼挡路,tt0295700,8,55517,11.1%,27.8%
1304102,https://movie.douban.com/subject/1304102/,谍影重重 The Bourne Identity (2002),道格·里曼,托尼·吉尔罗伊 / 罗伯特·陆德伦 / W·布莱克·赫伦,马特·达蒙 / 弗朗卡·波滕特 / 克里斯·库珀 / 克里夫·欧文 / 朱丽娅·斯蒂尔斯 / 更多...,动作 / 悬疑 / 惊悚,美国 / 德国 / 捷克,英语 / 法语 / 德语 / 荷兰语 / 意大利语,2002-11-21(中国大陆) / 2002-06-14(美国),119分钟,叛谍追击(港) / 神鬼认证(台) / 伯恩的身份 / 身份的迷惑,tt0258463,8.6,492094,44.3%,42.5%
1304132,https://movie.douban.com/subject/1304132/,无敌反斗星 無敵反斗星 (1995),朱延平,谭志华,郝劭文 / 释小龙 / 吴孟达,喜剧 / 动作 / 奇幻 / 冒险,中国台湾 / 中国香港,汉语普通话,1995-07-20(中国香港),94分钟,新乌龙院2之无敌反斗星 / Super Mischievous,tt0114990,7.7,35090,21.7%,46.6%
1304141,https://movie.douban.com/subject/1304141/,黑客帝国2：重装上阵 The Matrix Reloaded (2003),拉娜·沃卓斯基 / 莉莉·沃卓斯基,莉莉·沃卓斯基 / 拉娜·沃卓斯基,基努·里维斯 / 劳伦斯·菲什伯恩 / 凯瑞-安·莫斯 / 雨果·维文 / 莫妮卡·贝鲁奇 / 更多...,动作 / 科幻,美国,英语 / 法语,2003-07-18(中国大陆) / 2003-05-07(韦斯特伍德首映) / 2003-05-15(美国),138分钟,22世纪杀人网络2：决战未来(港) / 骇客任务：重装上阵(台) / 廿二世纪杀人网络2：决战未来 / 黑客帝国2 / 骇客帝国2,tt0234215,8.7,459218,47.7%,40.3%
1304244,https://movie.douban.com/subject/1304244/,我和春天有个约会,高志森,杜国威,刘雅丽 / 苏玉华 / 罗冠兰 / 冯蔚蘅 / 吴大维 / 更多...,剧情 / 爱情 / 歌舞,中国香港,粤语,1994-04-21(中国香港),86 分钟,I Have A Date With Spring / 我和春天有个约会电影版,tt0111739,8,8799,28.7%,46.8%
1304129,https://movie.douban.com/subject/1304129/,德州电锯杀人狂 The Texas Chainsaw Massacre (2003),马库斯·尼斯佩尔,金·亨克尔 / 托比·霍珀 / 斯科特·考萨,杰西卡·贝尔 / 乔纳森·塔克 / 艾丽卡·李尔森 / 迈克·沃格尔 / 艾里克·巴弗尔 / 更多...,惊悚 / 恐怖,美国,英语,2003-10-17(美国),98分钟,新德州电锯杀人狂 / 新德州电锯大屠杀 / 新德克萨斯链锯杀人狂 / 德州电锯杀人狂2003,tt0324216,6.9,42569,11.8%,32.3%
1304304,https://movie.douban.com/subject/1304304/,朱丽叶与梁山伯 朱麗葉與梁山伯 (2000),叶伟信,邹凯光 / 叶伟信,吴君如 / 任达华 / 吴镇宇 / 葛民辉 / 刘以达 / 更多...,剧情 / 爱情,中国香港,粤语,2000-03-02,89 分钟,Juliet in Love,tt0260992,8.2,33268,32.0%,49.3%
1304337,https://movie.douban.com/subject/1304337/,台北晚九朝五 (2002),戴立忍,成英姝,张兆志 / 黄立行 / 杨谨华 / 高捷 / 黄玉荣 / 更多...,剧情 / 爱情 / 情色,中国台湾 / 中国香港,汉语普通话,2002-11-07,97 分钟,台北晚9朝5 / Twenty Something Taipei,tt0356148,6.7,22684,9.3%,31.5%
1304310,https://movie.douban.com/subject/1304310/,月球旅行记 Le voyage dans la lune (1902),乔治·梅里爱,乔治·梅里爱 / 赫伯特·乔治·威尔斯 / 儒勒·凡尔纳,弗朗索瓦·拉勒芒 / 朱勒-尤金·乐可利 / 维克多·安德烈 / 布鲁耶特·贝尔农 / 布鲁奈特 / 更多...,喜剧 / 动作 / 科幻 / 短片 / 奇幻 / 冒险,法国,无对白,1902-09-01(法国),14 分钟(16 fps) / 8 分钟(25 fps),月球之旅 / A Trip to the Moon,tt0000417,9.1,52296,64.8%,28.7%
1304374,https://movie.douban.com/subject/1304374/,百万英镑 The Million Pound Note (1954),罗纳德·尼姆,马克·吐温 / 吉尔·克雷吉,格利高里·派克 / 罗纳德·斯夸尔 / 乔伊丝·格伦菲尔 / 简·格里菲思 / A·E·马修斯 / 更多...,喜剧 / 爱情,英国,英语,1954-01-07(英国),90分钟,Man with a Million,tt0046072,8.3,64989,31.6%,53.8%
1304447,https://movie.douban.com/subject/1304447/,记忆碎片 Memento (2000),克里斯托弗·诺兰,克里斯托弗·诺兰 / 乔纳森·诺兰,盖·皮尔斯 / 凯瑞-安·莫斯 / 乔·潘托里亚诺 / 小马克·布恩 / 拉什·费加 / 更多...,剧情 / 悬疑 / 惊悚 / 犯罪,美国,英语,2026-05-29(中国大陆) / 2000-09-05(威尼斯电影节) / 2000-10-20(英国) / 2001-05-25(美国),114分钟,凶心人(港) / 记忆拼图(台) / 记忆迷局 / 失忆 / Amnesia,tt0209144,8.7,690306,47.1%,41.2%
1304406,https://movie.douban.com/subject/1304406/,天堂的颜色 رنگ خدا (1999),马基德·马基迪,马基德·马基迪,侯赛因·马哈古 / Mohsen Ramezani / Salameh Feyzi,剧情 / 家庭,伊朗,波斯语,1999-02-08(曙光旬电影节),90分钟,小孩子走天涯 / The Color of Paradise / The Color of God / Rang-e khoda,tt0191043,8.7,15014,45.4%,44.1%
1304476,https://movie.douban.com/subject/1304476/,独立时代 獨立時代,杨德昌,杨德昌,陈湘琪 / 王柏森 / 邓安宁 / 李芹 / 王维明 / 更多...,剧情,中国台湾,汉语普通话 / 闽南话,1994-09-12,125 分钟,A Confucian Confusion,tt0109685,8.8,84195,52.4%,37.5%
1304560,https://movie.douban.com/subject/1304560/,二子开店 (1987),王秉林,王秉林,陈强 / 陈佩斯 / 黄玲 / 金萍 / 梁天 / 更多...,剧情 / 喜剧,中国大陆,汉语普通话,1987(中国大陆),100分钟,天生我材必有用系列之二 / Erzi kai dian / Er Zi Has a Little Hotel,tt0350897,7.7,24886,18.3%,48.7%
1304585,https://movie.douban.com/subject/1304585/,BJ单身日记 Bridget Jones's Diary (2001),莎伦·马奎尔,理查德·柯蒂斯 / 安德鲁·戴维斯,蕾妮·齐薇格 / 科林·费尔斯 / 休·格兰特 / 吉姆·布劳德本特 / 雪莉·亨德森 / 更多...,喜剧 / 爱情,英国 / 法国 / 美国 / 爱尔兰,英语,2001-04-04(英国),97分钟,布雷吉特·琼斯的日记 / 布莉琪·琼斯的日记,tt0243155,7.5,250461,17.8%,43.7%
1304603,https://movie.douban.com/subject/1304603/,小飞象 Dumbo (1941),塞缪尔·阿姆斯特朗 / 诺曼·弗格森 / 威尔弗雷德·杰克逊 / 杰克·金尼 / 比尔·罗伯茨 / 更多...,乔·格兰特 / 狄克·休默 / 奥托·英格兰德 / 比尔·皮特 / Aurelius Battaglia / 更多...,詹姆斯·巴斯凯特 / 赫尔曼·宾 / 比利·布莱彻 / 爱德华·布罗菲 / Jim Carmichael,动画 / 歌舞 / 奇幻,美国,英语,1941-10-23(美国),64分钟,小象丹波 / Dumbo the Flying Elephant,tt0033563,8.4,38369,38.1%,46.7%
1304530,https://movie.douban.com/subject/1304530/,男人四十 (2002),许鞍华,岸西,张学友 / 梅艳芳 / 林嘉欣 / 庹宗华 / 谭俊彦 / 更多...,剧情,中国香港,粤语,2002-03-14(中国香港),103分钟,July Rhapsody,tt0312886,8.1,73082,25.5%,54.2%
1304608,https://movie.douban.com/subject/1304608/,剑鱼行动 Swordfish (2001),多米尼克·塞纳,斯基普·伍兹,约翰·特拉沃尔塔 / 休·杰克曼 / 哈莉·贝瑞 / 唐·钱德尔 / 山姆·谢泼德 / 更多...,动作 / 惊悚 / 犯罪,美国 / 澳大利亚,英语 / 德语,2001-06-08(美国),99分钟,极速爆劫(港) / 剑鱼(台) / 旗鱼行动,tt0244244,7.5,74667,15.9%,48.5%
1304641,https://movie.douban.com/subject/1304641/,红磨坊 Moulin Rouge! (2001),巴兹·鲁赫曼,巴兹·鲁赫曼 / 克雷格·皮尔斯,妮可·基德曼 / 伊万·麦克格雷格 / 约翰·雷吉扎莫 / 吉姆·布劳德本特 / 理查德·劳斯伯格 / 更多...,剧情 / 爱情 / 歌舞,澳大利亚 / 美国,英语 / 法语 / 西班牙语,2001-05-09(戛纳电影节) / 2001-05-24(澳大利亚) / 2001-06-01(美国),127 分钟,梦断花都 / 情陷红磨坊(港),tt0203009,7.8,145264,24.3%,47.2%
1304643,https://movie.douban.com/subject/1304643/,侏罗纪公园3 Jurassic Park III (2001),乔·庄斯顿,彼得·布奇曼 / 亚历山大·佩恩 / 迈克尔·克莱顿 / 吉姆·泰勒,山姆·尼尔 / 威廉·H·梅西 / 蒂娅·里欧妮 / 亚历桑德罗·尼沃拉 / 特拉沃·摩根 / 更多...,动作 / 科幻 / 惊悚 / 冒险,美国,英语,2002-01-23(中国大陆) / 2001-07-18(美国),92分钟,Jurassic Park 3,tt0163025,7.4,138623,16.2%,41.8%
1304648,https://movie.douban.com/subject/1304648/,自梳 (1997),张之亮,小唐,刘嘉玲 / 杨采妮 / 归亚蕾 / 李绮虹 / 赵文瑄 / 更多...,剧情 / 爱情 / 同性,中国香港,粤语 / 汉语普通话 / 英语,1997-10-23(韩国),117分钟,Intimates / Ji sor,tt0133028,8.7,72724,47.2%,40.7%
1304665,https://movie.douban.com/subject/1304665/,X圣治 CURE キュア (1997),黑泽清,黑泽清,役所广司 / 萩原圣人 / 氏木毅 / 中川安奈 / 洞口依子 / 更多...,悬疑 / 惊悚 / 恐怖 / 犯罪,日本,日语,1997-11-06(东京电影节) / 1997-12-27(日本),111分钟,救赎 / Cure / Kyua,tt0123948,8.2,30474,33.9%,45.4%
1304682,https://movie.douban.com/subject/1304682/,老鼠的麻烦 Mouse Trouble (1944),约瑟夫·巴伯拉 / 威廉·汉纳,约瑟夫·巴伯拉 / 威廉·汉纳,未知,喜剧 / 动画 / 短片 / 家庭,美国,英语,1944-11-23(美国),7 分钟,老鼠遇险,tt0037090,8.9,5096,57.5%,32.1%
1304708,https://movie.douban.com/subject/1304708/,游园惊梦 遊園驚夢 (2001),杨凡,杨凡,王祖贤 / 宫泽理惠 / 吴彦祖 / 赵志刚 / 陈克宇 / 更多...,剧情 / 爱情 / 同性,中国香港,汉语普通话,2001-04-06(中国香港),122分钟,满园春色香港版 / Peony Pavilion,tt0279523,7.6,83437,20.7%,43.8%
1304726,https://movie.douban.com/subject/1304726/,警察故事续集 警察故事續集 (1988),成龙,成龙 / 邓景生,成龙 / 张曼玉 / 陈国新 / 楚原 / 曹查理 / 更多...,喜剧 / 动作 / 犯罪,中国香港,粤语,1988-08-20(中国香港),106分钟 / 121分钟(加长版),警察故事2 / Police Story II,tt0095403,7.9,74484,22.6%,50.3%
1304826,https://movie.douban.com/subject/1304826/,夜半歌声 夜半歌聲 (1995),于仁泰,司徒慧焯 / 于仁泰 / 黄百鸣,张国荣 / 吴倩莲 / 黄磊 / 刘琳 / 司徒慧焯 / 更多...,剧情 / 爱情 / 惊悚 / 音乐,中国香港 / 中国大陆 / 新加坡,汉语普通话,1995-07-22(中国香港) / 2020-06-05(中国台湾重映),100分钟,新夜半歌声 / The Phantom Lover,tt0115016,7.9,73005,24.6%,49.1%
1304624,https://movie.douban.com/subject/1304624/,旺角卡门 旺角卡門 (1988),王家卫,王家卫,刘德华 / 张曼玉 / 张学友 / 万梓良 / 林蛟 / 黄斌 / 陈志辉 / 江道海 / 张叔平 / 王剑风,剧情 / 爱情 / 犯罪,中国香港,粤语,1988-06-09(中国香港),100分钟,热血男儿(台) / As Tears Go By,tt0096461,7.8,252561,22.0%,49.0%
1304854,https://movie.douban.com/subject/1304854/,律政俏佳人 Legally Blonde (2001),罗伯特·路克蒂克,阿曼达·布朗 / 凯伦·麦卡勒 / 克尔斯滕·史密斯,瑞茜·威瑟斯彭 / 卢克·威尔逊 / 塞尔玛·布莱尔 / 马修·戴维斯 / 维克多·加博 / 更多...,喜剧 / 爱情,美国,英语,2001-07-13(美国),96分钟,律政可人儿(港) / 金法尤物(台) / 来吧律师小妹,tt0250494,7.9,309619,25.0%,46.4%
1304899,https://movie.douban.com/subject/1304899/,速度与激情 The Fast and the Furious (2001),罗伯·科恩,肯·李 / 盖瑞·斯科特·汤普森 / 埃里克·伯吉斯特 / 大卫·阿耶,保罗·沃克 / 范·迪塞尔 / 米歇尔·罗德里格兹 / 乔丹娜·布鲁斯特 / 尹成植 / 更多...,动作 / 犯罪,美国 / 德国,英语,2001-06-22(美国),106分钟,狂野时速(港) / 玩命关头(台),tt0232500,7.9,223802,24.6%,48.5%
1304920,https://movie.douban.com/subject/1304920/,切腹 (1962),小林正树,泷口康彦 / 桥本忍,仲代达矢 / 石浜朗 / 岩下志麻 / 丹波哲郎 / 三岛雅夫 / 更多...,剧情 / 动作 / 悬疑,日本,日语,1962-09-16(日本),133分钟,剖腹 / Harakiri / Seppuku,tt0056058,9.4,59464,72.7%,23.0%
1304942,https://movie.douban.com/subject/1304942/,两小无猜 Melody (1971),瓦里丝·侯赛因,艾伦·帕克,马克·莱斯特 / 特雷西·海德 / 杰克·瓦尔德,剧情 / 爱情,英国,英语,1971-04-21(英国),103 分钟,青梅竹马,tt0067418,8.5,45699,42.2%,42.8%
1304970,https://movie.douban.com/subject/1304970/,猫的报恩 猫の恩返し (2002),森田宏幸,柊葵 / 吉田玲子,池胁千鹤 / 袴田吉彦 / 丹波哲郎 / 前田亚季 / 山田孝之 / 更多...,喜剧 / 动画 / 奇幻 / 冒险,日本,日语,2002-07-19(日本),75 分钟,猫之报恩 / Neko no ongaeshi / O Reino dos Gatos / The Cat Returns,tt0347618,8.2,245528,33.5%,46.5%
1304972,https://movie.douban.com/subject/1304972/,太极旗飘扬 태극기 휘날리며 (2004),姜帝圭,姜帝圭 / 韩知勋,张东健 / 元斌 / 李恩宙 / 孔炯轸 / 崔岷植 / 更多...,剧情 / 动作 / 战争,韩国,韩语,2004-02-06(韩国),148分钟,太极旗飘扬：生死有情(港) / 太极旗-生死兄弟(台) / 兄弟 / 战火兄弟情 / Brotherhood / Tae Guk Gi: The Brotherhood of War,tt0386064,8.3,94909,36.6%,45.6%
1304978,https://movie.douban.com/subject/1304978/,三只小猪 Three Little Pigs (1933),伯特·吉列特,Boris V. Morkovin,比利·布莱彻 / 品托·考维格 / Dorothy Compton / Mary Moder,喜剧 / 动画 / 短片 / 歌舞 / 家庭,美国,英语,1933-05-27(美国),8分46秒,,tt0024660,7.9,18923,23.7%,48.1%
1305032,https://movie.douban.com/subject/1305032/,四海本色 Night and the City (1950),朱尔斯·达辛,乔·艾辛格 / 杰拉尔德·克什 / 奥斯汀·登普斯特 / William E. Watts,理查德·威德马克 / 吉恩·蒂尔尼 / 乔姬·韦瑟斯 / 休·马洛威 / 弗朗西斯·L·沙利文 / 更多...,悬疑 / 惊悚 / 犯罪 / 运动 / 黑色电影,英国 / 美国,英语,1950-04(英国),101分钟 / 96分钟(美国),黑地狱 / 夜与城市,tt0042788,8.2,4169,29.8%,52.9%
1305046,https://movie.douban.com/subject/1305046/,双瞳 雙瞳 (2002),陈国富,苏照彬 / 陈国富,梁家辉 / 刘若英 / 戴立忍 / 大卫·摩斯 / 杨贵媚 / 更多...,剧情 / 悬疑 / 惊悚 / 犯罪,中国香港 / 中国台湾,汉语普通话 / 台语 / 英语,2002-10-25(中国台湾),113分钟,Double Vision,tt0284066,7.7,180771,21.9%,47.3%
1305053,https://movie.douban.com/subject/1305053/,红龙 Red Dragon (2002),布莱特·拉特纳,泰德·塔里 / 托马斯·哈里斯,安东尼·霍普金斯 / 爱德华·诺顿 / 拉尔夫·费因斯 / 哈威·凯特尔 / 艾米丽·沃森 / 更多...,惊悚 / 犯罪,美国 / 德国,英语 / 法语,2002-10-04(美国),124 分钟,沉默的赤龙(港) / 沉默的羔羊前传 / 红中,tt0289765,7.9,148817,23.1%,51.6%
1305065,https://movie.douban.com/subject/1305065/,公主日记 The Princess Diaries (2001),盖瑞·马歇尔,梅格·卡伯特 / 吉娜·温德科斯,朱莉·安德鲁斯 / 安妮·海瑟薇 / 埃克托尔·埃利松多 / 希瑟·玛塔拉佐 / 曼迪·摩尔 / 更多...,喜剧 / 爱情 / 家庭,美国 / 英国,英语 / 荷兰语 / 意大利语,2001-08-03(美国),115分钟,走佬俏公主(港) / 麻雀变公主(台),tt0247638,7.6,378429,18.8%,47.1%
1304898,https://movie.douban.com/subject/1304898/,训练日 Training Day (2001),安东尼·福奎阿,大卫·阿耶,丹泽尔·华盛顿 / 伊桑·霍克 / 斯科特·格伦 / 汤姆·贝伦杰 / 哈里斯·于林 / 雷蒙德·J·巴里 / 克利夫·柯蒂斯 / 德瑞博士 / 史努比狗狗 / 玛西·格雷 / 夏洛特·阿雅娜 / 伊娃·门德斯 / 尼克·齐兰德 / Jaime Gomez / 雷蒙德·克鲁斯 / 诺尔·古格雷米 / Samantha Esteban / 弗兰·克朗茨 / 萨拉·丹尼尔·马迪森 / 威尔·斯图尔特 / 丹泽尔·惠特克 / 大卫·阿耶 / 泰瑞·克鲁斯 / 彼得·格林 / 娜姆拉塔辛格古吉尔 / 盖瑞·罗德里格斯,剧情 / 惊悚 / 犯罪,美国,英语 / 俄语 / 西班牙语 / 韩语 / 希腊语,2001-09-02(威尼斯电影节) / 2001-10-05(美国),122分钟,边缘特训(港) / 震撼教育(台),tt0139654,8.1,106738,26.2%,53.3%
1305103,https://movie.douban.com/subject/1305103/,四渡赤水 (1983),谷德显 / 蔡继渭,黎明 / 王昊 / 王愿坚 / 李传弟,古月 / 苏林 / 刘怀正 / 傅学诚 / 卢志启 / 更多...,战争,中国大陆,汉语普通话,1983,156分钟,Crossing the Chishui River Four Times,tt0344331,8.8,10046,54.9%,31.5%
1305114,https://movie.douban.com/subject/1305114/,山村老尸 山村老屍 (1999),梁鸿华,梁鸿华,吴镇宇 / 黎姿 / 海俊杰 / 莫家尧 / 施念慈 / 更多...,恐怖,中国香港,粤语,1999-11-04(中国香港),85分钟,The Wicked Ghost,tt0344290,6.9,110615,15.5%,30.8%
1305096,https://movie.douban.com/subject/1305096/,白头神探2½：恐怖的气味 The Naked Gun 2½: The Smell of Fear (1991),大卫·扎克,吉姆·艾布拉姆斯 / 大卫·扎克 / 杰瑞·扎克 / 帕特·普罗夫特,莱斯利·尼尔森 / 普瑞希拉·普雷斯利 / 乔治·肯尼迪 / O·J·辛普森 / 罗伯特·顾雷特 / 更多...,喜剧 / 犯罪,美国,英语 / 西班牙语,1991-06-28,85分钟,白头神探再显神威 / 白头神探2 / 站在子弹上的男人 / The Naked Gun 2 1/2: The Smell of Fear / 白头神探 2 1/2：恐怖的气味,tt0102510,8,26604,26.6%,47.7%
1305158,https://movie.douban.com/subject/1305158/,出水芙蓉 Bathing Beauty (1944),乔治·西德尼,阿伦·博雷茨 / 弗兰克·瓦尔德曼 / 多萝西·金斯利 / 约瑟夫·施兰克 / 柯蒂斯·凯尼恩 / 更多...,雷德·斯克尔顿 / 埃丝特·威廉斯 / 巴兹尔·拉思伯恩 / 比尔·戈德温 / 简·波特 / 更多...,喜剧 / 歌舞,美国,英语 / 西班牙语 / 法语,1944-06-27(美国),101分钟,Escuela de sirenas / Le bal des sirènes,tt0036628,8.5,32469,40.0%,45.1%
1305179,https://movie.douban.com/subject/1305179/,大丈夫 (2003),彭浩翔,彭浩翔 / 叶念琛 / 李敏,曾志伟 / 陈小春 / 杜汶泽 / 贾宗超 / 毛舜筠 / 更多...,剧情 / 喜剧,中国香港,粤语 / 普通话,2003-09-11(中国香港),98 分钟,大丈夫之暗战男女 / Men Suddenly in Black,tt0380291,7.5,48905,17.5%,46.7%
1305164,https://movie.douban.com/subject/1305164/,甜蜜蜜 (1996),陈可辛,岸西,黎明 / 张曼玉 / 杨恭如 / 曾志伟 / 杜可风 / 更多...,剧情 / 爱情,中国香港,粤语 / 汉语普通话 / 英语,2015-02-13(中国大陆) / 1996-11-02(中国香港),118分钟(中国大陆) / 116分钟(台湾),Comrades: Almost a Love Story,tt0117905,8.9,678423,55.6%,36.0%
1305182,https://movie.douban.com/subject/1305182/,红河谷 (1996),冯小宁,冯小宁,宁静 / 邵兵 / 应真 / 保罗·克塞 / Nicholas Love,剧情 / 爱情 / 历史 / 战争,中国大陆,英语 / 汉语普通话,1996-04-25(中国大陆) / 1997-11-01(上海国际电影节),115分钟(美国),Red River Valley / A Tale of Sacred Mountain,tt0223998,7.9,66466,24.5%,50.0%
1305201,https://movie.douban.com/subject/1305201/,黄飞鸿之铁鸡斗蜈蚣 黃飛鴻之鐵雞鬥蜈蚣 (1993),王晶,王晶,李连杰 / 张敏 / 张卫健 / 陈百祥 / 袁咏仪 / 更多...,喜剧 / 动作 / 历史 / 武侠,中国香港,粤语,1993-04-01(中国香港),111分钟,Last Hero in China / Deadly China Hero / Claws of Steel / Iron Rooster Vs. Centipede,tt0108593,7.4,64340,14.9%,42.2%
1305217,https://movie.douban.com/subject/1305217/,鬼马小精灵 Casper (1995),布拉德·塞伯宁,约瑟夫·奥廖洛 / 谢里·斯托纳 / 迪安娜·奥利弗,克里斯蒂娜·里奇 / 艾瑞克·爱都 / 本·斯坦 / 比尔·普尔曼 / 昌西·莱奥普拉迪 / 更多...,喜剧 / 奇幻,美国,英语,1995-05-26(美国),100 分钟,卡斯珀 / 鬼马小灵精,tt0112642,8.1,30144,29.4%,48.9%
1305197,https://movie.douban.com/subject/1305197/,97家有喜事 97家有囍事 (1997),张坚庭,黄百鸣 / 谷德昭,周星驰 / 黄百鸣 / 吴镇宇 / 乔宏 / 伍咏薇 / 更多...,喜剧,中国香港,粤语,1997-02-06(中国香港),90 分钟,"喜事一家亲 / 都市恋情 / All's Well, Ends Well 1997",tt0118591,7.7,117029,22.3%,44.2%
1305224,https://movie.douban.com/subject/1305224/,寻枪 (2002),陆川,陆川,姜文 / 宁静 / 伍宇娟 / 刘小宁 / 魏小平 / 更多...,剧情 / 悬疑 / 犯罪,中国大陆,贵州话,2002-05-09(中国大陆),90分钟,The Missing Gun,tt0342778,7.8,137556,20.0%,54.3%
1305248,https://movie.douban.com/subject/1305248/,来自地狱 From Hell (2001),艾尔伯特·休斯 / 艾伦·休斯,阿兰·摩尔 / 艾迪·坎贝尔 / 特里·海斯 / 拉斐尔·依格雷西亚斯,约翰尼·德普 / 海瑟·格拉汉姆 / 伊安·霍姆 / 罗彼·考特拉尼 / 伊恩·理查森 / 更多...,悬疑 / 惊悚 / 恐怖,美国 / 捷克 / 英国,英语,2001-10-19(美国),122分钟,开膛手杰克 / 开膛手 / 屠出地狱,tt0120681,7.2,32706,12.5%,41.0%
1305261,https://movie.douban.com/subject/1305261/,恐怖分子 恐怖份子 (1986),杨德昌,小野 / 杨德昌,缪骞人 / 李立群 / 金士杰 / 顾宝明 / 刘明 / 更多...,剧情 / 犯罪,中国台湾,汉语普通话 / 闽南语,1986-12-19(中国台湾),109 分钟,请假装你会舍不得我 / The Terrorist / Terrorizers / Horror Horror Minute Child / Kyofu bunshi,tt0091355,9,104971,57.5%,34.8%
1305279,https://movie.douban.com/subject/1305279/,色即是空 색즉시공 (2002),尹济均,尹济均,任昌丁 / 河智苑 / 崔成国 / 刘彩英 / 陈彩英 / 更多...,喜剧 / 爱情 / 情色,韩国,韩语,2002-12-13(韩国),96分钟,我班Friend好搞嘢(港) / Sex Is Zero,tt0341555,7.3,130152,17.5%,38.7%
1305306,https://movie.douban.com/subject/1305306/,心慌方2：超立方体 Cube 2: Hypercube (2002),安德列·塞库拉,希恩·胡德 / 厄尼·巴巴拉什 / Lauren McLaughlin,卡瑞·玛切特 / 格兰特·维恩·戴维斯 / 格蕾丝·林恩·孔 / 马修·弗格森 / 尼尔·克容 / 更多...,科幻 / 悬疑 / 惊悚 / 恐怖,加拿大,英语,2002-04-15(美国),94分钟,异次元杀阵2：超级立方体 / 心慌方·超立方体 / Cube²: Hypercube,tt0285492,6.8,70148,11.7%,30.6%
1305323,https://movie.douban.com/subject/1305323/,死亡之夜 Dead of Night (1945),阿尔贝托·卡瓦尔康蒂 / 巴兹尔·迪尔登 / 查尔斯·克莱顿 / 罗伯特·哈默,安格斯·麦克费尔 / E·F·本森 / H·G·威尔斯 H.G. Wells / John Baines / T·E·B·克拉克,默文·约翰斯 / 罗兰·卡尔弗 / 玛丽·梅罗尔 / 乔姬·韦瑟斯 / 弗雷德里克·瓦尔克 / 更多...,悬疑 / 惊悚 / 恐怖,英国,英语 / 法语,1945-09-04,103 分钟 / USA: 77 分钟 / Germany: 95 分钟,深夜,tt0037635,8.7,9756,48.8%,40.9%
1305333,https://movie.douban.com/subject/1305333/,终结者3 Terminator 3: Rise of the Machines (2003),乔纳森·莫斯托,约翰·布兰卡托 / 迈克尔·费里斯 / 詹姆斯·卡梅隆 / 盖尔·安妮·赫德 / Tedi Sarafian,阿诺·施瓦辛格 / 尼克·斯塔尔 / 克莱尔·丹尼斯 / 克里斯塔娜·洛肯 / 大卫·安德鲁斯 / 更多...,动作 / 科幻 / 惊悚,美国 / 德国 / 英国,英语,2003-08-29(中国大陆) / 2003-07-02(美国),109 分钟,未来战士3：歼灭者TX(港) / 魔鬼终结者3(台) / 终结者3：机器的觉醒 / T3,tt0181852,7.4,138022,16.5%,42.8%
1305355,https://movie.douban.com/subject/1305355/,审死官 審死官 (1992),杜琪峰,邵丽琼,周星驰 / 梅艳芳 / 吴家丽 / 吴孟达 / 秦沛 / 更多...,喜剧 / 古装,中国香港,粤语,1992-07-02(中国香港),102 分钟,"威龙闯天关(台) / Justice, My Foot!",tt0105385,7.9,242698,26.2%,47.2%
1305363,https://movie.douban.com/subject/1305363/,站直啰，别趴下 (1993),黄建新,黄建新,冯巩 / 牛振华 / 达式常 / 张鹭 / 傅丽莉 / 更多...,喜剧,中国大陆,汉语普通话,1993-11-06(中国大陆),116分钟,"站直鹋肯 / Stand Straight, Don't Bend Over",tt0108651,8.4,40235,33.9%,52.7%
1305388,https://movie.douban.com/subject/1305388/,世界奇妙物语 电影特别篇 世にも奇妙な物語 映画の特別編 (2000),小椋久雄 / 星护 / 铃木雅之 / 落合正幸,相泽友子 / 君塚良一 / Motoki Nakamura / Masayuki Ochiai / Katsuhide Suzuki,中井贵一 / 山本耕史 / 柏原崇 / 稻森泉 / 奥菜惠 / 更多...,喜剧 / 爱情 / 恐怖 / 奇幻,日本,日语 / 英语 / 法语,2000-11-03(日本),126 分钟,世界奇妙物语 2000电影特别篇 / 世界奇妙物语 2000电影版,tt0293984,8.3,9008,33.2%,50.0%
1305440,https://movie.douban.com/subject/1305440/,亚飞与亚基 亞飛与亞基 (1992),柯受良,马伟豪 / 阮世生 / 张志成,梁朝伟 / 张学友 / 袁咏仪 / 曾志伟 / 汤镇业 / 更多...,喜剧,中国香港,粤语,1992-08-06,91 分钟,亚飞与亚基：错在黑社会的日子 / 咖喱辣椒II亚飞与亚基 / 阿飞与阿基 / The Days of Being Dumb,tt0105864,7.7,25964,20.5%,45.7%
1305456,https://movie.douban.com/subject/1305456/,不忠 Unfaithful (2002),阿德里安·莱恩,克洛德·夏布洛尔 / 阿尔文·萨金特 / 小威廉·保尔斯,戴安·琳恩 / 埃里克·佩尔·沙利文 / 理查·基尔 / 奥利维埃·马丁内斯 / 迈拉·卢克利希亚·泰勒 / 更多...,剧情 / 惊悚 / 情色 / 家庭,美国 / 德国 / 法国,英语 / 法语,2002-05-10(美国),124 分钟 / 125 分钟(西班牙),不忠诱罪(港) / 出轨(台),tt0250797,7.6,82107,17.6%,47.8%
1305487,https://movie.douban.com/subject/1305487/,猫鼠游戏 Catch Me If You Can (2002),史蒂文·斯皮尔伯格,杰夫·内桑森,莱昂纳多·迪卡普里奥 / 汤姆·汉克斯 / 克里斯托弗·沃肯 / 马丁·辛 / 艾米·亚当斯 / 更多...,剧情 / 传记 / 犯罪,美国 / 加拿大,英语 / 法语,2003-04-11(中国大陆) / 2002-12-16(洛杉矶首映) / 2002-12-25(美国),141 分钟,逍遥法外 / 捉智双雄(港) / 神鬼交锋(台) / 我知道你是谁 / 有种来抓我,tt0264464,9.1,1215250,61.5%,33.1%
1305530,https://movie.douban.com/subject/1305530/,收件人不详 수취인불명 (2001),金基德,金基德,杨东根 / 金永敏 / 方银振 / 明桂南 / 曹在显,剧情 / 战争,韩国,韩语 / 英语,2001-06-02(韩国),119 分钟,收件人不明 / 打回头的情书(港) / Address Unknown,tt0284815,8.3,39581,32.6%,50.1%
1305552,https://movie.douban.com/subject/1305552/,战地摄影师 War Photographer (2002),克里斯蒂安·弗雷,未知,James Nachtwey / Christiane Amanpour / Hans-Hermann Klare,纪录片 / 战争,瑞士,英语 / 德语,2002-03-05,96 分钟,,tt0309061,9,5370,58.1%,33.4%
1305566,https://movie.douban.com/subject/1305566/,撕裂的末日 Equilibrium (2002),科特·维莫,科特·维莫,克里斯蒂安·贝尔 / 泰雅·迪格斯 / 艾米丽·沃森 / 安古斯·麦克菲登 / 多米尼克·珀塞尔 / 更多...,剧情 / 动作 / 科幻 / 惊悚,美国,英语,2002-12-06(美国),107分钟,重装任务 / 平衡,tt0238380,7.5,44899,18.0%,45.7%
1305582,https://movie.douban.com/subject/1305582/,超级学校霸王 超級學校霸王 (1993),王晶,王晶,张卫健 / 郑伊健 / 刘德华 / 张学友 / 郭富城 / 更多...,喜剧 / 动作 / 奇幻,中国香港,粤语,1993-07-15(中国香港),95 分钟(香港),超级街头霸王 / Future Cops,tt0106545,7.6,85352,20.8%,42.4%
1305605,https://movie.douban.com/subject/1305605/,黄色潜水艇 Yellow Submarine (1968),乔治·杜宁,Lee Minoff / 阿尔·布罗德克斯 / Jack Mendelsohn / 埃里奇·西格尔,The Beatles / 保罗·安吉利斯 / 约翰·克莱夫 / 迪克·埃默里 / 杰弗里·休斯 / 更多...,喜剧 / 动画 / 音乐 / 奇幻 / 冒险,英国 / 美国,英语,1968-07-17(英国) / 2018-07-08(美国重映),90分钟,黄色潜艇 / 黄色的潜水艇 / The Beatles' Yellow Submarine,tt0063823,8.9,15207,57.2%,32.4%
1305606,https://movie.douban.com/subject/1305606/,倩女幽魂 (1960),李翰祥,王月汀 / 蒲松龄,乐蒂 / 赵雷 / 杨志卿 / 唐若青 / 郝履仁,爱情 / 恐怖 / 奇幻 / 古装,中国香港,汉语普通话,1960-08-17(中国香港),83分钟,The Enchanting Shadow,tt0059029,7.8,6535,21.0%,49.4%